"Realized Gain/Loss - Lot Details for All_Accounts as of Sat Mar 14  23:31:15 EDT 2026 from 01/01/2024 to 03/14/2026","","","","","","","","","","","","","","","","","","","","","","","",""
"Trading Book ...005","","","","","","","","","","","","","","","","","","","","","","","",""
"Symbol","Name","Closed Date","Opened Date","Quantity","Proceeds Per Share","Cost Per Share","Proceeds","Cost Basis (CB)","Gain/Loss ($)","Gain/Loss (%)","Long Term Gain/Loss","Short Term Gain/Loss","Term","Unadjusted Cost Basis","Wash Sale?","Disallowed Loss","Transaction Closed Date","Transaction Cost Basis","Total Transaction Gain/Loss ($)","Total Transaction Gain/Loss (%)","LT Transaction Gain/Loss ($)","LT Transaction Gain/Loss (%)","ST Transaction Gain/Loss ($)","ST Transaction Gain/Loss (%)"
"USO","UNITED STATES OIL","03/13/2026","03/11/2026","24","$114.46","$115.97","$2,747.04","$2,783.38","-$36.34","-1.305606852101%","","-$36.34","Short Term","$2,783.38","No","","03/13/2026","","","","","","",""
"USO","UNITED STATES OIL","03/13/2026","03/09/2026","1","$114.46","$121.82","$114.46","$121.82","$0.00","0%","","$0.00","Short Term","$121.82","Yes","$7.36","03/13/2026","","","","","","",""
"MU","MICRON TECHNOLOGY IN","03/11/2026","03/09/2026","30","$413.20","$387.35","$12,395.99","$11,620.50","$775.49","6.673464997203%","","$775.49","Short Term","$11,620.50","No","","03/11/2026","","","","","","",""
"CRCL","CIRCLE INTERNET GROU A","02/27/2026","02/25/2026","20","$83.44","$72.68","$1,668.80","$1,453.66","$215.14","14.799884429647%","","$215.14","Short Term","$1,453.66","No","","02/27/2026","","","","","","",""
"ETN","EATON CORP PLC","02/26/2026","02/12/2026","20","$365.16","$392.40","$7,303.20","$7,848.00","-$544.80","-6.941896024465%","","-$544.80","Short Term","$7,848.00","No","","02/26/2026","","","","","","",""
"VRT","VERTIV HLDGS CO CLASS A","02/26/2026","02/26/2026","10","$245.65","$264.49","$2,456.52","$2,644.88","-$188.36","-7.121684159584%","","-$188.36","Short Term","$2,644.88","No","","02/26/2026","","","","","","",""
"CRCL","CIRCLE INTERNET GROU A","02/25/2026","02/25/2026","30","$79.08","$72.68","$2,372.39","$2,180.49","$191.90","8.800774137923%","","$191.90","Short Term","$2,180.49","No","","02/25/2026","","","","","","",""
"HOOD","ROBINHOOD MKTS INC CLASS A","02/23/2026","02/17/2026","100","$74.21","$75.55","$7,420.98","$7,555.00","$0.00","0%","","$0.00","Short Term","$7,555.00","Yes","$134.02","02/23/2026","","","","","","",""
"RKLB","ROCKET LAB CORP CLASS A","02/19/2026","02/18/2026","50","$73.95","$71.46","$3,697.49","$3,572.76","$124.73","3.491138503566%","","$124.73","Short Term","$3,572.76","No","","02/19/2026","","","","","","",""
"CRDO","CREDO TECHNOLOGY GRO","02/11/2026","02/10/2026","15","$124.37","$137.99","$1,865.55","$2,069.85","-$204.30","-9.870280455105%","","-$204.30","Short Term","$2,069.85","No","","02/11/2026","","","","","","",""
"CRDO","CREDO TECHNOLOGY GRO","02/11/2026","02/10/2026","15","$123.86","$137.99","$1,857.90","$2,069.85","-$211.95","-10.239872454526%","","-$211.95","Short Term","$2,069.85","No","","02/11/2026","","","","","","",""
"LRCX","LAM RESH CORP","02/11/2026","02/11/2026","20","$233.73","$230.32","$4,674.60","$4,606.40","$68.20","1.480548801667%","","$68.20","Short Term","$4,606.40","No","","02/11/2026","","","","","","",""
"U","UNITY SOFTWARE INC","02/11/2026","02/09/2026","100","$21.94","$27.75","$2,194.14","$2,775.00","-$580.86","-20.931891891892%","","-$580.86","Short Term","$2,775.00","No","","02/11/2026","","","","","","",""
"U","UNITY SOFTWARE INC","02/11/2026","02/09/2026","100","$22.00","$27.75","$2,199.98","$2,775.00","-$575.02","-20.721441441441%","","-$575.02","Short Term","$2,775.00","No","","02/11/2026","","","","","","",""
"U","UNITY SOFTWARE INC","02/11/2026","02/09/2026","1","$22.02","$27.75","$22.02","$27.75","-$5.73","-20.648648648649%","","-$5.73","Short Term","$27.75","No","","02/11/2026","","","","","","",""
"APP","APPLOVIN CORP CLASS A","02/10/2026","02/10/2026","10","$471.00","$472.76","$4,710.00","$4,727.58","-$17.58","-0.371860444456%","","-$17.58","Short Term","$4,727.58","No","","02/10/2026","","","","","","",""
"CRWV","COREWEAVE INC A","02/10/2026","02/09/2026","60","$96.00","$95.40","$5,759.99","$5,724.00","$35.99","0.628756114605%","","$35.99","Short Term","$5,724.00","No","","02/10/2026","","","","","","",""
"SNDK","SANDISK CORP","02/09/2026","01/08/2026","1","$562.60","$319.86","$562.60","$319.86","$242.74","75.88945163509%","","$242.74","Short Term","$319.86","No","","02/09/2026","","","","","","",""
"","","","","","","","","","","","","","","","","","","","","","","","",""
"Monica ...819","","","","","","","","","","","","","","","","","","","","","","","",""
"Symbol","Name","Closed Date","Opened Date","Quantity","Proceeds Per Share","Cost Per Share","Proceeds","Cost Basis (CB)","Gain/Loss ($)","Gain/Loss (%)","Long Term Gain/Loss","Short Term Gain/Loss","Term","Unadjusted Cost Basis","Wash Sale?","Disallowed Loss","Transaction Closed Date","Transaction Cost Basis","Total Transaction Gain/Loss ($)","Total Transaction Gain/Loss (%)","LT Transaction Gain/Loss ($)","LT Transaction Gain/Loss (%)","ST Transaction Gain/Loss ($)","ST Transaction Gain/Loss (%)"
"AVGO","BROADCOM INC","03/11/2026","03/05/2026","30","$339.53","$333.58","$10,186.04","$10,007.40","$178.64","1.785079041509%","","$178.64","Short Term","$10,007.40","No","","03/11/2026","","","","","","",""
"MRVL","MARVELL TECHNOLOGY I","03/10/2026","03/06/2026","100","$93.01","$86.94","$9,300.67","$8,693.99","$606.68","6.978153874113%","","$606.68","Short Term","$8,693.99","No","","03/10/2026","","","","","","",""
"SHOP","SHOPIFY INC CLASS A","03/06/2026","01/28/2026","48","$129.00","$134.74","$6,191.98","$6,467.66","$19.11","0.295470077277%","","$19.11","Short Term","$6,467.66","Yes","$294.79","03/06/2026","$12,158.50","$741.48","6.098449644282%","","","$741.48","6.098449644281778%"
"SHOP","SHOPIFY INC CLASS A","03/06/2026","01/26/2026","1","$129.00","$133.31","$129.00","$133.31","-$4.31","-3.233065786513%","","-$4.31","Short Term","$133.31","No","","03/06/2026","$12,158.50","$741.48","6.098449644282%","","","$741.48","6.098449644281778%"
"SHOP","SHOPIFY INC CLASS A","03/06/2026","01/22/2026","25","$129.00","$137.16","$3,225.00","$3,429.02","-$204.02","-5.949804900526%","","-$204.02","Short Term","$3,429.02","No","","03/06/2026","$12,158.50","$741.48","6.098449644282%","","","$741.48","6.098449644281778%"
"SHOP","SHOPIFY INC CLASS A","03/06/2026","01/21/2026","25","$129.00","$145.08","$3,225.00","$3,626.94","$0.00","0%","","$0.00","Short Term","$3,626.94","Yes","$401.94","03/06/2026","$12,158.50","$741.48","6.098449644282%","","","$741.48","6.098449644281778%"
"SHOP","SHOPIFY INC CLASS A","03/06/2026","10/01/2025","1","$129.00","$130.69","$129.00","$130.69","-$1.69","-1.293136429719%","","-$1.69","Short Term","$130.69","No","","03/06/2026","$12,158.50","$741.48","6.098449644282%","","","$741.48","6.098449644281778%"
"AAPL","APPLE INC","03/02/2026","02/03/2026","20","$261.58","$269.69","$5,231.68","$5,393.80","$0.00","0%","","$0.00","Short Term","$5,393.80","Yes","$162.12","03/02/2026","","","","","","",""
"EWJ","ISHARES MSCI JAPAN ETF","03/02/2026","02/09/2026","100","$91.57","$91.01","$9,157.48","$9,100.70","$56.78","0.623908051029%","","$56.78","Short Term","$9,100.70","No","","03/02/2026","","","","","","",""
"INTU","INTUIT","03/02/2026","02/22/2026","10","$402.00","$402.81","$4,020.02","$4,028.12","-$8.10","-0.201086362869%","","-$8.10","Short Term","$4,028.12","No","","03/02/2026","$18,809.25","$1,290.87","6.862953068304%","","","$1,290.87","6.862953068304164%"
"INTU","INTUIT","03/02/2026","02/20/2026","40","$402.00","$409.30","$16,080.10","$16,371.99","-$72.97","-0.445700247801%","","-$72.97","Short Term","$16,371.99","Yes","$218.92","03/02/2026","$18,809.25","$1,290.87","6.862953068304%","","","$1,290.87","6.862953068304164%"
"KKR","KKR & CO INC","02/27/2026","11/07/2025","20","$87.58","$118.39","$1,751.59","$2,367.80","-$616.21","-26.024579778698%","","-$616.21","Short Term","$2,367.80","No","","02/27/2026","$12,007.28","-$3,249.30","-27.061082943015%","","","-$3,249.30","-27.061082943014576%"
"KKR","KKR & CO INC","02/27/2026","10/20/2025","50","$87.58","$119.54","$4,378.99","$5,977.00","-$958.81","-16.041659695499%","","-$958.81","Short Term","$5,977.00","Yes","$639.20","02/27/2026","$12,007.28","-$3,249.30","-27.061082943015%","","","-$3,249.30","-27.061082943014576%"
"KKR","KKR & CO INC","02/27/2026","10/13/2025","20","$87.58","$120.25","$1,751.60","$2,405.00","$0.00","0%","","$0.00","Short Term","$2,405.00","Yes","$653.40","02/27/2026","$12,007.28","-$3,249.30","-27.061082943015%","","","-$3,249.30","-27.061082943014576%"
"KKR","KKR & CO INC","02/27/2026","09/03/2025","10","$87.58","$140.11","$875.80","$1,401.08","$0.00","0%","","$0.00","Short Term","$1,401.08","Yes","$525.28","02/27/2026","$12,007.28","-$3,249.30","-27.061082943015%","","","-$3,249.30","-27.061082943014576%"
"SHOP","SHOPIFY INC CLASS A","02/27/2026","01/24/2026","48","$121.40","$134.56","$5,827.18","$6,458.77","$0.00","0%","","$0.00","Short Term","$6,458.77","Yes","$631.59","02/27/2026","$11,818.36","$321.62","2.72135897028%","","","$321.62","2.72135897028014%"
"SHOP","SHOPIFY INC CLASS A","02/27/2026","01/22/2026","1","$121.40","$133.12","$121.40","$133.12","$0.00","0%","","$0.00","Short Term","$133.12","Yes","$11.72","02/27/2026","$11,818.36","$321.62","2.72135897028%","","","$321.62","2.72135897028014%"
"SHOP","SHOPIFY INC CLASS A","02/27/2026","01/18/2026","25","$121.40","$136.98","$3,035.00","$3,424.39","$0.00","0%","","$0.00","Short Term","$3,424.39","Yes","$389.39","02/27/2026","$11,818.36","$321.62","2.72135897028%","","","$321.62","2.72135897028014%"
"SHOP","SHOPIFY INC CLASS A","02/27/2026","01/17/2026","25","$121.40","$144.89","$3,035.00","$3,622.31","$0.00","0%","","$0.00","Short Term","$3,622.31","Yes","$587.31","02/27/2026","$11,818.36","$321.62","2.72135897028%","","","$321.62","2.72135897028014%"
"SHOP","SHOPIFY INC CLASS A","02/27/2026","09/27/2025","1","$121.40","$130.51","$121.40","$130.51","$0.00","0%","","$0.00","Short Term","$130.51","Yes","$9.11","02/27/2026","$11,818.36","$321.62","2.72135897028%","","","$321.62","2.72135897028014%"
"ZETA","ZETA GLOBAL HLDGS CO CLASS A","02/27/2026","02/18/2026","250","$17.62","$15.95","$4,405.93","$3,987.45","$418.48","10.494927836086%","","$418.48","Short Term","$3,987.45","No","","02/27/2026","","","","","","",""
"ZETA","ZETA GLOBAL HLDGS CO CLASS A","02/27/2026","02/18/2026","250","$17.39","$15.95","$4,348.30","$3,987.45","$360.85","9.049643255715%","","$360.85","Short Term","$3,987.45","No","","02/27/2026","","","","","","",""
"TTD","THE TRADE DESK INC CLASS A","02/25/2026","11/10/2025","100","$21.70","$44.21","$2,169.98","$4,420.71","-$2,250.73","-50.913314829518%","","-$2,250.73","Short Term","$4,420.71","No","","02/25/2026","$15,153.46","-$7,558.53","-49.879895416624%","","","-$7,558.53","-49.879895416624315%"
"TTD","THE TRADE DESK INC CLASS A","02/25/2026","11/07/2025","50","$21.70","$42.71","$1,084.99","$2,135.30","-$1,050.31","-49.187936121388%","","-$1,050.31","Short Term","$2,135.30","No","","02/25/2026","$15,153.46","-$7,558.53","-49.879895416624%","","","-$7,558.53","-49.879895416624315%"
"TTD","THE TRADE DESK INC CLASS A","02/25/2026","10/13/2025","100","$21.70","$55.01","$2,169.98","$5,500.93","-$3,330.95","-60.552488397416%","","-$3,330.95","Short Term","$5,500.93","No","","02/25/2026","$15,153.46","-$7,558.53","-49.879895416624%","","","-$7,558.53","-49.879895416624315%"
"TTD","THE TRADE DESK INC CLASS A","02/25/2026","09/01/2025","50","$21.70","$52.08","$1,084.99","$2,603.79","-$1,518.80","-58.330356902822%","","-$1,518.80","Short Term","$2,603.79","No","","02/25/2026","$15,153.46","-$7,558.53","-49.879895416624%","","","-$7,558.53","-49.879895416624315%"
"TTD","THE TRADE DESK INC CLASS A","02/25/2026","04/09/2025","50","$21.70","$60.72","$1,084.99","$3,035.98","-$1,950.99","-64.262281042695%","","-$1,950.99","Short Term","$3,035.98","No","","02/25/2026","$15,153.46","-$7,558.53","-49.879895416624%","","","-$7,558.53","-49.879895416624315%"
"INTU","INTUIT","02/23/2026","02/20/2026","10","$357.45","$384.08","$3,574.53","$3,840.80","$0.00","0%","","$0.00","Short Term","$3,840.80","Yes","$266.27","02/23/2026","","","","","","",""
"INTU","INTUIT","02/23/2026","02/18/2026","40","$357.45","$390.57","$14,298.14","$15,622.73","$0.00","0%","","$0.00","Short Term","$15,622.73","Yes","$1,324.59","02/23/2026","","","","","","",""
"SHOP","SHOPIFY INC CLASS A","02/23/2026","01/22/2026","49","$123.84","$140.40","$6,067.99","$6,879.60","$0.00","0%","","$0.00","Short Term","$6,879.60","Yes","$811.61","02/23/2026","$14,042.85","-$1,659.18","-11.815122998537%","","","-$1,659.18","-11.815122998536628%"
"SHOP","SHOPIFY INC CLASS A","02/23/2026","01/16/2026","25","$123.84","$149.71","$3,095.92","$3,742.76","$0.00","0%","","$0.00","Short Term","$3,742.76","Yes","$646.84","02/23/2026","$14,042.85","-$1,659.18","-11.815122998537%","","","-$1,659.18","-11.815122998536628%"
"SHOP","SHOPIFY INC CLASS A","02/23/2026","01/15/2026","25","$123.84","$162.18","$3,095.92","$4,054.43","$0.00","0%","","$0.00","Short Term","$4,054.43","Yes","$958.51","02/23/2026","$14,042.85","-$1,659.18","-11.815122998537%","","","-$1,659.18","-11.815122998536628%"
"SHOP","SHOPIFY INC CLASS A","02/23/2026","09/25/2025","1","$123.84","$143.25","$123.84","$143.25","$0.00","0%","","$0.00","Short Term","$143.25","Yes","$19.41","02/23/2026","$14,042.85","-$1,659.18","-11.815122998537%","","","-$1,659.18","-11.815122998536628%"
"SHOP","SHOPIFY INC CLASS A","02/23/2026","01/22/2026","25","$123.66","$146.06","$3,091.45","$3,651.62","$0.00","0%","","$0.00","Short Term","$3,651.62","Yes","$560.17","02/23/2026","$11,889.62","$476.16","4.004837833337%","","","$476.16","4.004837833336978%"
"SHOP","SHOPIFY INC CLASS A","02/23/2026","01/22/2026","23","$123.66","$133.12","$2,844.11","$3,061.84","$0.00","0%","","$0.00","Short Term","$3,061.84","Yes","$217.73","02/23/2026","$11,889.62","$476.16","4.004837833337%","","","$476.16","4.004837833336978%"
"SHOP","SHOPIFY INC CLASS A","02/23/2026","01/22/2026","1","$123.66","$140.40","$123.66","$140.40","$0.00","0%","","$0.00","Short Term","$140.40","Yes","$16.74","02/23/2026","$11,889.62","$476.16","4.004837833337%","","","$476.16","4.004837833336978%"
"SHOP","SHOPIFY INC CLASS A","02/23/2026","01/16/2026","25","$123.66","$142.43","$3,091.45","$3,560.84","$0.00","0%","","$0.00","Short Term","$3,560.84","Yes","$469.39","02/23/2026","$11,889.62","$476.16","4.004837833337%","","","$476.16","4.004837833336978%"
"SHOP","SHOPIFY INC CLASS A","02/23/2026","01/15/2026","25","$123.66","$150.35","$3,091.45","$3,758.76","$0.00","0%","","$0.00","Short Term","$3,758.76","Yes","$667.31","02/23/2026","$11,889.62","$476.16","4.004837833337%","","","$476.16","4.004837833336978%"
"SHOP","SHOPIFY INC CLASS A","02/23/2026","09/25/2025","1","$123.66","$135.97","$123.66","$135.97","$0.00","0%","","$0.00","Short Term","$135.97","Yes","$12.31","02/23/2026","$11,889.62","$476.16","4.004837833337%","","","$476.16","4.004837833336978%"
"DASH","DOORDASH INC A","02/19/2026","02/06/2026","14","$190.10","$185.99","$2,661.45","$2,603.86","$57.59","2.211716451729%","","$57.59","Short Term","$2,603.86","No","","02/19/2026","$20,488.87","-$1,478.58","-7.216503399163%","","","-$1,478.58","-7.216503399162569%"
"DASH","DOORDASH INC A","02/19/2026","02/03/2026","10","$190.10","$200.72","$1,901.03","$2,007.15","-$106.12","-5.287098622425%","","-$106.12","Short Term","$2,007.15","No","","02/19/2026","$20,488.87","-$1,478.58","-7.216503399163%","","","-$1,478.58","-7.216503399162569%"
"DASH","DOORDASH INC A","02/19/2026","01/29/2026","25","$190.10","$207.57","$4,752.57","$5,189.25","-$436.68","-8.415088885677%","","-$436.68","Short Term","$5,189.25","No","","02/19/2026","$20,488.87","-$1,478.58","-7.216503399163%","","","-$1,478.58","-7.216503399162569%"
"DASH","DOORDASH INC A","02/19/2026","01/16/2026","25","$190.10","$218.38","$4,752.57","$5,459.38","-$678.54","-12.428883865933%","","-$678.54","Short Term","$5,459.38","Yes","$28.27","02/19/2026","$20,488.87","-$1,478.58","-7.216503399163%","","","-$1,478.58","-7.216503399162569%"
"DASH","DOORDASH INC A","02/19/2026","01/14/2026","25","$190.10","$217.66","$4,752.57","$5,441.50","-$688.93","-12.660663420013%","","-$688.93","Short Term","$5,441.50","No","","02/19/2026","$20,488.87","-$1,478.58","-7.216503399163%","","","-$1,478.58","-7.216503399162569%"
"DASH","DOORDASH INC A","02/19/2026","11/10/2025","1","$190.10","$206.86","$190.10","$206.86","-$16.76","-8.10209803732%","","-$16.76","Short Term","$206.86","No","","02/19/2026","$20,488.87","-$1,478.58","-7.216503399163%","","","-$1,478.58","-7.216503399162569%"
"EWZ","ISHARES MSCI BRAZIL ETF","02/18/2026","02/09/2026","100","$38.11","$38.20","$3,811.23","$3,819.50","-$8.27","-0.216520486975%","","-$8.27","Short Term","$3,819.50","No","","02/18/2026","","","","","","",""
"EWZ","ISHARES MSCI BRAZIL ETF","02/18/2026","02/03/2026","100","$38.11","$37.80","$3,811.23","$3,780.00","$31.23","0.82619047619%","","$31.23","Short Term","$3,780.00","No","","02/18/2026","","","","","","",""
"EWZ","ISHARES MSCI BRAZIL ETF","02/18/2026","02/02/2026","1","$38.11","$37.34","$38.11","$37.34","$0.77","2.062131762185%","","$0.77","Short Term","$37.34","No","","02/18/2026","","","","","","",""
"QQQ","INVESCO QQQ TR","02/09/2026","02/06/2026","100","$611.33","$608.20","$61,132.92","$60,819.92","$313.00","0.514634021222%","","$313.00","Short Term","$60,819.92","No","","02/09/2026","","","","","","",""
"INTC","INTEL CORP","02/06/2026","10/01/2025","1","$51.27","$35.21","$51.27","$35.21","$16.06","45.612042033513%","","$16.06","Short Term","$35.21","No","","02/06/2026","","","","","","",""
"MSFT","MICROSOFT CORP","02/06/2026","09/05/2025","1","$399.61","$517.00","$399.61","$517.00","-$117.39","-22.705996131528%","","-$117.39","Short Term","$517.00","No","","02/06/2026","$414.00","-$14.39","-3.475845410628%","","","-$14.39","-3.475845410628019%"
"MU","MICRON TECHNOLOGY IN","02/06/2026","10/02/2025","1","$391.59","$183.91","$391.59","$183.91","$207.68","112.924800173998%","","$207.68","Short Term","$183.91","No","","02/06/2026","","","","","","",""
"GLD","SPDR GOLD SHARES ETF","02/05/2026","02/03/2026","10","$447.11","$455.04","$4,471.10","$4,550.35","-$79.25","-1.74162427066%","","-$79.25","Short Term","$4,550.35","No","","02/05/2026","","","","","","",""
"GOOG","ALPHABET INC CLASS C","02/05/2026","02/04/2026","20","$319.64","$332.00","$6,392.81","$6,640.00","-$247.19","-3.722740963855%","","-$247.19","Short Term","$6,640.00","No","","02/05/2026","","","","","","",""
"MSFT","MICROSOFT CORP","02/05/2026","02/04/2026","49","$393.89","$414.00","$19,300.60","$20,286.00","-$985.40","-4.857537217786%","","-$985.40","Short Term","$20,286.00","No","","02/05/2026","","","","","","",""
"MSFT","MICROSOFT CORP","02/05/2026","02/04/2026","5","$393.89","$414.38","$1,969.45","$2,071.88","-$102.43","-4.943819140105%","","-$102.43","Short Term","$2,071.88","No","","02/05/2026","","","","","","",""
"MSFT","MICROSOFT CORP","02/05/2026","01/28/2026","5","$393.89","$483.43","$1,969.45","$2,417.17","-$447.72","-18.52248704063%","","-$447.72","Short Term","$2,417.17","No","","02/05/2026","","","","","","",""
"MSFT","MICROSOFT CORP","02/05/2026","09/05/2025","1","$393.89","$496.89","$393.89","$496.89","$0.00","0%","","$0.00","Short Term","$496.89","Yes","$103.00","02/05/2026","","","","","","",""
"MU","MICRON TECHNOLOGY IN","02/05/2026","02/04/2026","20","$382.50","$392.00","$7,650.01","$7,840.00","$0.00","0%","","$0.00","Short Term","$7,840.00","Yes","$189.99","02/05/2026","","","","","","",""
"MU","MICRON TECHNOLOGY IN","02/05/2026","02/05/2026","20","$380.66","$382.79","$7,613.19","$7,655.76","-$42.57","-0.556051913853%","","-$42.57","Short Term","$7,655.76","No","","02/05/2026","$19,103.75","-$70.76","-0.370398481973%","","","-$70.76","-0.3703984819734345%"
"MU","MICRON TECHNOLOGY IN","02/05/2026","02/04/2026","30","$380.66","$395.38","$11,419.80","$11,861.51","-$441.71","-3.723893500912%","","-$441.71","Short Term","$11,861.51","No","","02/05/2026","$19,103.75","-$70.76","-0.370398481973%","","","-$70.76","-0.3703984819734345%"
"MU","MICRON TECHNOLOGY IN","02/05/2026","02/05/2026","25","$378.99","$382.08","$9,474.75","$9,551.88","-$77.13","-0.807485018656%","","-$77.13","Short Term","$9,551.88","No","","02/05/2026","","","","","","",""
"MU","MICRON TECHNOLOGY IN","02/05/2026","02/05/2026","25","$373.34","$382.07","$9,333.50","$9,551.87","-$218.37","-2.286149204292%","","-$218.37","Short Term","$9,551.87","No","","02/05/2026","","","","","","",""
"MU","MICRON TECHNOLOGY IN","02/04/2026","02/03/2026","10","$401.46","$419.54","$4,014.65","$4,195.40","$0.00","0%","","$0.00","Short Term","$4,195.40","Yes","$180.75","02/04/2026","","","","","","",""
"MU","MICRON TECHNOLOGY IN","02/04/2026","01/15/2026","20","$401.46","$344.68","$8,029.30","$6,893.60","$1,135.70","16.474701172102%","","$1,135.70","Short Term","$6,893.60","No","","02/04/2026","","","","","","",""
"MU","MICRON TECHNOLOGY IN","02/04/2026","11/24/2025","5","$401.46","$223.36","$2,007.32","$1,116.80","$890.52","79.738538681948%","","$890.52","Short Term","$1,116.80","No","","02/04/2026","","","","","","",""
"MU","MICRON TECHNOLOGY IN","02/04/2026","11/24/2025","10","$393.47","$223.36","$3,934.70","$2,233.60","$1,701.10","76.159563037249%","","$1,701.10","Short Term","$2,233.60","No","","02/04/2026","","","","","","",""
"MU","MICRON TECHNOLOGY IN","02/04/2026","02/04/2026","5","$389.15","$392.00","$1,945.74","$1,960.00","$0.00","0%","","$0.00","Short Term","$1,960.00","Yes","$14.26","02/04/2026","$5,880.00","-$42.78","-0.727551020408%","","","-$42.78","-0.7275510204081632%"
"MU","MICRON TECHNOLOGY IN","02/04/2026","02/03/2026","10","$389.15","$410.07","$3,891.48","$4,100.75","$0.00","0%","","$0.00","Short Term","$4,100.75","Yes","$209.27","02/04/2026","$5,880.00","-$42.78","-0.727551020408%","","","-$42.78","-0.7275510204081632%"
"MU","MICRON TECHNOLOGY IN","02/02/2026","01/20/2026","15","$404.30","$362.00","$6,064.50","$5,430.00","$634.50","11.685082872928%","","$634.50","Short Term","$5,430.00","No","","02/02/2026","","","","","","",""
"NVDA","NVIDIA CORP","02/02/2026","11/19/2025","30","$187.16","$194.13","$5,614.79","$5,823.89","-$209.10","-3.590383746946%","","-$209.10","Short Term","$5,823.89","No","","02/02/2026","","","","","","",""
"NVDA","NVIDIA CORP","02/02/2026","12/18/2025","30","$184.47","$173.66","$5,534.14","$5,209.92","$324.22","6.223128186229%","","$324.22","Short Term","$5,209.92","No","","02/02/2026","","","","","","",""
"NVDA","NVIDIA CORP","02/02/2026","11/19/2025","20","$184.47","$194.13","$3,689.42","$3,882.60","-$193.18","-4.975531860094%","","-$193.18","Short Term","$3,882.60","No","","02/02/2026","","","","","","",""
"MU","MICRON TECHNOLOGY IN","01/29/2026","01/20/2026","25","$424.00","$362.00","$10,600.11","$9,050.00","$1,550.11","17.128287292818%","","$1,550.11","Short Term","$9,050.00","No","","01/29/2026","","","","","","",""
"AMD","ADVANCED MICRO DEVIC","01/27/2026","08/21/2025","1","$253.57","$166.58","$253.57","$166.58","$86.99","52.2211550006%","","$86.99","Short Term","$166.58","No","","01/27/2026","$162.29","$91.28","56.2449935301%","","","$91.28","56.24499353010044%"
"BILI","BILIBILI INC ADR","01/27/2026","01/12/2026","1","$34.86","$32.94","$34.86","$32.94","$1.92","5.828779599271%","","$1.92","Short Term","$32.94","No","","01/27/2026","$31.85","$3.01","9.450549450549%","","","$3.01","9.450549450549449%"
"DASH","DOORDASH INC A","01/27/2026","01/14/2026","25","$206.86","$217.66","$5,171.38","$5,441.51","$0.00","0%","","$0.00","Short Term","$5,441.51","Yes","$270.13","01/27/2026","$5,292.50","-$121.12","-2.288521492678%","","","-$121.12","-2.2885214926783184%"
"FUTU","FUTU HLDGS LTD ADR","01/27/2026","11/21/2025","40","$164.07","$162.83","$6,562.81","$6,513.36","$49.45","0.759208764754%","","$49.45","Short Term","$6,513.36","No","","01/27/2026","","","","","","",""
"FUTU","FUTU HLDGS LTD ADR","01/27/2026","10/10/2025","1","$164.07","$157.40","$164.07","$157.40","$6.67","4.237611181703%","","$6.67","Short Term","$157.40","No","","01/27/2026","","","","","","",""
"IWM","ISHARES RUSSELL 2000 ETF","01/27/2026","01/21/2026","56","$263.51","$268.36","$14,756.64","$15,027.94","-$271.30","-1.805303987107%","","-$271.30","Short Term","$15,027.94","No","","01/27/2026","$27,097.07","-$482.41","-1.780303184071%","","","-$482.41","-1.7803031840711965%"
"IWM","ISHARES RUSSELL 2000 ETF","01/27/2026","01/17/2026","24","$263.51","$273.51","$6,324.28","$6,564.24","-$239.96","-3.655564086627%","","-$239.96","Short Term","$6,564.24","No","","01/27/2026","$27,097.07","-$482.41","-1.780303184071%","","","-$482.41","-1.7803031840711965%"
"IWM","ISHARES RUSSELL 2000 ETF","01/27/2026","01/16/2026","20","$263.51","$270.45","$5,270.23","$5,408.91","-$138.68","-2.56391768397%","","-$138.68","Short Term","$5,408.91","No","","01/27/2026","$27,097.07","-$482.41","-1.780303184071%","","","-$482.41","-1.7803031840711965%"
"IWM","ISHARES RUSSELL 2000 ETF","01/27/2026","01/14/2026","1","$263.51","$266.61","$263.51","$266.61","-$3.10","-1.162747083755%","","-$3.10","Short Term","$266.61","No","","01/27/2026","$27,097.07","-$482.41","-1.780303184071%","","","-$482.41","-1.7803031840711965%"
"NVDA","NVIDIA CORP","01/27/2026","12/02/2025","50","$189.51","$204.25","$9,475.74","$10,212.75","-$442.21","-4.32997968226%","","-$442.21","Short Term","$10,212.75","Yes","$294.80","01/27/2026","$9,205.25","$270.49","2.938431873116%","","","$270.49","2.9384318731158854%"
"ORCL","ORACLE CORP","01/27/2026","09/25/2025","1","$177.86","$318.88","$177.86","$318.88","-$141.02","-44.223532363271%","","-$141.02","Short Term","$318.88","No","","01/27/2026","$205.24","-$27.38","-13.340479438706%","","","-$27.38","-13.340479438705904%"
"QBTS","D-WAVE QUANTUM INC","01/27/2026","01/27/2026","50","$24.03","$24.89","$1,201.74","$1,244.55","-$42.81","-3.439797517175%","","-$42.81","Short Term","$1,244.55","No","","01/27/2026","","","","","","",""
"QBTS","D-WAVE QUANTUM INC","01/27/2026","01/20/2026","50","$24.03","$26.57","$1,201.74","$1,328.25","-$126.51","-9.524562394128%","","-$126.51","Short Term","$1,328.25","No","","01/27/2026","","","","","","",""
"QBTS","D-WAVE QUANTUM INC","01/27/2026","01/12/2026","100","$24.03","$28.30","$2,403.48","$2,830.00","-$426.52","-15.071378091873%","","-$426.52","Short Term","$2,830.00","No","","01/27/2026","","","","","","",""
"INTC","INTEL CORP","01/22/2026","01/20/2026","100","$48.31","$47.80","$4,831.01","$4,780.00","$51.01","1.067154811715%","","$51.01","Short Term","$4,780.00","No","","01/22/2026","","","","","","",""
"ORCL","ORACLE CORP","01/21/2026","01/12/2026","29","$175.89","$205.24","$5,100.80","$5,951.96","-$851.16","-14.300499331313%","","-$851.16","Short Term","$5,951.96","No","","01/21/2026","$6,233.06","-$956.37","-15.343507041485%","","","-$956.37","-15.34350704148524%"
"ORCL","ORACLE CORP","01/21/2026","09/25/2025","1","$175.89","$289.53","$175.89","$289.53","$0.00","0%","","$0.00","Short Term","$289.53","Yes","$113.64","01/21/2026","$6,233.06","-$956.37","-15.343507041485%","","","-$956.37","-15.34350704148524%"
"SHOP","SHOPIFY INC CLASS A","01/21/2026","01/14/2026","25","$138.70","$160.48","$3,467.50","$4,011.93","$0.00","0%","","$0.00","Short Term","$4,011.93","Yes","$544.43","01/21/2026","$3,940.43","-$472.93","-12.001989630573%","","","-$472.93","-12.001989630573313%"
"GLD","SPDR GOLD SHARES ETF","01/20/2026","01/20/2026","40","$434.21","$433.32","$17,368.43","$17,332.80","$35.63","0.205564017354%","","$35.63","Short Term","$17,332.80","No","","01/20/2026","","","","","","",""
"INTC","INTEL CORP","01/20/2026","01/20/2026","100","$47.97","$47.80","$4,797.32","$4,780.00","$17.32","0.362343096234%","","$17.32","Short Term","$4,780.00","No","","01/20/2026","","","","","","",""
"IWM","ISHARES RUSSELL 2000 ETF","01/20/2026","01/16/2026","25","$261.70","$266.85","$6,542.50","$6,671.34","$0.00","0%","","$0.00","Short Term","$6,671.34","Yes","$128.84","01/20/2026","","","","","","",""
"IWM","ISHARES RUSSELL 2000 ETF","01/20/2026","01/15/2026","20","$261.70","$263.79","$5,234.00","$5,275.79","$0.00","0%","","$0.00","Short Term","$5,275.79","Yes","$41.79","01/20/2026","","","","","","",""
"IWM","ISHARES RUSSELL 2000 ETF","01/20/2026","01/14/2026","24","$261.70","$261.46","$6,280.81","$6,274.94","$5.87","0.093546711204%","","$5.87","Short Term","$6,274.94","No","","01/20/2026","","","","","","",""
"MU","MICRON TECHNOLOGY IN","01/20/2026","01/15/2026","30","$358.50","$344.68","$10,754.99","$10,340.40","$414.59","4.009419364821%","","$414.59","Short Term","$10,340.40","No","","01/20/2026","","","","","","",""
"SHOP","SHOPIFY INC CLASS A","01/20/2026","01/14/2026","25","$151.17","$160.48","$3,779.17","$4,011.93","$0.00","0%","","$0.00","Short Term","$4,011.93","Yes","$232.76","01/20/2026","$3,940.43","-$161.26","-4.092446763424%","","","-$161.26","-4.092446763424296%"
"BILI","BILIBILI INC ADR","01/16/2026","01/14/2026","100","$32.21","$33.31","$3,221.48","$3,330.65","-$108.08","-3.245012234849%","","-$108.08","Short Term","$3,330.65","Yes","$1.09","01/16/2026","","","","","","",""
"BILI","BILIBILI INC ADR","01/16/2026","01/12/2026","99","$32.21","$31.85","$3,189.27","$3,153.15","$36.12","1.145521145521%","","$36.12","Short Term","$3,153.15","No","","01/16/2026","","","","","","",""
"DASH","DOORDASH INC A","01/16/2026","01/14/2026","50","$205.84","$211.80","$10,291.99","$10,590.00","$0.00","0%","","$0.00","Short Term","$10,590.00","Yes","$298.01","01/16/2026","","","","","","",""
"SHOP","SHOPIFY INC CLASS A","01/16/2026","01/15/2026","50","$155.81","$158.67","$7,790.45","$7,933.45","$0.00","0%","","$0.00","Short Term","$7,933.45","Yes","$143.00","01/16/2026","","","","","","",""
"AMD","ADVANCED MICRO DEVIC","01/14/2026","01/09/2026","100","$216.14","$205.71","$21,613.98","$20,570.99","$1,042.99","5.07019837159%","","$1,042.99","Short Term","$20,570.99","No","","01/14/2026","","","","","","",""
"DASH","DOORDASH INC A","01/13/2026","11/10/2025","34","$210.19","$206.86","$7,146.45","$7,033.16","$113.29","1.61079799123%","","$113.29","Short Term","$7,033.16","No","","01/13/2026","","","","","","",""
"FUTU","FUTU HLDGS LTD ADR","01/13/2026","11/26/2025","30","$181.50","$172.49","$5,444.99","$5,174.73","$270.26","5.222687947004%","","$270.26","Short Term","$5,174.73","No","","01/13/2026","","","","","","",""
"FUTU","FUTU HLDGS LTD ADR","01/13/2026","11/14/2025","30","$181.50","$173.39","$5,445.00","$5,201.69","$243.31","4.677518268101%","","$243.31","Short Term","$5,201.69","No","","01/13/2026","","","","","","",""
"QQQ","INVESCO QQQ TR","01/13/2026","01/06/2026","20","$624.56","$623.40","$12,491.20","$12,467.92","$23.28","0.186719196145%","","$23.28","Short Term","$12,467.92","No","","01/13/2026","","","","","","",""
"BABA","ALIBABA GROUP HLDG L ADR","01/12/2026","10/17/2025","20","$166.00","$166.03","$3,320.00","$3,320.58","$0.00","0%","","$0.00","Short Term","$3,320.58","Yes","$0.58","01/12/2026","$3,159.80","$160.20","5.069941135515%","","","$160.20","5.069941135514906%"
"UNH","UNITEDHEALTH GROUP I","01/12/2026","09/18/2025","1","$339.92","$343.70","$339.92","$343.70","-$3.78","-1.099796334012%","","-$3.78","Short Term","$343.70","No","","01/12/2026","","","","","","",""
"CCCX","CHURCHILL CAPITAL A","01/09/2026","10/27/2025","90","$19.25","$21.35","$1,732.26","$1,921.65","-$189.39","-9.855592849895%","","-$189.39","Short Term","$1,921.65","No","","01/09/2026","","","","","","",""
"CCCX","CHURCHILL CAPITAL A","01/09/2026","10/15/2025","100","$19.25","$22.39","$1,924.74","$2,238.98","-$314.24","-14.034962348927%","","-$314.24","Short Term","$2,238.98","No","","01/09/2026","","","","","","",""
"CCCX","CHURCHILL CAPITAL A","01/09/2026","10/10/2025","10","$19.25","$24.10","$192.47","$241.00","-$48.53","-20.136929460581%","","-$48.53","Short Term","$241.00","No","","01/09/2026","","","","","","",""
"CCCX","CHURCHILL CAPITAL A","01/09/2026","11/07/2025","100","$18.83","$17.89","$1,883.14","$1,788.79","$94.35","5.274515175062%","","$94.35","Short Term","$1,788.79","No","","01/09/2026","","","","","","",""
"CCCX","CHURCHILL CAPITAL A","01/09/2026","11/05/2025","100","$18.83","$17.82","$1,883.14","$1,781.50","$101.64","5.705304518664%","","$101.64","Short Term","$1,781.50","No","","01/09/2026","","","","","","",""
"CCCX","CHURCHILL CAPITAL A","01/09/2026","10/27/2025","10","$18.83","$21.35","$188.31","$213.52","-$25.21","-11.806856500562%","","-$25.21","Short Term","$213.52","No","","01/09/2026","","","","","","",""
"DASH","DOORDASH INC A","01/09/2026","11/10/2025","35","$213.51","$206.86","$7,472.84","$7,240.03","$232.81","3.21559441052%","","$232.81","Short Term","$7,240.03","No","","01/09/2026","","","","","","",""
"META","META PLATFORMS INC A","01/08/2026","11/02/2025","1","$645.44","$615.92","$645.44","$615.92","$29.52","4.792830237693%","","$29.52","Short Term","$615.92","No","","01/08/2026","$608.47","$36.97","6.075895278321%","","","$36.97","6.075895278321034%"
"MU","MICRON TECHNOLOGY IN","01/08/2026","11/17/2025","5","$334.52","$241.53","$1,672.60","$1,207.67","$464.93","38.498099646427%","","$464.93","Short Term","$1,207.67","No","","01/08/2026","$4,677.68","$2,012.72","43.028167809683%","","","$2,012.72","43.02816780968344%"
"MU","MICRON TECHNOLOGY IN","01/08/2026","11/10/2025","10","$334.52","$240.11","$3,345.20","$2,401.10","$944.10","39.319478572321%","","$944.10","Short Term","$2,401.10","No","","01/08/2026","$4,677.68","$2,012.72","43.028167809683%","","","$2,012.72","43.02816780968344%"
"MU","MICRON TECHNOLOGY IN","01/08/2026","11/07/2025","5","$334.52","$238.24","$1,672.60","$1,191.22","$481.38","40.410671412501%","","$481.38","Short Term","$1,191.22","No","","01/08/2026","$4,677.68","$2,012.72","43.028167809683%","","","$2,012.72","43.02816780968344%"
"MU","MICRON TECHNOLOGY IN","01/08/2026","11/23/2025","10","$329.84","$226.87","$3,298.40","$2,268.69","$1,029.71","45.387867006951%","","$1,029.71","Short Term","$2,268.69","No","","01/08/2026","$3,384.04","$1,563.56","46.203945579839%","","","$1,563.56","46.20394557983948%"
"MU","MICRON TECHNOLOGY IN","01/08/2026","11/07/2025","5","$329.84","$238.24","$1,649.20","$1,191.21","$457.99","38.447460985049%","","$457.99","Short Term","$1,191.21","No","","01/08/2026","$3,384.04","$1,563.56","46.203945579839%","","","$1,563.56","46.20394557983948%"
"FUTU","FUTU HLDGS LTD ADR","01/07/2026","11/13/2025","30","$178.26","$182.86","$5,347.95","$5,485.80","-$137.85","-2.512851361697%","","-$137.85","Short Term","$5,485.80","No","","01/07/2026","","","","","","",""
"FUTU","FUTU HLDGS LTD ADR","01/07/2026","11/10/2025","40","$178.26","$188.29","$7,130.59","$7,531.76","-$401.17","-5.326377898393%","","-$401.17","Short Term","$7,531.76","No","","01/07/2026","","","","","","",""
"AMD","ADVANCED MICRO DEVIC","01/06/2026","12/18/2025","10","$213.20","$202.42","$2,132.00","$2,024.16","$107.84","5.32764208363%","","$107.84","Short Term","$2,024.16","No","","01/06/2026","$10,089.97","$570.02","5.649372594765%","","","$570.02","5.649372594764889%"
"AMD","ADVANCED MICRO DEVIC","01/06/2026","12/18/2025","40","$213.20","$205.65","$8,527.99","$8,225.94","$302.05","3.671920777443%","","$302.05","Short Term","$8,225.94","No","","01/06/2026","$10,089.97","$570.02","5.649372594765%","","","$570.02","5.649372594764889%"
"AMD","ADVANCED MICRO DEVIC","01/06/2026","12/18/2025","10","$211.97","$202.42","$2,119.70","$2,024.16","$95.54","4.71998261007%","","$95.54","Short Term","$2,024.16","No","","01/06/2026","","","","","","",""
"AMD","ADVANCED MICRO DEVIC","01/06/2026","12/18/2025","10","$211.97","$201.65","$2,119.70","$2,016.45","$103.25","5.120384834734%","","$103.25","Short Term","$2,016.45","No","","01/06/2026","","","","","","",""
"AMD","ADVANCED MICRO DEVIC","01/05/2026","01/05/2026","40","$222.27","$226.27","$8,890.79","$9,050.92","$0.00","0%","","$0.00","Short Term","$9,050.92","Yes","$160.13","01/05/2026","","","","","","",""
"AMD","ADVANCED MICRO DEVIC","01/05/2026","12/18/2025","30","$222.27","$202.42","$6,668.10","$6,072.47","$595.63","9.808693991078%","","$595.63","Short Term","$6,072.47","No","","01/05/2026","","","","","","",""
"MU","MICRON TECHNOLOGY IN","01/05/2026","11/17/2025","5","$313.53","$241.54","$1,567.65","$1,207.68","$359.97","29.806736883943%","","$359.97","Short Term","$1,207.68","No","","01/05/2026","$6,038.38","$1,799.87","29.80716682289%","","","$1,799.87","29.8071668228896%"
"MU","MICRON TECHNOLOGY IN","01/05/2026","11/06/2025","20","$313.53","$247.47","$6,270.60","$4,949.37","$1,321.23","26.694912685857%","","$1,321.23","Short Term","$4,949.37","No","","01/05/2026","$6,038.38","$1,799.87","29.80716682289%","","","$1,799.87","29.8071668228896%"
"UBER","UBER TECHNOLOGIES IN","12/31/2025","10/29/2025","60","$81.67","$105.80","$4,900.11","$6,348.21","-$1,448.10","-22.811154640442%","","-$1,448.10","Short Term","$6,348.21","No","","12/31/2025","$8,378.10","-$946.27","-11.294565593631%","","","-$946.27","-11.294565593631026%"
"UBER","UBER TECHNOLOGIES IN","12/31/2025","10/29/2025","20","$81.67","$105.51","$1,633.37","$2,110.27","-$476.90","-22.59900391893%","","-$476.90","Short Term","$2,110.27","No","","12/31/2025","$8,378.10","-$946.27","-11.294565593631%","","","-$946.27","-11.294565593631026%"
"UBER","UBER TECHNOLOGIES IN","12/31/2025","10/23/2025","10","$81.67","$105.59","$816.68","$1,055.93","-$239.25","-22.657751934314%","","-$239.25","Short Term","$1,055.93","No","","12/31/2025","$8,378.10","-$946.27","-11.294565593631%","","","-$946.27","-11.294565593631026%"
"UBER","UBER TECHNOLOGIES IN","12/31/2025","08/04/2025","1","$81.67","$87.70","$81.67","$87.70","-$6.03","-6.875712656784%","","-$6.03","Short Term","$87.70","No","","12/31/2025","$8,378.10","-$946.27","-11.294565593631%","","","-$946.27","-11.294565593631026%"
"BMNR","BITMINE IMMERSION TE","12/30/2025","10/13/2025","91","$28.75","$55.98","$2,616.55","$5,094.18","-$2,477.63","-48.6364832024%","","-$2,477.63","Short Term","$5,094.18","No","","12/30/2025","$5,651.27","-$2,747.19","-48.611904934643%","","","-$2,747.19","-48.61190493464301%"
"BMNR","BITMINE IMMERSION TE","12/30/2025","09/28/2025","9","$28.75","$57.28","$258.78","$515.52","-$256.74","-49.802141527002%","","-$256.74","Short Term","$515.52","No","","12/30/2025","$5,651.27","-$2,747.19","-48.611904934643%","","","-$2,747.19","-48.61190493464301%"
"BMNR","BITMINE IMMERSION TE","12/30/2025","09/22/2025","1","$28.75","$54.57","$28.75","$54.57","-$25.82","-47.31537474803%","","-$25.82","Short Term","$54.57","No","","12/30/2025","$5,651.27","-$2,747.19","-48.611904934643%","","","-$2,747.19","-48.61190493464301%"
"FIG","FIGMA INC A","12/30/2025","10/24/2025","30","$38.26","$54.70","$1,147.84","$1,640.85","-$493.01","-30.046012737301%","","-$493.01","Short Term","$1,640.85","No","","12/30/2025","","","","","","",""
"FIG","FIGMA INC A","12/30/2025","10/08/2025","30","$38.26","$68.60","$1,147.85","$2,058.00","-$910.15","-44.224975704568%","","-$910.15","Short Term","$2,058.00","No","","12/30/2025","","","","","","",""
"PDD","PDD HOLDINGS INC ADR ADR","12/30/2025","12/09/2024","1","$114.19","$112.10","$114.19","$112.10","$2.09","1.864406779661%","$2.09","","Long Term","$112.10","No","","12/30/2025","$109.75","$4.44","4.04555808656%","$4.44","4.045558086560365%","",""
"TTD","THE TRADE DESK INC CLASS A","12/30/2025","10/13/2025","100","$38.58","$52.95","$3,858.33","$5,294.76","$0.00","0%","","$0.00","Short Term","$5,294.76","Yes","$1,436.43","12/30/2025","","","","","","",""
"TTD","THE TRADE DESK INC CLASS A","12/30/2025","08/22/2025","250","$38.58","$53.41","$9,645.81","$13,352.50","-$2,965.35","-22.208200711477%","","-$2,965.35","Short Term","$13,352.50","Yes","$741.34","12/30/2025","","","","","","",""
"KKR","KKR & CO INC","12/22/2025","10/03/2025","10","$131.64","$127.34","$1,316.39","$1,273.40","$42.99","3.376001256479%","","$42.99","Short Term","$1,273.40","No","","12/22/2025","","","","","","",""
"KKR","KKR & CO INC","12/22/2025","09/24/2025","20","$131.64","$138.31","$2,632.80","$2,766.20","-$133.40","-4.822500180753%","","-$133.40","Short Term","$2,766.20","No","","12/22/2025","","","","","","",""
"KKR","KKR & CO INC","12/22/2025","08/19/2025","20","$131.64","$139.38","$2,632.80","$2,787.70","-$154.90","-5.556551996269%","","-$154.90","Short Term","$2,787.70","No","","12/22/2025","","","","","","",""
"KKR","KKR & CO INC","12/22/2025","08/04/2025","50","$131.64","$146.00","$6,581.99","$7,299.99","-$574.40","-7.868503929457%","","-$574.40","Short Term","$7,299.99","Yes","$143.60","12/22/2025","","","","","","",""
"COIN","COINBASE GLOBAL INC A","12/19/2025","12/11/2025","100","$240.96","$266.27","$24,095.98","$26,626.92","-$2,530.94","-9.505192489405%","","-$2,530.94","Short Term","$26,626.92","No","","12/19/2025","","","","","","",""
"DASH","DOORDASH INC A","12/17/2025","11/17/2025","100","$223.54","$209.00","$22,353.98","$20,900.00","$1,453.98","6.956842105263%","","$1,453.98","Short Term","$20,900.00","No","","12/17/2025","","","","","","",""
"KKR","KKR & CO INC","12/16/2025","09/18/2025","30","$133.30","$146.55","$3,998.99","$4,396.50","-$397.51","-9.041510292278%","","-$397.51","Short Term","$4,396.50","No","","12/16/2025","","","","","","",""
"KKR","KKR & CO INC","12/16/2025","08/04/2025","10","$133.30","$146.00","$1,333.00","$1,460.00","-$127.00","-8.698630136986%","","-$127.00","Short Term","$1,460.00","No","","12/16/2025","","","","","","",""
"KKR","KKR & CO INC","12/16/2025","07/30/2025","60","$133.30","$152.39","$7,997.99","$9,143.40","-$1,145.41","-12.527178073802%","","-$1,145.41","Short Term","$9,143.40","No","","12/16/2025","","","","","","",""
"META","META PLATFORMS INC A","12/12/2025","11/05/2025","5","$640.66","$638.97","$3,203.30","$3,194.85","$8.45","0.264488160634%","","$8.45","Short Term","$3,194.85","No","","12/12/2025","$8,734.50","$234.75","2.687618066289%","","","$234.75","2.6876180662888545%"
"META","META PLATFORMS INC A","12/12/2025","11/02/2025","3","$640.66","$615.93","$1,921.99","$1,847.78","$74.21","4.016170756259%","","$74.21","Short Term","$1,847.78","No","","12/12/2025","$8,734.50","$234.75","2.687618066289%","","","$234.75","2.6876180662888545%"
"META","META PLATFORMS INC A","12/12/2025","11/02/2025","1","$640.66","$622.50","$640.66","$622.50","$18.16","2.917269076305%","","$18.16","Short Term","$622.50","No","","12/12/2025","$8,734.50","$234.75","2.687618066289%","","","$234.75","2.6876180662888545%"
"META","META PLATFORMS INC A","12/12/2025","11/01/2025","4","$640.66","$616.54","$2,562.64","$2,466.16","$96.48","3.912154929121%","","$96.48","Short Term","$2,466.16","No","","12/12/2025","$8,734.50","$234.75","2.687618066289%","","","$234.75","2.6876180662888545%"
"META","META PLATFORMS INC A","12/12/2025","07/30/2025","1","$640.66","$761.93","$640.66","$761.93","-$121.27","-15.916160277191%","","-$121.27","Short Term","$761.93","No","","12/12/2025","$8,734.50","$234.75","2.687618066289%","","","$234.75","2.6876180662888545%"
"COIN","COINBASE GLOBAL INC A","12/11/2025","11/19/2025","100","$268.22","$262.90","$26,821.98","$26,290.50","$531.48","2.021566725623%","","$531.48","Short Term","$26,290.50","No","","12/11/2025","","","","","","",""
"UBER","UBER TECHNOLOGIES IN","12/10/2025","10/29/2025","90","$82.85","$96.64","$7,456.48","$8,697.90","-$137.94","-1.585900044838%","","-$137.94","Short Term","$8,697.90","Yes","$1,103.48","12/10/2025","$9,367.63","-$1,082.65","-11.557352286544%","","","-$1,082.65","-11.557352286544205%"
"UBER","UBER TECHNOLOGIES IN","12/10/2025","10/23/2025","10","$82.85","$94.90","$828.50","$949.03","$0.00","0%","","$0.00","Short Term","$949.03","Yes","$120.53","12/10/2025","$9,367.63","-$1,082.65","-11.557352286544%","","","-$1,082.65","-11.557352286544205%"
"META","META PLATFORMS INC A","12/01/2025","11/02/2025","5","$638.40","$645.85","$3,191.99","$3,229.24","$0.00","0%","","$0.00","Short Term","$3,229.24","Yes","$37.25","12/01/2025","$9,658.17","-$82.20","-0.851092908905%","","","-$82.20","-0.8510929089051031%"
"META","META PLATFORMS INC A","12/01/2025","11/01/2025","9","$638.40","$639.89","$5,745.58","$5,759.00","-$7.46","-0.129536377843%","","-$7.46","Short Term","$5,759.00","Yes","$5.96","12/01/2025","$9,658.17","-$82.20","-0.851092908905%","","","-$82.20","-0.8510929089051031%"
"META","META PLATFORMS INC A","12/01/2025","07/30/2025","1","$638.40","$761.36","$638.40","$761.36","$0.00","0%","","$0.00","Short Term","$761.36","Yes","$122.96","12/01/2025","$9,658.17","-$82.20","-0.851092908905%","","","-$82.20","-0.8510929089051031%"
"CRWV","COREWEAVE INC CLASS A","11/25/2025","11/04/2025","9","$67.16","$113.49","$604.43","$1,021.42","-$416.99","-40.824538387735%","","-$416.99","Short Term","$1,021.42","No","","11/25/2025","$5,455.31","-$2,365.96","-43.369854325419%","","","-$2,365.96","-43.369854325418714%"
"CRWV","COREWEAVE INC CLASS A","11/25/2025","11/03/2025","11","$67.16","$122.53","$738.76","$1,347.85","-$609.09","-45.189746633527%","","-$609.09","Short Term","$1,347.85","No","","11/25/2025","$5,455.31","-$2,365.96","-43.369854325419%","","","-$2,365.96","-43.369854325418714%"
"CRWV","COREWEAVE INC CLASS A","11/25/2025","10/22/2025","6","$67.16","$123.45","$402.96","$740.72","-$337.76","-45.59887676855%","","-$337.76","Short Term","$740.72","No","","11/25/2025","$5,455.31","-$2,365.96","-43.369854325419%","","","-$2,365.96","-43.369854325418714%"
"CRWV","COREWEAVE INC CLASS A","11/25/2025","10/21/2025","20","$67.16","$122.47","$1,343.20","$2,449.43","-$1,106.23","-45.1627521505%","","-$1,106.23","Short Term","$2,449.43","No","","11/25/2025","$5,455.31","-$2,365.96","-43.369854325419%","","","-$2,365.96","-43.369854325418714%"
"NVDA","NVIDIA CORP","11/25/2025","11/19/2025","50","$173.98","$194.13","$8,698.99","$9,706.49","$0.00","0%","","$0.00","Short Term","$9,706.49","Yes","$1,007.50","11/25/2025","","","","","","",""
"RGTI","RIGETTI COMPUTING IN","11/25/2025","09/19/2025","1","$25.21","$26.79","$25.21","$26.79","-$1.58","-5.897723030982%","","-$1.58","Short Term","$26.79","No","","11/25/2025","$26.40","-$1.19","-4.507575757576%","","","-$1.19","-4.507575757575758%"
"OKLO","OKLO INC A","11/24/2025","09/19/2025","1","$90.67","$118.21","$90.67","$118.21","-$27.54","-23.297521360291%","","-$27.54","Short Term","$118.21","No","","11/24/2025","$116.46","-$25.79","-22.144942469517%","","","-$25.79","-22.14494246951743%"
"EDU","NEW ORIENTAL ED & TE ADR","11/21/2025","10/28/2024","50","$51.33","$64.18","$2,566.58","$3,208.99","-$642.41","-20.019071421226%","-$642.41","","Long Term","$3,208.99","No","","11/21/2025","$13,527.28","-$2,747.61","-20.311622144289%","-$2,747.61","-20.311622144289167%","",""
"EDU","NEW ORIENTAL ED & TE ADR","11/21/2025","07/08/2024","110","$51.33","$66.60","$5,646.50","$7,326.45","-$1,679.95","-22.929931958861%","-$1,679.95","","Long Term","$7,326.45","No","","11/21/2025","$13,527.28","-$2,747.61","-20.311622144289%","-$2,747.61","-20.311622144289167%","",""
"EDU","NEW ORIENTAL ED & TE ADR","11/21/2025","05/28/2024","40","$51.33","$73.89","$2,053.27","$2,955.57","-$902.30","-30.528798167528%","-$902.30","","Long Term","$2,955.57","No","","11/21/2025","$13,527.28","-$2,747.61","-20.311622144289%","-$2,747.61","-20.311622144289167%","",""
"EDU","NEW ORIENTAL ED & TE ADR","11/21/2025","05/03/2024","10","$51.33","$78.84","$513.32","$788.39","-$275.07","-34.890092466926%","-$275.07","","Long Term","$788.39","No","","11/21/2025","$13,527.28","-$2,747.61","-20.311622144289%","-$2,747.61","-20.311622144289167%","",""
"MU","MICRON TECHNOLOGY IN","11/18/2025","11/17/2025","10","$238.03","$241.53","$2,380.26","$2,415.35","$0.00","0%","","$0.00","Short Term","$2,415.35","Yes","$35.09","11/18/2025","","","","","","",""
"MU","MICRON TECHNOLOGY IN","11/18/2025","11/10/2025","20","$238.03","$246.18","$4,760.52","$4,923.60","$0.00","0%","","$0.00","Short Term","$4,923.60","Yes","$163.08","11/18/2025","","","","","","",""
"MU","MICRON TECHNOLOGY IN","11/18/2025","11/06/2025","20","$238.03","$243.96","$4,760.52","$4,879.19","$0.00","0%","","$0.00","Short Term","$4,879.19","Yes","$118.67","11/18/2025","","","","","","",""
"BLSH","BULLISH","11/17/2025","09/22/2025","1","$36.18","$63.03","$36.18","$63.03","-$26.85","-42.59876249405%","","-$26.85","Short Term","$63.03","No","","11/17/2025","$61.53","-$25.35","-41.199414919551%","","","-$25.35","-41.199414919551444%"
"BABA","ALIBABA GROUP HLDG L ADR","11/13/2025","11/10/2025","80","$159.10","$166.28","$12,727.99","$13,302.40","-$574.41","-4.318092975704%","","-$574.41","Short Term","$13,302.40","No","","11/13/2025","$19,827.80","-$735.82","-3.71105215909%","","","-$735.82","-3.711052159089763%"
"BABA","ALIBABA GROUP HLDG L ADR","11/13/2025","10/17/2025","20","$159.10","$167.14","$3,182.00","$3,342.78","$0.00","0%","","$0.00","Short Term","$3,342.78","Yes","$160.78","11/13/2025","$19,827.80","-$735.82","-3.71105215909%","","","-$735.82","-3.711052159089763%"
"BABA","ALIBABA GROUP HLDG L ADR","11/13/2025","10/13/2025","20","$159.10","$160.85","$3,181.99","$3,216.99","-$35.00","-1.087973540483%","","-$35.00","Short Term","$3,216.99","No","","11/13/2025","$19,827.80","-$735.82","-3.71105215909%","","","-$735.82","-3.711052159089763%"
"AMD","ADVANCED MICRO DEVIC","11/12/2025","11/12/2025","80","$254.68","$250.82","$20,374.39","$20,065.60","$308.79","1.538902400128%","","$308.79","Short Term","$20,065.60","No","","11/12/2025","","","","","","",""
"CRWV","COREWEAVE INC CLASS A","11/11/2025","10/22/2025","14","$93.92","$123.45","$1,314.94","$1,728.36","-$413.42","-23.919785229929%","","-$413.42","Short Term","$1,728.36","No","","11/11/2025","$5,590.41","-$1,833.44","-32.796163429874%","","","-$1,833.44","-32.79616342987366%"
"CRWV","COREWEAVE INC CLASS A","11/11/2025","10/15/2025","25","$93.92","$149.34","$2,348.11","$3,733.53","-$1,385.42","-37.107509515124%","","-$1,385.42","Short Term","$3,733.53","No","","11/11/2025","$5,590.41","-$1,833.44","-32.796163429874%","","","-$1,833.44","-32.79616342987366%"
"CRWV","COREWEAVE INC CLASS A","11/11/2025","09/30/2025","1","$93.92","$132.57","$93.92","$132.57","-$38.65","-29.154408991476%","","-$38.65","Short Term","$132.57","No","","11/11/2025","$5,590.41","-$1,833.44","-32.796163429874%","","","-$1,833.44","-32.79616342987366%"
"BABA","ALIBABA GROUP HLDG L ADR","11/06/2025","11/04/2025","20","$166.45","$165.39","$3,329.00","$3,307.72","$21.28","0.643343451078%","","$21.28","Short Term","$3,307.72","No","","11/06/2025","$19,849.51","$124.47","0.627068375995%","","","$124.47","0.627068375995181%"
"BABA","ALIBABA GROUP HLDG L ADR","11/06/2025","10/22/2025","50","$166.45","$165.26","$8,322.49","$8,263.13","$59.36","0.718371851829%","","$59.36","Short Term","$8,263.13","No","","11/06/2025","$19,849.51","$124.47","0.627068375995%","","","$124.47","0.627068375995181%"
"BABA","ALIBABA GROUP HLDG L ADR","11/06/2025","10/13/2025","40","$166.45","$167.31","$6,657.99","$6,692.36","$0.00","0%","","$0.00","Short Term","$6,692.36","Yes","$34.37","11/06/2025","$19,849.51","$124.47","0.627068375995%","","","$124.47","0.627068375995181%"
"BABA","ALIBABA GROUP HLDG L ADR","11/06/2025","10/08/2025","10","$166.45","$161.90","$1,664.50","$1,619.04","$45.46","2.807836742761%","","$45.46","Short Term","$1,619.04","No","","11/06/2025","$19,849.51","$124.47","0.627068375995%","","","$124.47","0.627068375995181%"
"FUTU","FUTU HLDGS LTD ADR","11/06/2025","11/05/2025","25","$185.42","$181.99","$4,635.50","$4,549.75","$85.75","1.884718940601%","","$85.75","Short Term","$4,549.75","No","","11/06/2025","","","","","","",""
"FUTU","FUTU HLDGS LTD ADR","11/05/2025","10/10/2025","9","$177.88","$157.40","$1,600.92","$1,416.60","$184.32","13.011435832274%","","$184.32","Short Term","$1,416.60","No","","11/05/2025","","","","","","",""
"FUTU","FUTU HLDGS LTD ADR","11/05/2025","11/05/2025","25","$189.78","$181.99","$4,744.50","$4,549.75","$194.75","4.280454970053%","","$194.75","Short Term","$4,549.75","No","","11/05/2025","","","","","","",""
"HUBS","HUBSPOT INC","11/05/2025","10/21/2025","10","$413.21","$463.08","$4,132.07","$4,630.80","-$498.73","-10.769845383087%","","-$498.73","Short Term","$4,630.80","No","","11/05/2025","$25,948.74","-$5,288.41","-20.38021884685%","","","-$5,288.41","-20.380218846849594%"
"HUBS","HUBSPOT INC","11/05/2025","09/08/2025","5","$413.21","$500.97","$2,066.03","$2,504.85","-$438.82","-17.518813501806%","","-$438.82","Short Term","$2,504.85","No","","11/05/2025","$25,948.74","-$5,288.41","-20.38021884685%","","","-$5,288.41","-20.380218846849594%"
"HUBS","HUBSPOT INC","11/05/2025","05/30/2025","15","$413.21","$583.63","$6,198.10","$8,754.49","-$2,556.39","-29.200901480269%","","-$2,556.39","Short Term","$8,754.49","No","","11/05/2025","$25,948.74","-$5,288.41","-20.38021884685%","","","-$5,288.41","-20.380218846849594%"
"HUBS","HUBSPOT INC","11/05/2025","05/13/2025","20","$413.21","$713.15","$8,264.13","$14,263.05","-$5,998.92","-42.059166868236%","","-$5,998.92","Short Term","$14,263.05","No","","11/05/2025","$25,948.74","-$5,288.41","-20.38021884685%","","","-$5,288.41","-20.380218846849594%"
"MSFT","MICROSOFT CORP","11/05/2025","09/05/2025","4","$510.72","$496.89","$2,042.88","$1,987.56","$55.32","2.783312201896%","","$55.32","Short Term","$1,987.56","No","","11/05/2025","","","","","","",""
"MSFT","MICROSOFT CORP","11/05/2025","08/20/2025","6","$510.72","$505.36","$3,064.32","$3,032.16","$32.16","1.060630045908%","","$32.16","Short Term","$3,032.16","No","","11/05/2025","","","","","","",""
"FUTU","FUTU HLDGS LTD ADR","11/04/2025","10/13/2025","10","$186.00","$161.99","$1,860.00","$1,619.94","$240.06","14.819067372866%","","$240.06","Short Term","$1,619.94","No","","11/04/2025","","","","","","",""
"FUTU","FUTU HLDGS LTD ADR","11/04/2025","10/10/2025","20","$186.00","$157.40","$3,720.00","$3,148.00","$572.00","18.170266836086%","","$572.00","Short Term","$3,148.00","No","","11/04/2025","","","","","","",""
"INTC","INTEL CORP","11/04/2025","10/01/2025","3","$38.49","$35.21","$115.47","$105.63","$9.84","9.315535359273%","","$9.84","Short Term","$105.63","No","","11/04/2025","","","","","","",""
"MSFT","MICROSOFT CORP","11/04/2025","09/19/2025","10","$513.30","$512.94","$5,132.97","$5,129.45","$3.52","0.068623341684%","","$3.52","Short Term","$5,129.45","No","","11/04/2025","","","","","","",""
"MSFT","MICROSOFT CORP","11/04/2025","09/18/2025","5","$513.30","$512.08","$2,566.49","$2,560.40","$6.09","0.237853460397%","","$6.09","Short Term","$2,560.40","No","","11/04/2025","","","","","","",""
"MSFT","MICROSOFT CORP","11/04/2025","08/22/2025","9","$513.30","$507.89","$4,619.67","$4,571.01","$48.66","1.064534971483%","","$48.66","Short Term","$4,571.01","No","","11/04/2025","","","","","","",""
"MSFT","MICROSOFT CORP","11/04/2025","08/12/2025","1","$513.30","$524.20","$513.30","$524.20","-$10.90","-2.079359023274%","","-$10.90","Short Term","$524.20","No","","11/04/2025","","","","","","",""
"MSFT","MICROSOFT CORP","11/04/2025","08/22/2025","11","$510.09","$507.89","$5,610.99","$5,586.79","$24.20","0.433164661639%","","$24.20","Short Term","$5,586.79","No","","11/04/2025","","","","","","",""
"MSFT","MICROSOFT CORP","11/04/2025","08/20/2025","4","$510.09","$505.36","$2,040.36","$2,021.44","$18.92","0.935966439766%","","$18.92","Short Term","$2,021.44","No","","11/04/2025","","","","","","",""
"MU","MICRON TECHNOLOGY IN","11/04/2025","10/28/2025","15","$225.56","$217.90","$3,383.40","$3,268.50","$114.90","3.515374024782%","","$114.90","Short Term","$3,268.50","No","","11/04/2025","","","","","","",""
"MU","MICRON TECHNOLOGY IN","11/04/2025","10/28/2025","15","$221.19","$217.90","$3,317.87","$3,268.50","$49.37","1.510478812911%","","$49.37","Short Term","$3,268.50","No","","11/04/2025","","","","","","",""
"UBER","UBER TECHNOLOGIES IN","11/04/2025","10/23/2025","90","$91.80","$94.90","$8,261.99","$8,541.29","$0.00","0%","","$0.00","Short Term","$8,541.29","Yes","$279.30","11/04/2025","","","","","","",""
"FUTU","FUTU HLDGS LTD ADR","11/03/2025","10/13/2025","40","$194.24","$161.99","$7,769.59","$6,479.76","$1,289.83","19.905521192143%","","$1,289.83","Short Term","$6,479.76","No","","11/03/2025","","","","","","",""
"BABA","ALIBABA GROUP HLDG L ADR","10/30/2025","10/13/2025","20","$173.52","$167.31","$3,470.37","$3,346.18","$124.19","3.711396278742%","","$124.19","Short Term","$3,346.18","No","","10/30/2025","$10,017.52","$393.59","3.929016363331%","","","$393.59","3.929016363331443%"
"BABA","ALIBABA GROUP HLDG L ADR","10/30/2025","10/08/2025","25","$173.52","$169.74","$4,337.96","$4,243.55","$94.41","2.224788207986%","","$94.41","Short Term","$4,243.55","No","","10/30/2025","$10,017.52","$393.59","3.929016363331%","","","$393.59","3.929016363331443%"
"BABA","ALIBABA GROUP HLDG L ADR","10/30/2025","10/08/2025","15","$173.52","$170.58","$2,602.78","$2,558.73","$44.05","1.721557178757%","","$44.05","Short Term","$2,558.73","No","","10/30/2025","$10,017.52","$393.59","3.929016363331%","","","$393.59","3.929016363331443%"
"FUTU","FUTU HLDGS LTD ADR","10/30/2025","09/24/2025","50","$189.36","$170.19","$9,467.99","$8,509.40","$958.59","11.265071567913%","","$958.59","Short Term","$8,509.40","No","","10/30/2025","","","","","","",""
"FUTU","FUTU HLDGS LTD ADR","10/30/2025","09/19/2025","50","$189.36","$177.16","$9,467.99","$8,857.75","$610.24","6.889334198865%","","$610.24","Short Term","$8,857.75","No","","10/30/2025","","","","","","",""
"BABA","ALIBABA GROUP HLDG L ADR","10/28/2025","10/13/2025","25","$177.83","$167.31","$4,445.64","$4,182.73","$262.91","6.285607725098%","","$262.91","Short Term","$4,182.73","No","","10/28/2025","","","","","","",""
"BABA","ALIBABA GROUP HLDG L ADR","10/28/2025","10/10/2025","25","$177.83","$173.96","$4,445.65","$4,349.00","$96.65","2.222349965509%","","$96.65","Short Term","$4,349.00","No","","10/28/2025","","","","","","",""
"BABA","ALIBABA GROUP HLDG L ADR","10/28/2025","10/08/2025","50","$177.83","$181.10","$8,891.29","$9,054.97","$0.00","0%","","$0.00","Short Term","$9,054.97","Yes","$163.68","10/28/2025","","","","","","",""
"OKLO","OKLO INC A","10/27/2025","10/23/2025","70","$131.83","$125.48","$9,227.81","$8,783.60","$444.21","5.057265813562%","","$444.21","Short Term","$8,783.60","No","","10/27/2025","$12,548.00","$634.59","5.057299968122%","","","$634.59","5.057299968122402%"
"OKLO","OKLO INC A","10/27/2025","10/21/2025","30","$131.83","$126.95","$3,954.78","$3,808.51","$146.27","3.840609582225%","","$146.27","Short Term","$3,808.51","No","","10/27/2025","$12,548.00","$634.59","5.057299968122%","","","$634.59","5.057299968122402%"
"ORCL","ORACLE CORP","10/27/2025","10/23/2025","35","$281.56","$281.10","$9,854.59","$9,838.50","$16.09","0.163541190222%","","$16.09","Short Term","$9,838.50","No","","10/27/2025","$14,061.74","$16.25","0.115561801029%","","","$16.25","0.11556180102889116%"
"ORCL","ORACLE CORP","10/27/2025","10/09/2025","14","$281.56","$283.25","$3,941.84","$3,965.54","-$23.70","-0.597648743929%","","-$23.70","Short Term","$3,965.54","No","","10/27/2025","$14,061.74","$16.25","0.115561801029%","","","$16.25","0.11556180102889116%"
"ORCL","ORACLE CORP","10/27/2025","09/25/2025","1","$281.56","$289.99","$281.56","$289.99","$0.00","0%","","$0.00","Short Term","$289.99","Yes","$8.43","10/27/2025","$14,061.74","$16.25","0.115561801029%","","","$16.25","0.11556180102889116%"
"RGTI","RIGETTI COMPUTING IN","10/24/2025","10/23/2025","100","$41.36","$43.14","$4,135.98","$4,314.42","-$178.44","-4.135897756825%","","-$178.44","Short Term","$4,314.42","No","","10/24/2025","$4,125.00","$10.98","0.266181818182%","","","$10.98","0.2661818181818182%"
"GOOG","ALPHABET INC C","10/22/2025","04/07/2025","30","$252.01","$148.34","$7,560.30","$4,450.20","$3,110.10","69.886746663071%","","$3,110.10","Short Term","$4,450.20","No","","10/22/2025","","","","","","",""
"TSLA","TESLA INC","10/22/2025","10/10/2025","10","$434.82","$418.57","$4,348.20","$4,185.70","$162.50","3.882265809781%","","$162.50","Short Term","$4,185.70","No","","10/22/2025","","","","","","",""
"TSLA","TESLA INC","10/22/2025","10/02/2025","10","$434.82","$460.89","$4,348.20","$4,608.90","-$260.70","-5.656447308468%","","-$260.70","Short Term","$4,608.90","No","","10/22/2025","","","","","","",""
"MSFT","MICROSOFT CORP","10/21/2025","08/12/2025","49","$517.34","$524.20","$25,349.65","$25,685.80","-$336.15","-1.308699748499%","","-$336.15","Short Term","$25,685.80","No","","10/21/2025","","","","","","",""
"MSFT","MICROSOFT CORP","10/21/2025","07/30/2025","1","$517.34","$550.91","$517.34","$550.91","-$33.57","-6.093554301066%","","-$33.57","Short Term","$550.91","No","","10/21/2025","","","","","","",""
"CRWV","COREWEAVE INC A","10/17/2025","10/15/2025","25","$140.20","$149.34","$3,505.00","$3,733.54","-$127.98","-3.427845958527%","","-$127.98","Short Term","$3,733.54","Yes","$100.56","10/17/2025","$3,731.00","-$226.00","-6.057357276869%","","","-$226.00","-6.057357276869472%"
"HIMS","HIMS & HERS HEALTH I A","10/17/2025","10/15/2025","30","$56.93","$55.13","$1,707.89","$1,653.95","$53.94","3.261283593821%","","$53.94","Short Term","$1,653.95","No","","10/17/2025","","","","","","",""
"HIMS","HIMS & HERS HEALTH I A","10/17/2025","10/07/2025","20","$56.93","$56.34","$1,138.60","$1,126.79","$11.81","1.048110118123%","","$11.81","Short Term","$1,126.79","No","","10/17/2025","","","","","","",""
"AMD","ADVANCED MICRO DEVIC","10/16/2025","10/13/2025","50","$234.79","$221.98","$11,739.59","$11,099.00","$640.59","5.771601045139%","","$640.59","Short Term","$11,099.00","No","","10/16/2025","","","","","","",""
"HIMS","HIMS & HERS HEALTH I A","10/16/2025","10/02/2025","40","$59.31","$58.08","$2,372.39","$2,323.25","$49.14","2.115140428279%","","$49.14","Short Term","$2,323.25","No","","10/16/2025","","","","","","",""
"HIMS","HIMS & HERS HEALTH I A","10/16/2025","09/19/2025","10","$59.31","$58.57","$593.10","$585.71","$7.39","1.261716549145%","","$7.39","Short Term","$585.71","No","","10/16/2025","","","","","","",""
"AMD","ADVANCED MICRO DEVIC","10/15/2025","10/09/2025","25","$233.80","$225.22","$5,845.12","$5,630.41","$214.71","3.813399024227%","","$214.71","Short Term","$5,630.41","No","","10/15/2025","$11,105.40","$584.84","5.266266861167%","","","$584.84","5.26626686116664%"
"AMD","ADVANCED MICRO DEVIC","10/15/2025","10/06/2025","25","$233.80","$222.24","$5,845.12","$5,555.90","$289.22","5.20563725049%","","$289.22","Short Term","$5,555.90","No","","10/15/2025","$11,105.40","$584.84","5.266266861167%","","","$584.84","5.26626686116664%"
"OKLO","OKLO INC A","10/15/2025","10/13/2025","50","$170.81","$172.28","$8,540.49","$8,614.00","$0.00","0%","","$0.00","Short Term","$8,614.00","Yes","$73.51","10/15/2025","","","","","","",""
"OKLO","OKLO INC A","10/15/2025","10/13/2025","20","$164.49","$159.75","$3,289.83","$3,195.07","$94.76","2.965819215228%","","$94.76","Short Term","$3,195.07","No","","10/15/2025","$5,378.45","$1,036.72","19.275441809443%","","","$1,036.72","19.27544180944324%"
"OKLO","OKLO INC A","10/15/2025","09/19/2025","19","$164.49","$118.21","$3,125.34","$2,246.07","$879.27","39.147043502651%","","$879.27","Short Term","$2,246.07","No","","10/15/2025","$5,378.45","$1,036.72","19.275441809443%","","","$1,036.72","19.27544180944324%"
"RGTI","RIGETTI COMPUTING IN","10/15/2025","10/15/2025","50","$54.34","$58.13","$2,716.99","$2,906.41","$0.00","0%","","$0.00","Short Term","$2,906.41","Yes","$189.42","10/15/2025","$5,447.00","-$13.02","-0.239030659078%","","","-$13.02","-0.23903065907839144%"
"RGTI","RIGETTI COMPUTING IN","10/15/2025","10/13/2025","50","$54.34","$51.59","$2,716.99","$2,579.41","$137.58","5.333777879438%","","$137.58","Short Term","$2,579.41","No","","10/15/2025","$5,447.00","-$13.02","-0.239030659078%","","","-$13.02","-0.23903065907839144%"
"RGTI","RIGETTI COMPUTING IN","10/14/2025","10/13/2025","50","$54.46","$53.34","$2,722.99","$2,666.91","$56.08","2.102808118759%","","$56.08","Short Term","$2,666.91","No","","10/14/2025","$2,647.50","$75.49","2.851369216242%","","","$75.49","2.851369216241737%"
"AMD","ADVANCED MICRO DEVIC","10/10/2025","10/06/2025","25","$219.00","$222.24","$5,475.00","$5,555.91","$0.00","0%","","$0.00","Short Term","$5,555.91","Yes","$80.91","10/10/2025","","","","","","",""
"META","META PLATFORMS INC A","10/10/2025","10/07/2025","5","$711.67","$718.55","$3,558.36","$3,592.75","$0.00","0%","","$0.00","Short Term","$3,592.75","Yes","$34.39","10/10/2025","","","","","","",""
"META","META PLATFORMS INC A","10/10/2025","10/06/2025","9","$711.67","$712.59","$6,405.04","$6,413.31","$0.00","0%","","$0.00","Short Term","$6,413.31","Yes","$8.27","10/10/2025","","","","","","",""
"META","META PLATFORMS INC A","10/10/2025","07/30/2025","1","$711.67","$760.44","$711.67","$760.44","$0.00","0%","","$0.00","Short Term","$760.44","Yes","$48.77","10/10/2025","","","","","","",""
"AMD","ADVANCED MICRO DEVIC","10/09/2025","10/06/2025","50","$233.12","$222.24","$11,655.99","$11,111.81","$544.18","4.897311959078%","","$544.18","Short Term","$11,111.81","No","","10/09/2025","","","","","","",""
"CRWV","COREWEAVE INC A","10/09/2025","10/08/2025","100","$139.60","$139.70","$13,959.98","$13,970.12","$0.00","0%","","$0.00","Short Term","$13,970.12","Yes","$10.14","10/09/2025","","","","","","",""
"GOOG","ALPHABET INC C","10/09/2025","10/01/2025","30","$240.56","$245.68","$7,216.80","$7,370.27","-$153.47","-2.082284638148%","","-$153.47","Short Term","$7,370.27","No","","10/09/2025","","","","","","",""
"ORCL","ORACLE CORP","10/09/2025","10/08/2025","9","$288.89","$287.84","$2,599.98","$2,590.56","$9.42","0.363627941449%","","$9.42","Short Term","$2,590.56","No","","10/09/2025","","","","","","",""
"ORCL","ORACLE CORP","10/09/2025","09/25/2025","15","$288.89","$291.04","$4,333.31","$4,365.60","$0.00","0%","","$0.00","Short Term","$4,365.60","Yes","$32.29","10/09/2025","","","","","","",""
"BABA","ALIBABA GROUP HLDG L ADR","10/07/2025","09/24/2025","50","$183.74","$174.32","$9,186.99","$8,716.16","$470.83","5.401805382187%","","$470.83","Short Term","$8,716.16","No","","10/07/2025","","","","","","",""
"BMNR","BITMINE IMMERSION TE","10/07/2025","10/02/2025","20","$59.85","$54.86","$1,197.00","$1,097.20","$99.80","9.095880422895%","","$99.80","Short Term","$1,097.20","No","","10/07/2025","","","","","","",""
"BMNR","BITMINE IMMERSION TE","10/07/2025","10/01/2025","19","$59.85","$53.27","$1,137.14","$1,012.13","$125.01","12.351180184364%","","$125.01","Short Term","$1,012.13","No","","10/07/2025","","","","","","",""
"BMNR","BITMINE IMMERSION TE","10/07/2025","09/22/2025","10","$59.85","$61.15","$598.50","$611.50","$0.00","0%","","$0.00","Short Term","$611.50","Yes","$13.00","10/07/2025","","","","","","",""
"INTC","INTEL CORP","10/07/2025","10/01/2025","16","$36.47","$35.21","$583.52","$563.36","$20.16","3.578528827038%","","$20.16","Short Term","$563.36","No","","10/07/2025","","","","","","",""
"MU","MICRON TECHNOLOGY IN","10/07/2025","10/02/2025","24","$184.50","$183.91","$4,428.00","$4,413.84","$14.16","0.320809091403%","","$14.16","Short Term","$4,413.84","No","","10/07/2025","","","","","","",""
"OKLO","OKLO INC A","10/07/2025","09/29/2025","30","$134.80","$116.46","$4,043.99","$3,493.86","$550.13","15.745622320299%","","$550.13","Short Term","$3,493.86","No","","10/07/2025","","","","","","",""
"OKLO","OKLO INC A","10/07/2025","09/19/2025","20","$134.80","$136.55","$2,696.00","$2,731.04","$0.00","0%","","$0.00","Short Term","$2,731.04","Yes","$35.04","10/07/2025","","","","","","",""
"QBTS","D-WAVE QUANTUM INC","10/07/2025","08/20/2025","100","$33.93","$14.36","$3,392.98","$1,435.50","$1,957.48","136.362243120864%","","$1,957.48","Short Term","$1,435.50","No","","10/07/2025","","","","","","",""
"ORCL","ORACLE CORP","10/06/2025","09/25/2025","30","$292.21","$291.04","$8,766.30","$8,731.20","$35.10","0.402006597031%","","$35.10","Short Term","$8,731.20","No","","10/06/2025","","","","","","",""
"ORCL","ORACLE CORP","10/06/2025","09/25/2025","15","$291.95","$291.04","$4,379.25","$4,365.60","$13.65","0.312671797691%","","$13.65","Short Term","$4,365.60","No","","10/06/2025","","","","","","",""
"QBTS","D-WAVE QUANTUM INC","10/06/2025","09/02/2025","100","$32.15","$19.51","$3,214.98","$1,951.42","$1,263.56","64.750796855623%","","$1,263.56","Short Term","$1,951.42","No","","10/06/2025","$1,492.50","$1,722.48","115.409045226131%","","","$1,722.48","115.40904522613064%"
"RGTI","RIGETTI COMPUTING IN","10/06/2025","09/19/2025","9","$38.70","$26.79","$348.26","$241.09","$107.17","44.452279231822%","","$107.17","Short Term","$241.09","No","","10/06/2025","$237.60","$110.66","46.574074074074%","","","$110.66","46.574074074074076%"
"BLSH","BULLISH","10/03/2025","10/01/2025","49","$64.82","$61.53","$3,176.18","$3,014.96","$161.22","5.347334624672%","","$161.22","Short Term","$3,014.96","No","","10/03/2025","","","","","","",""
"BLSH","BULLISH","10/03/2025","09/22/2025","1","$64.82","$66.32","$64.82","$66.32","$0.00","0%","","$0.00","Short Term","$66.32","Yes","$1.50","10/03/2025","","","","","","",""
"CRWV","COREWEAVE INC A","10/03/2025","09/30/2025","39","$132.67","$132.47","$5,174.24","$5,166.36","$7.88","0.15252518214%","","$7.88","Short Term","$5,166.36","No","","10/03/2025","","","","","","",""
"INTC","INTEL CORP","10/03/2025","10/01/2025","80","$36.90","$35.21","$2,951.60","$2,816.79","$134.81","4.785944284096%","","$134.81","Short Term","$2,816.79","No","","10/03/2025","","","","","","",""
"QBTS","D-WAVE QUANTUM INC","10/03/2025","09/24/2025","200","$31.63","$28.64","$6,325.97","$5,727.80","$598.17","10.443276650721%","","$598.17","Short Term","$5,727.80","No","","10/03/2025","","","","","","",""
"BABA","ALIBABA GROUP HLDG L ADR","09/30/2025","09/24/2025","50","$178.09","$174.32","$8,904.43","$8,716.16","$188.27","2.160010830457%","","$188.27","Short Term","$8,716.16","No","","09/30/2025","","","","","","",""
"QBTS","D-WAVE QUANTUM INC","09/30/2025","09/24/2025","300","$24.05","$28.64","$7,214.95","$8,591.70","-$917.83","-10.682751958285%","","-$917.83","Short Term","$8,591.70","Yes","$458.92","09/30/2025","","","","","","",""
"SHOP","SHOPIFY INC CLASS A","09/30/2025","09/25/2025","70","$145.88","$143.25","$10,211.59","$10,027.49","$184.10","1.835952965298%","","$184.10","Short Term","$10,027.49","No","","09/30/2025","","","","","","",""
"SHOP","SHOPIFY INC CLASS A","09/30/2025","09/25/2025","4","$146.19","$143.25","$584.78","$573.00","$11.78","2.055846422339%","","$11.78","Short Term","$573.00","No","","09/30/2025","","","","","","",""
"RGTI","RIGETTI COMPUTING IN","09/25/2025","09/19/2025","90","$30.13","$26.79","$2,711.68","$2,410.94","$300.74","12.473972807287%","","$300.74","Short Term","$2,410.94","No","","09/25/2025","$4,951.80","$471.57","9.523203683509%","","","$471.57","9.523203683509026%"
"RGTI","RIGETTI COMPUTING IN","09/25/2025","09/19/2025","90","$30.13","$28.62","$2,711.69","$2,575.80","$135.89","5.275642518829%","","$135.89","Short Term","$2,575.80","No","","09/25/2025","$4,951.80","$471.57","9.523203683509%","","","$471.57","9.523203683509026%"
"UNH","UNITEDHEALTH GROUP I","09/25/2025","09/18/2025","44","$349.34","$343.70","$15,371.06","$15,122.80","$248.26","1.641627211892%","","$248.26","Short Term","$15,122.80","No","","09/25/2025","","","","","","",""
"UNH","UNITEDHEALTH GROUP I","09/25/2025","09/09/2025","5","$349.34","$348.29","$1,746.71","$1,741.46","$5.25","0.301471179355%","","$5.25","Short Term","$1,741.46","No","","09/25/2025","","","","","","",""
"AFRM","AFFIRM HLDGS INC A","09/23/2025","09/15/2025","100","$86.89","$84.00","$8,689.49","$8,399.77","$289.72","3.449142059842%","","$289.72","Short Term","$8,399.77","No","","09/23/2025","","","","","","",""
"META","META PLATFORMS INC A","09/23/2025","09/10/2025","20","$764.00","$763.99","$15,280.00","$15,279.80","$0.20","0.001308917656%","","$0.20","Short Term","$15,279.80","No","","09/23/2025","","","","","","",""
"QBTS","D-WAVE QUANTUM INC","09/22/2025","09/02/2025","100","$24.94","$14.93","$2,494.36","$1,492.50","$1,001.86","67.126298157454%","","$1,001.86","Short Term","$1,492.50","No","","09/22/2025","","","","","","",""
"QBTS","D-WAVE QUANTUM INC","09/22/2025","08/22/2025","100","$24.94","$15.11","$2,494.37","$1,510.81","$983.56","65.101501843382%","","$983.56","Short Term","$1,510.81","No","","09/22/2025","","","","","","",""
"RGTI","RIGETTI COMPUTING IN","09/22/2025","09/19/2025","110","$26.67","$28.62","$2,933.68","$3,148.20","-$214.52","-6.81405247443%","","-$214.52","Short Term","$3,148.20","No","","09/22/2025","","","","","","",""
"RGTI","RIGETTI COMPUTING IN","09/19/2025","09/19/2025","300","$28.23","$28.62","$8,469.54","$8,586.00","-$19.41","-0.22606568833%","","-$19.41","Short Term","$8,586.00","Yes","$97.05","09/19/2025","","","","","","",""
"QBTS","D-WAVE QUANTUM INC","09/18/2025","08/22/2025","100","$23.94","$15.11","$2,393.98","$1,510.81","$883.17","58.456721890906%","","$883.17","Short Term","$1,510.81","No","","09/18/2025","","","","","","",""
"QBTS","D-WAVE QUANTUM INC","09/18/2025","08/04/2025","200","$23.94","$16.96","$4,787.97","$3,392.00","$1,395.97","41.154775943396%","","$1,395.97","Short Term","$3,392.00","No","","09/18/2025","","","","","","",""
"AFRM","AFFIRM HLDGS INC A","09/16/2025","09/15/2025","100","$87.22","$84.00","$8,722.48","$8,399.78","$322.70","3.841767284381%","","$322.70","Short Term","$8,399.78","No","","09/16/2025","","","","","","",""
"GOOG","ALPHABET INC C","09/16/2025","04/22/2025","30","$250.14","$150.87","$7,504.15","$4,526.10","$2,978.05","65.79726475332%","","$2,978.05","Short Term","$4,526.10","No","","09/16/2025","","","","","","",""
"GOOG","ALPHABET INC C","09/16/2025","04/07/2025","20","$250.14","$148.34","$5,002.77","$2,966.80","$2,035.97","68.625117972226%","","$2,035.97","Short Term","$2,966.80","No","","09/16/2025","","","","","","",""
"GOOG","ALPHABET INC C","09/16/2025","02/24/2025","50","$250.14","$182.16","$12,506.92","$9,107.75","$3,399.17","37.32173149241%","","$3,399.17","Short Term","$9,107.75","No","","09/16/2025","","","","","","",""
"UNH","UNITEDHEALTH GROUP I","09/15/2025","09/09/2025","45","$348.86","$348.29","$15,698.69","$15,673.12","$25.57","0.16314556387%","","$25.57","Short Term","$15,673.12","No","","09/15/2025","","","","","","",""
"GOOG","ALPHABET INC C","09/11/2025","02/20/2025","50","$240.00","$185.51","$11,999.92","$9,275.45","$2,724.47","29.372914521667%","","$2,724.47","Short Term","$9,275.45","No","","09/11/2025","","","","","","",""
"GOOG","ALPHABET INC C","09/11/2025","02/19/2025","50","$240.00","$186.69","$11,999.93","$9,334.50","$2,665.43","28.554609245273%","","$2,665.43","Short Term","$9,334.50","No","","09/11/2025","","","","","","",""
"TTD","THE TRADE DESK INC A","09/10/2025","08/22/2025","99","$46.72","$53.41","$4,625.27","$5,287.59","-$662.32","-12.525933364728%","","-$662.32","Short Term","$5,287.59","No","","09/10/2025","$13,383.48","-$1,703.49","-12.728303849223%","-$6.69","-12.525744242651191%","-$1,696.80","-12.729115451006637%"
"TTD","THE TRADE DESK INC A","09/10/2025","04/09/2025","50","$46.72","$54.03","$2,336.00","$2,701.48","$0.00","0%","","$0.00","Short Term","$2,701.48","Yes","$365.48","09/10/2025","$13,383.48","-$1,703.49","-12.728303849223%","-$6.69","-12.525744242651191%","-$1,696.80","-12.729115451006637%"
"TTD","THE TRADE DESK INC A","09/10/2025","01/24/2025","50","$46.72","$91.41","$2,336.00","$4,570.31","-$2,234.31","-48.887493408543%","","-$2,234.31","Short Term","$4,570.31","No","","09/10/2025","$13,383.48","-$1,703.49","-12.728303849223%","-$6.69","-12.525744242651191%","-$1,696.80","-12.729115451006637%"
"TTD","THE TRADE DESK INC A","09/10/2025","01/18/2025","50","$46.72","$83.97","$2,336.00","$4,198.30","-$1,862.30","-44.358430793416%","","-$1,862.30","Short Term","$4,198.30","No","","09/10/2025","$13,383.48","-$1,703.49","-12.728303849223%","-$6.69","-12.525744242651191%","-$1,696.80","-12.729115451006637%"
"TTD","THE TRADE DESK INC A","09/10/2025","08/27/2024","1","$46.72","$55.90","$46.72","$55.90","-$9.18","-16.422182468694%","-$9.18","","Long Term","$55.90","No","","09/10/2025","$13,383.48","-$1,703.49","-12.728303849223%","-$6.69","-12.525744242651191%","-$1,696.80","-12.729115451006637%"
"AMD","ADVANCED MICRO DEVIC","09/05/2025","08/21/2025","49","$150.71","$166.58","$7,384.78","$8,162.43","-$777.65","-9.527187369448%","","-$777.65","Short Term","$8,162.43","No","","09/05/2025","$8,114.50","-$579.01","-7.135498182266%","","","-$579.01","-7.135498182266313%"
"AMD","ADVANCED MICRO DEVIC","09/05/2025","07/29/2025","1","$150.71","$175.93","$150.71","$175.93","-$25.22","-14.335246973228%","","-$25.22","Short Term","$175.93","No","","09/05/2025","$8,114.50","-$579.01","-7.135498182266%","","","-$579.01","-7.135498182266313%"
"AMD","ADVANCED MICRO DEVIC","09/04/2025","09/02/2025","49","$161.61","$162.29","$7,918.88","$7,952.21","-$33.33","-0.419128770493%","","-$33.33","Short Term","$7,952.21","No","","09/04/2025","$16,413.11","-$252.13","-1.536150065405%","","","-$252.13","-1.5361500654050328%"
"AMD","ADVANCED MICRO DEVIC","09/04/2025","08/21/2025","50","$161.61","$165.90","$8,080.49","$8,295.00","$0.00","0%","","$0.00","Short Term","$8,295.00","Yes","$214.51","09/04/2025","$16,413.11","-$252.13","-1.536150065405%","","","-$252.13","-1.5361500654050328%"
"AMD","ADVANCED MICRO DEVIC","09/04/2025","07/29/2025","1","$161.61","$175.25","$161.61","$175.25","$0.00","0%","","$0.00","Short Term","$175.25","Yes","$13.64","09/04/2025","$16,413.11","-$252.13","-1.536150065405%","","","-$252.13","-1.5361500654050328%"
"GOOG","ALPHABET INC C","09/04/2025","01/30/2025","70","$227.66","$199.99","$15,936.08","$13,999.30","$1,936.78","13.834834598873%","","$1,936.78","Short Term","$13,999.30","No","","09/04/2025","","","","","","",""
"UBER","UBER TECHNOLOGIES IN","09/04/2025","08/04/2025","4","$91.51","$87.70","$366.05","$350.80","$15.25","4.347206385405%","","$15.25","Short Term","$350.80","No","","09/04/2025","","","","","","",""
"GOOG","ALPHABET INC C","09/03/2025","08/22/2025","20","$229.76","$204.87","$4,595.20","$4,097.46","$497.74","12.147525540213%","","$497.74","Short Term","$4,097.46","No","","09/03/2025","","","","","","",""
"GOOG","ALPHABET INC C","09/03/2025","01/30/2025","30","$229.76","$199.99","$6,892.79","$5,999.70","$893.09","14.885577612214%","","$893.09","Short Term","$5,999.70","No","","09/03/2025","","","","","","",""
"UBER","UBER TECHNOLOGIES IN","09/02/2025","08/04/2025","5","$92.41","$87.70","$462.05","$438.50","$23.55","5.370581527936%","","$23.55","Short Term","$438.50","No","","09/02/2025","","","","","","",""
"UBER","UBER TECHNOLOGIES IN","09/02/2025","08/04/2025","20","$92.41","$88.45","$1,848.20","$1,769.10","$79.10","4.471200045221%","","$79.10","Short Term","$1,769.10","No","","09/02/2025","","","","","","",""
"AFRM","AFFIRM HLDGS INC A","08/29/2025","08/28/2025","50","$92.15","$91.18","$4,607.49","$4,559.00","$48.49","1.063610440886%","","$48.49","Short Term","$4,559.00","No","","08/29/2025","","","","","","",""
"AMD","ADVANCED MICRO DEVIC","08/29/2025","08/21/2025","49","$166.25","$165.90","$8,146.25","$8,129.10","$17.15","0.210970464135%","","$17.15","Short Term","$8,129.10","No","","08/29/2025","","","","","","",""
"AMD","ADVANCED MICRO DEVIC","08/29/2025","07/29/2025","1","$166.25","$175.60","$166.25","$175.60","$0.00","0%","","$0.00","Short Term","$175.60","Yes","$9.35","08/29/2025","","","","","","",""
"UBER","UBER TECHNOLOGIES IN","08/29/2025","08/04/2025","30","$92.04","$88.45","$2,761.20","$2,653.65","$107.55","4.052908258436%","","$107.55","Short Term","$2,653.65","No","","08/29/2025","","","","","","",""
"EDU","NEW ORIENTAL ED & TE ADR","08/28/2025","01/07/2025","100","$47.13","$64.19","$4,713.38","$6,419.50","-$1,706.12","-26.57714775294%","","-$1,706.12","Short Term","$6,419.50","No","","08/28/2025","","","","","","",""
"EDU","NEW ORIENTAL ED & TE ADR","08/28/2025","10/28/2024","200","$47.13","$64.18","$9,426.77","$12,835.98","-$3,409.21","-26.559795200678%","","-$3,409.21","Short Term","$12,835.98","No","","08/28/2025","","","","","","",""
"UBER","UBER TECHNOLOGIES IN","08/28/2025","08/04/2025","50","$95.31","$88.45","$4,765.49","$4,422.75","$342.74","7.749477135267%","","$342.74","Short Term","$4,422.75","No","","08/28/2025","","","","","","",""
"SOFI","SOFI TECHNOLOGIES IN","08/27/2025","07/31/2025","250","$24.75","$22.60","$6,187.46","$5,649.98","$537.48","9.512954028156%","","$537.48","Short Term","$5,649.98","No","","08/27/2025","","","","","","",""
"QBTS","D-WAVE QUANTUM INC","08/13/2025","07/30/2025","500","$18.37","$18.36","$9,184.92","$9,177.50","$7.42","0.080849904658%","","$7.42","Short Term","$9,177.50","No","","08/13/2025","","","","","","",""
"HUBS","HUBSPOT INC","08/08/2025","05/30/2025","5","$452.78","$583.63","$2,263.89","$2,918.16","-$654.27","-22.420634920635%","","-$654.27","Short Term","$2,918.16","No","","08/08/2025","","","","","","",""
"HUBS","HUBSPOT INC","08/08/2025","05/13/2025","30","$452.78","$663.00","$13,583.33","$19,890.00","-$2,102.22","-10.569230769231%","","-$2,102.22","Short Term","$19,890.00","Yes","$4,204.45","08/08/2025","","","","","","",""
"TEAM","ATLASSIAN CORP A","08/08/2025","06/04/2025","50","$168.62","$211.40","$8,430.99","$10,570.00","-$2,139.01","-20.236613055818%","","-$2,139.01","Short Term","$10,570.00","No","","08/08/2025","","","","","","",""
"TTD","THE TRADE DESK INC A","08/08/2025","04/09/2025","150","$59.18","$54.03","$8,876.98","$8,104.44","$772.54","9.532305748454%","","$772.54","Short Term","$8,104.44","No","","08/08/2025","","","","","","",""
"PLTR","PALANTIR TECHNOLOGIE A","08/07/2025","08/04/2025","100","$179.99","$168.40","$17,998.98","$16,840.00","$1,158.98","6.882304038005%","","$1,158.98","Short Term","$16,840.00","No","","08/07/2025","","","","","","",""
"RGTI","RIGETTI COMPUTING IN","08/07/2025","07/31/2025","200","$15.56","$15.02","$3,111.99","$3,004.00","$107.99","3.594873501997%","","$107.99","Short Term","$3,004.00","No","","08/07/2025","","","","","","",""
"RGTI","RIGETTI COMPUTING IN","08/07/2025","07/31/2025","100","$15.64","$15.02","$1,564.48","$1,502.00","$62.48","4.159786950732%","","$62.48","Short Term","$1,502.00","No","","08/07/2025","","","","","","",""
"SOFI","SOFI TECHNOLOGIES IN","08/07/2025","08/04/2025","200","$21.97","$21.42","$4,394.87","$4,283.04","$111.83","2.610995928126%","","$111.83","Short Term","$4,283.04","No","","08/07/2025","","","","","","",""
"TTD","THE TRADE DESK INC A","08/07/2025","03/24/2025","100","$62.74","$58.80","$6,274.04","$5,880.00","$394.04","6.701360544218%","","$394.04","Short Term","$5,880.00","No","","08/07/2025","$14,078.50","$1,606.59","11.411656071314%","","","$1,606.59","11.411656071314415%"
"TTD","THE TRADE DESK INC A","08/07/2025","03/17/2025","100","$62.74","$56.45","$6,274.03","$5,645.00","$629.03","11.143135518158%","","$629.03","Short Term","$5,645.00","No","","08/07/2025","$14,078.50","$1,606.59","11.411656071314%","","","$1,606.59","11.411656071314415%"
"TTD","THE TRADE DESK INC A","08/07/2025","01/03/2025","50","$62.74","$93.30","$3,137.02","$4,664.82","$0.00","0%","","$0.00","Short Term","$4,664.82","Yes","$1,527.80","08/07/2025","$14,078.50","$1,606.59","11.411656071314%","","","$1,606.59","11.411656071314415%"
"TTD","THE TRADE DESK INC A","08/01/2025","01/03/2025","50","$82.38","$120.38","$4,118.99","$6,018.80","$0.00","0%","","$0.00","Short Term","$6,018.80","Yes","$1,899.81","08/01/2025","","","","","","",""
"TTD","THE TRADE DESK INC A","08/01/2025","08/06/2024","1","$82.38","$84.87","$82.38","$84.87","$0.00","0%","","$0.00","Short Term","$84.87","Yes","$2.49","08/01/2025","","","","","","",""
"UAL","UNITED AIRLINES HLDG","08/01/2025","06/23/2025","50","$83.50","$78.71","$4,174.89","$3,935.50","$239.39","6.082835726083%","","$239.39","Short Term","$3,935.50","No","","08/01/2025","","","","","","",""
"UAL","UNITED AIRLINES HLDG","08/01/2025","06/13/2025","100","$83.50","$74.42","$8,349.78","$7,442.00","$907.78","12.198065036281%","","$907.78","Short Term","$7,442.00","No","","08/01/2025","","","","","","",""
"UAL","UNITED AIRLINES HLDG","08/01/2025","06/06/2025","150","$83.50","$81.90","$12,524.68","$12,285.00","$239.68","1.950997150997%","","$239.68","Short Term","$12,285.00","No","","08/01/2025","","","","","","",""
"NVDA","NVIDIA CORP","07/24/2025","07/15/2025","70","$172.29","$170.40","$12,060.30","$11,928.00","$132.30","1.109154929577%","","$132.30","Short Term","$11,928.00","No","","07/24/2025","","","","","","",""
"GOOG","ALPHABET INC C","07/03/2025","06/24/2025","20","$179.93","$168.96","$3,598.59","$3,379.20","$219.39","6.492365056818%","","$219.39","Short Term","$3,379.20","No","","07/03/2025","","","","","","",""
"GOOG","ALPHABET INC C","07/03/2025","05/22/2025","50","$179.93","$171.02","$8,996.47","$8,551.00","$445.47","5.209566132616%","","$445.47","Short Term","$8,551.00","No","","07/03/2025","","","","","","",""
"PLTR","PALANTIR TECHNOLOGIE A","07/01/2025","04/14/2025","90","$129.81","$90.65","$11,682.85","$8,158.50","$3,524.35","43.198504627076%","","$3,524.35","Short Term","$8,158.50","No","","07/01/2025","","","","","","",""
"UAL","UNITED AIRLINES HLDG","06/09/2025","06/06/2025","150","$83.55","$81.90","$12,532.48","$12,285.00","$247.48","2.014489214489%","","$247.48","Short Term","$12,285.00","No","","06/09/2025","","","","","","",""
"COIN","COINBASE GLOBAL INC A","06/06/2025","05/12/2025","5","$252.75","$206.88","$1,263.75","$1,034.40","$229.35","22.172273781903%","","$229.35","Short Term","$1,034.40","No","","06/06/2025","$8,275.20","$1,834.79","22.172152938902%","","","$1,834.79","22.172152938901775%"
"COIN","COINBASE GLOBAL INC A","06/06/2025","02/20/2025","35","$252.75","$209.28","$8,846.24","$7,324.92","$1,521.32","20.769100549904%","","$1,521.32","Short Term","$7,324.92","No","","06/06/2025","$8,275.20","$1,834.79","22.172152938902%","","","$1,834.79","22.172152938901775%"
"PLTR","PALANTIR TECHNOLOGIE A","06/06/2025","06/06/2025","100","$124.30","$123.34","$12,429.98","$12,334.00","$95.98","0.778174152749%","","$95.98","Short Term","$12,334.00","No","","06/06/2025","","","","","","",""
"PLTR","PALANTIR TECHNOLOGIE A","06/06/2025","06/06/2025","100","$124.34","$123.34","$12,434.48","$12,334.00","$100.48","0.814658667099%","","$100.48","Short Term","$12,334.00","No","","06/06/2025","","","","","","",""
"SHOP","SHOPIFY INC A","05/30/2025","05/27/2025","200","$104.89","$103.50","$20,977.97","$20,700.00","$277.97","1.342850241546%","","$277.97","Short Term","$20,700.00","No","","05/30/2025","","","","","","",""
"COIN","COINBASE GLOBAL INC A","05/29/2025","02/25/2025","10","$251.82","$210.70","$2,518.20","$2,107.00","$411.20","19.515899383009%","","$411.20","Short Term","$2,107.00","No","","05/29/2025","$8,313.40","$1,759.39","21.163302619867%","","","$1,759.39","21.163302619866734%"
"COIN","COINBASE GLOBAL INC A","05/29/2025","02/20/2025","30","$251.82","$209.28","$7,554.59","$6,278.50","$1,276.09","20.324759098511%","","$1,276.09","Short Term","$6,278.50","No","","05/29/2025","$8,313.40","$1,759.39","21.163302619867%","","","$1,759.39","21.163302619866734%"
"COIN","COINBASE GLOBAL INC A","05/19/2025","02/25/2025","15","$259.00","$210.70","$3,884.99","$3,160.50","$724.49","22.923271634235%","","$724.49","Short Term","$3,160.50","No","","05/19/2025","$16,529.40","$2,895.59","17.51781673866%","","","$2,895.59","17.5178167386596%"
"COIN","COINBASE GLOBAL INC A","05/19/2025","02/21/2025","25","$259.00","$235.80","$6,475.00","$5,895.00","$580.00","9.838846480068%","","$580.00","Short Term","$5,895.00","No","","05/19/2025","$16,529.40","$2,895.59","17.51781673866%","","","$2,895.59","17.5178167386596%"
"COIN","COINBASE GLOBAL INC A","05/19/2025","02/20/2025","5","$259.00","$253.50","$1,295.00","$1,267.50","$27.50","2.169625246548%","","$27.50","Short Term","$1,267.50","No","","05/19/2025","$16,529.40","$2,895.59","17.51781673866%","","","$2,895.59","17.5178167386596%"
"COIN","COINBASE GLOBAL INC A","05/19/2025","02/20/2025","30","$259.00","$251.05","$7,770.00","$7,531.49","$238.51","3.16683684105%","","$238.51","Short Term","$7,531.49","No","","05/19/2025","$16,529.40","$2,895.59","17.51781673866%","","","$2,895.59","17.5178167386596%"
"COIN","COINBASE GLOBAL INC A","05/15/2025","02/20/2025","65","$251.10","$253.50","$16,321.28","$16,477.50","$0.00","0%","","$0.00","Short Term","$16,477.50","Yes","$156.22","05/15/2025","$21,960.54","$1,893.64","8.622920929995%","","","$1,893.64","8.622920929995352%"
"COIN","COINBASE GLOBAL INC A","05/15/2025","02/20/2025","30","$251.10","$295.27","$7,532.90","$8,857.99","$0.00","0%","","$0.00","Short Term","$8,857.99","Yes","$1,325.09","05/15/2025","$21,960.54","$1,893.64","8.622920929995%","","","$1,893.64","8.622920929995352%"
"MSFT","MICROSOFT CORP","05/13/2025","04/22/2025","10","$447.00","$362.27","$4,469.95","$3,622.70","$847.25","23.387252601651%","","$847.25","Short Term","$3,622.70","No","","05/13/2025","","","","","","",""
"MSFT","MICROSOFT CORP","05/13/2025","04/09/2025","20","$447.00","$386.23","$8,939.90","$7,724.52","$1,215.38","15.734052083495%","","$1,215.38","Short Term","$7,724.52","No","","05/13/2025","","","","","","",""
"TTD","THE TRADE DESK INC A","05/13/2025","01/03/2025","50","$78.15","$120.38","$3,907.49","$6,018.81","$0.00","0%","","$0.00","Short Term","$6,018.81","Yes","$2,111.32","05/13/2025","","","","","","",""
"TTD","THE TRADE DESK INC A","05/13/2025","02/26/2025","50","$79.14","$75.49","$3,956.99","$3,774.50","$182.49","4.834812557955%","","$182.49","Short Term","$3,774.50","No","","05/13/2025","","","","","","",""
"MSFT","MICROSOFT CORP","05/06/2025","04/09/2025","30","$432.61","$386.23","$12,978.24","$11,586.77","$1,391.47","12.009127651623%","","$1,391.47","Short Term","$11,586.77","No","","05/06/2025","","","","","","",""
"PLTR","PALANTIR TECHNOLOGIE A","05/06/2025","04/14/2025","150","$111.66","$90.65","$16,748.65","$13,597.50","$3,151.15","23.174480603052%","","$3,151.15","Short Term","$13,597.50","No","","05/06/2025","","","","","","",""
"COIN","COINBASE GLOBAL INC A","04/07/2025","02/20/2025","80","$141.00","$253.50","$11,280.13","$20,280.00","-$5,624.92","-27.736291913215%","","-$5,624.92","Short Term","$20,280.00","Yes","$3,374.95","04/07/2025","","","","","","",""
"FUTU","FUTU HLDGS LTD ADR","04/07/2025","11/19/2024","10","$76.27","$93.00","$762.68","$929.97","-$167.29","-17.988752325344%","","-$167.29","Short Term","$929.97","No","","04/07/2025","","","","","","",""
"META","META PLATFORMS INC A","04/04/2025","02/20/2025","1","$504.00","$745.89","$504.00","$745.89","-$241.89","-32.429714837308%","","-$241.89","Short Term","$745.89","No","","04/04/2025","$674.00","-$170.00","-25.222551928783%","","","-$170.00","-25.222551928783382%"
"PDD","PDD HOLDINGS INC ADR ADR","04/04/2025","12/09/2024","4","$102.73","$112.10","$410.94","$448.39","-$37.45","-8.352104195009%","","-$37.45","Short Term","$448.39","No","","04/04/2025","$439.00","-$28.06","-6.391799544419%","","","-$28.06","-6.3917995444191344%"
"PLTR","PALANTIR TECHNOLOGIE A","04/04/2025","09/18/2024","10","$79.14","$36.44","$791.38","$364.35","$427.03","117.203238644161%","","$427.03","Short Term","$364.35","No","","04/04/2025","","","","","","",""
"AFRM","AFFIRM HLDGS INC A","03/17/2025","03/10/2025","100","$47.05","$44.78","$4,704.86","$4,478.50","$226.36","5.054370883108%","","$226.36","Short Term","$4,478.50","No","","03/17/2025","$21,269.00","-$2,449.55","-11.516996567775%","","","-$2,449.55","-11.516996567774697%"
"AFRM","AFFIRM HLDGS INC A","03/17/2025","03/04/2025","100","$47.05","$53.60","$4,704.86","$5,360.20","-$655.34","-12.226036341928%","","-$655.34","Short Term","$5,360.20","No","","03/17/2025","$21,269.00","-$2,449.55","-11.516996567775%","","","-$2,449.55","-11.516996567774697%"
"AFRM","AFFIRM HLDGS INC A","03/17/2025","03/01/2025","200","$47.05","$67.24","$9,409.73","$13,447.90","-$4,038.17","-30.028257200009%","","-$4,038.17","Short Term","$13,447.90","No","","03/17/2025","$21,269.00","-$2,449.55","-11.516996567775%","","","-$2,449.55","-11.516996567774697%"
"META","META PLATFORMS INC A","03/04/2025","02/22/2025","24","$628.10","$705.25","$15,074.46","$16,925.96","-$1,851.50","-10.938818241329%","","-$1,851.50","Short Term","$16,925.96","No","","03/04/2025","$16,875.99","-$1,173.43","-6.953251335181%","","","-$1,173.43","-6.953251335180935%"
"META","META PLATFORMS INC A","03/04/2025","02/20/2025","1","$628.10","$699.99","$628.10","$699.99","$0.00","0%","","$0.00","Short Term","$699.99","Yes","$71.89","03/04/2025","$16,875.99","-$1,173.43","-6.953251335181%","","","-$1,173.43","-6.953251335180935%"
"AFRM","AFFIRM HLDGS INC A","02/24/2025","08/15/2024","300","$65.50","$28.20","$19,649.40","$8,460.00","$11,189.40","132.262411347518%","","$11,189.40","Short Term","$8,460.00","No","","02/24/2025","","","","","","",""
"AFRM","AFFIRM HLDGS INC A","02/24/2025","02/21/2025","100","$65.48","$68.61","$6,547.80","$6,861.00","$0.00","0%","","$0.00","Short Term","$6,861.00","Yes","$313.20","02/24/2025","","","","","","",""
"AFRM","AFFIRM HLDGS INC A","02/24/2025","02/20/2025","200","$65.48","$74.00","$13,095.60","$14,800.00","$0.00","0%","","$0.00","Short Term","$14,800.00","Yes","$1,704.40","02/24/2025","","","","","","",""
"META","META PLATFORMS INC A","02/24/2025","02/20/2025","24","$668.74","$699.99","$16,049.80","$16,799.76","$0.00","0%","","$0.00","Short Term","$16,799.76","Yes","$749.96","02/24/2025","","","","","","",""
"HIMS","HIMS & HERS HEALTH I A","02/21/2025","02/19/2025","100","$53.04","$70.00","$5,303.58","$7,000.00","-$1,696.42","-24.234571428571%","","-$1,696.42","Short Term","$7,000.00","No","","02/21/2025","","","","","","",""
"COST","COSTCO WHSL CORP NEW","02/20/2025","02/05/2025","20","$1,040.97","$1,040.43","$20,819.42","$20,808.70","$10.72","0.051516913599%","","$10.72","Short Term","$20,808.70","No","","02/20/2025","","","","","","",""
"AFRM","AFFIRM HLDGS INC A","02/12/2025","01/14/2025","500","$75.60","$56.30","$37,798.87","$28,149.95","$9,648.92","34.276863724447%","","$9,648.92","Short Term","$28,149.95","No","","02/12/2025","","","","","","",""
"NVDA","NVIDIA CORP","02/12/2025","02/03/2025","50","$130.96","$116.46","$6,547.81","$5,823.00","$724.81","12.447363901769%","","$724.81","Short Term","$5,823.00","No","","02/12/2025","$25,484.37","$706.87","2.77373935475%","","","$706.87","2.773739354749601%"
"NVDA","NVIDIA CORP","02/12/2025","01/14/2025","100","$130.96","$136.30","$13,095.62","$13,629.90","-$534.28","-3.919911371323%","","-$534.28","Short Term","$13,629.90","No","","02/12/2025","$25,484.37","$706.87","2.77373935475%","","","$706.87","2.773739354749601%"
"NVDA","NVIDIA CORP","02/12/2025","08/15/2024","50","$130.96","$122.26","$6,547.81","$6,113.09","$434.72","7.11129723266%","","$434.72","Short Term","$6,113.09","No","","02/12/2025","$25,484.37","$706.87","2.77373935475%","","","$706.87","2.773739354749601%"
"PDD","PDD HOLDINGS INC ADR","02/03/2025","01/27/2025","95","$105.05","$109.75","$9,979.93","$10,426.24","-$446.31","-4.280641918851%","","-$446.31","Short Term","$10,426.24","No","","02/03/2025","","","","","","",""
"PDD","PDD HOLDINGS INC ADR","02/03/2025","01/21/2025","100","$105.05","$108.29","$10,505.20","$10,829.25","-$324.05","-2.992358658263%","","-$324.05","Short Term","$10,829.25","No","","02/03/2025","","","","","","",""
"PDD","PDD HOLDINGS INC ADR","02/03/2025","12/09/2024","5","$105.05","$107.40","$525.26","$537.00","$0.00","0%","","$0.00","Short Term","$537.00","Yes","$11.74","02/03/2025","","","","","","",""
"SOFI","SOFI TECHNOLOGIES IN","01/31/2025","01/28/2025","600","$15.63","$16.12","$9,380.64","$9,672.00","-$291.36","-3.012406947891%","","-$291.36","Short Term","$9,672.00","No","","01/31/2025","","","","","","",""
"AFRM","AFFIRM HLDGS INC A","01/13/2025","04/26/2024","100","$53.50","$33.29","$5,349.83","$3,328.80","$2,021.03","60.713470319635%","","$2,021.03","Short Term","$3,328.80","No","","01/13/2025","","","","","","",""
"AFRM","AFFIRM HLDGS INC A","01/13/2025","03/13/2024","100","$53.50","$39.21","$5,349.84","$3,920.84","$1,429.00","36.446271717285%","","$1,429.00","Short Term","$3,920.84","No","","01/13/2025","","","","","","",""
"AFRM","AFFIRM HLDGS INC A","01/10/2025","08/23/2024","500","$56.28","$31.13","$28,139.14","$15,565.00","$12,574.14","80.784709283649%","","$12,574.14","Short Term","$15,565.00","No","","01/10/2025","","","","","","",""
"ROKU","ROKU INC A","01/10/2025","11/01/2024","200","$79.21","$64.05","$15,841.05","$12,809.76","$3,031.29","23.663909394087%","","$3,031.29","Short Term","$12,809.76","No","","01/10/2025","","","","","","",""
"PLTR","PALANTIR TECHNOLOGIE A","01/08/2025","09/18/2024","90","$67.48","$36.44","$6,073.02","$3,279.15","$2,793.87","85.201042953204%","","$2,793.87","Short Term","$3,279.15","No","","01/08/2025","","","","","","",""
"PLTR","PALANTIR TECHNOLOGIE A","01/08/2025","07/29/2024","60","$67.48","$27.73","$4,048.68","$1,663.80","$2,384.88","143.339343671114%","","$2,384.88","Short Term","$1,663.80","No","","01/08/2025","","","","","","",""
"BRZE","BRAZE INC A","12/30/2024","12/06/2023","100","$41.54","$57.25","$4,153.86","$5,725.22","-$1,571.36","-27.446281540273%","-$1,571.36","","Long Term","$5,725.22","No","","12/30/2024","","","","","","",""
"FUTU","FUTU HLDGS LTD ADR","12/30/2024","11/19/2024","190","$79.96","$93.00","$15,192.66","$17,669.53","-$2,476.87","-14.017746934978%","","-$2,476.87","Short Term","$17,669.53","No","","12/30/2024","","","","","","",""
"FUTU","FUTU HLDGS LTD ADR","12/30/2024","11/11/2024","100","$79.96","$98.24","$7,996.13","$9,824.00","-$1,827.87","-18.606168566775%","","-$1,827.87","Short Term","$9,824.00","No","","12/30/2024","","","","","","",""
"FUTU","FUTU HLDGS LTD ADR","12/30/2024","11/06/2024","100","$79.96","$96.23","$7,996.13","$9,623.00","-$1,626.87","-16.906058401746%","","-$1,626.87","Short Term","$9,623.00","No","","12/30/2024","","","","","","",""
"FUTU","FUTU HLDGS LTD ADR","12/30/2024","10/22/2024","200","$79.96","$94.00","$15,992.26","$18,800.00","-$2,807.74","-14.934787234043%","","-$2,807.74","Short Term","$18,800.00","No","","12/30/2024","","","","","","",""
"FUTU","FUTU HLDGS LTD ADR","12/30/2024","01/24/2024","10","$79.96","$48.97","$799.61","$489.67","$309.94","63.295688933363%","","$309.94","Short Term","$489.67","No","","12/30/2024","","","","","","",""
"SOFI","SOFI TECHNOLOGIES IN","12/18/2024","11/06/2024","500","$15.24","$11.87","$7,619.71","$5,935.00","$1,684.71","28.38601516428%","","$1,684.71","Short Term","$5,935.00","No","","12/18/2024","","","","","","",""
"UAL","UNITED AIRLINES HLDG","12/18/2024","11/20/2024","300","$91.29","$93.54","$27,386.79","$28,062.00","-$675.21","-2.40613641223%","","-$675.21","Short Term","$28,062.00","No","","12/18/2024","","","","","","",""
"PDD","PDD HOLDINGS INC ADR","12/10/2024","12/09/2024","195","$104.71","$107.40","$20,417.86","$20,943.00","-$525.14","-2.507472663897%","","-$525.14","Short Term","$20,943.00","No","","12/10/2024","","","","","","",""
"PDD","PDD HOLDINGS INC ADR","12/10/2024","11/08/2021","5","$104.71","$83.46","$523.53","$417.30","$106.23","25.456506110712%","$106.23","","Long Term","$417.30","No","","12/10/2024","","","","","","",""
"GOOG","ALPHABET INC C","12/02/2024","08/12/2024","10","$170.88","$162.54","$1,708.85","$1,625.37","$83.48","5.136061327575%","","$83.48","Short Term","$1,625.37","No","","12/02/2024","$1,542.49","$166.36","10.785159060999%","","","$166.36","10.785159060998776%"
"PLTR","PALANTIR TECHNOLOGIE A","11/18/2024","07/29/2024","50","$60.43","$27.73","$3,021.41","$1,386.50","$1,634.91","117.916336098089%","","$1,634.91","Short Term","$1,386.50","No","","11/18/2024","","","","","","",""
"AFRM","AFFIRM HLDGS INC A","11/12/2024","10/28/2024","300","$55.77","$43.09","$16,730.48","$12,927.00","$3,803.48","29.42275856734%","","$3,803.48","Short Term","$12,927.00","No","","11/12/2024","","","","","","",""
"KVYO","KLAVIYO INC","11/07/2024","11/06/2024","200","$33.18","$39.63","$6,636.79","$7,926.84","-$1,290.05","-16.274454889969%","","-$1,290.05","Short Term","$7,926.84","No","","11/07/2024","","","","","","",""
"COIN","COINBASE GLOBAL INC A","11/06/2024","11/01/2024","100","$248.27","$185.00","$24,827.29","$18,500.00","$6,327.29","34.201567567568%","","$6,327.29","Short Term","$18,500.00","No","","11/06/2024","","","","","","",""
"PLTR","PALANTIR TECHNOLOGIE A","11/05/2024","11/04/2024","200","$50.83","$46.64","$10,166.81","$9,328.00","$838.81","8.992388507719%","","$838.81","Short Term","$9,328.00","No","","11/05/2024","","","","","","",""
"NFLX","NETFLIX INC","10/23/2024","10/17/2024","25","$750.12","$721.00","$18,753.11","$18,025.00","$728.11","4.039445214979%","","$728.11","Short Term","$18,025.00","No","","10/23/2024","","","","","","",""
"AMD","ADVANCED MICRO DEVIC","10/15/2024","09/12/2024","50","$157.00","$150.22","$7,849.77","$7,511.00","$338.77","4.510318199973%","","$338.77","Short Term","$7,511.00","No","","10/15/2024","","","","","","",""
"AMD","ADVANCED MICRO DEVIC","10/15/2024","08/23/2024","50","$157.00","$155.80","$7,849.77","$7,790.00","$59.77","0.767265725289%","","$59.77","Short Term","$7,790.00","No","","10/15/2024","","","","","","",""
"FUTU","FUTU HLDGS LTD ADR","10/15/2024","01/24/2024","90","$97.31","$48.97","$8,758.28","$4,407.00","$4,351.28","98.735647832993%","","$4,351.28","Short Term","$4,407.00","No","","10/15/2024","","","","","","",""
"FUTU","FUTU HLDGS LTD ADR","10/15/2024","12/18/2023","100","$97.31","$51.39","$9,731.42","$5,139.27","$4,592.15","89.354130061273%","","$4,592.15","Short Term","$5,139.27","No","","10/15/2024","","","","","","",""
"FUTU","FUTU HLDGS LTD ADR","10/15/2024","12/08/2023","50","$97.31","$52.07","$4,865.71","$2,603.65","$2,262.06","86.880341059666%","","$2,262.06","Short Term","$2,603.65","No","","10/15/2024","","","","","","",""
"FUTU","FUTU HLDGS LTD ADR","10/08/2024","12/08/2023","50","$102.82","$52.07","$5,141.14","$2,603.65","$2,537.49","97.458951856048%","","$2,537.49","Short Term","$2,603.65","No","","10/08/2024","","","","","","",""
"FUTU","FUTU HLDGS LTD ADR","10/08/2024","12/01/2023","50","$102.82","$54.72","$5,141.15","$2,736.09","$2,405.06","87.901348274362%","","$2,405.06","Short Term","$2,736.09","No","","10/08/2024","","","","","","",""
"PDD","PDD HOLDINGS INC ADR","10/08/2024","11/08/2021","40","$139.48","$83.46","$5,579.33","$3,338.40","$2,240.93","67.125868679607%","$2,240.93","","Long Term","$3,338.40","No","","10/08/2024","","","","","","",""
"COIN","COINBASE GLOBAL INC A","10/07/2024","10/03/2024","100","$167.56","$163.16","$16,755.52","$16,315.99","$439.53","2.693860439973%","","$439.53","Short Term","$16,315.99","No","","10/07/2024","","","","","","",""
"COIN","COINBASE GLOBAL INC A","10/07/2024","10/02/2024","100","$167.56","$166.70","$16,755.52","$16,670.20","$85.32","0.511811495963%","","$85.32","Short Term","$16,670.20","No","","10/07/2024","","","","","","",""
"FUTU","FUTU HLDGS LTD ADR","10/07/2024","02/12/2024","100","$127.00","$49.71","$12,699.83","$4,971.40","$7,728.43","155.457818723096%","","$7,728.43","Short Term","$4,971.40","No","","10/07/2024","","","","","","",""
"EDU","NEW ORIENTAL ED & TE ADR","10/03/2024","09/26/2024","90","$75.08","$69.13","$6,756.81","$6,221.70","$535.11","8.600703987656%","","$535.11","Short Term","$6,221.70","No","","10/03/2024","","","","","","",""
"EDU","NEW ORIENTAL ED & TE ADR","10/03/2024","08/06/2024","150","$75.08","$70.95","$11,261.36","$10,642.50","$618.86","5.814987080103%","","$618.86","Short Term","$10,642.50","No","","10/03/2024","","","","","","",""
"EDU","NEW ORIENTAL ED & TE ADR","10/03/2024","06/13/2024","50","$75.08","$77.48","$3,753.79","$3,874.00","$0.00","0%","","$0.00","Short Term","$3,874.00","Yes","$120.21","10/03/2024","","","","","","",""
"EDU","NEW ORIENTAL ED & TE ADR","10/03/2024","06/13/2024","60","$75.08","$77.52","$4,504.55","$4,651.00","$0.00","0%","","$0.00","Short Term","$4,651.00","Yes","$146.45","10/03/2024","","","","","","",""
"EDU","NEW ORIENTAL ED & TE ADR","10/03/2024","05/03/2024","50","$75.08","$84.78","$3,753.79","$4,239.25","$0.00","0%","","$0.00","Short Term","$4,239.25","Yes","$485.46","10/03/2024","","","","","","",""
"NVDA","NVIDIA CORP","09/27/2024","08/15/2024","100","$120.44","$122.07","$12,043.75","$12,206.99","-$81.62","-0.668633299446%","","-$81.62","Short Term","$12,206.99","Yes","$81.62","09/27/2024","","","","","","",""
"GOOG","ALPHABET INC C","09/24/2024","09/09/2024","40","$163.73","$154.25","$6,549.25","$6,169.97","$379.28","6.14719358441%","","$379.28","Short Term","$6,169.97","No","","09/24/2024","$31,266.46","-$157.51","-0.503766656027%","","","-$157.51","-0.5037666560269438%"
"GOOG","ALPHABET INC C","09/24/2024","08/12/2024","100","$163.73","$172.02","$16,373.13","$17,201.95","-$745.94","-4.336368841905%","","-$745.94","Short Term","$17,201.95","Yes","$82.88","09/24/2024","$31,266.46","-$157.51","-0.503766656027%","","","-$157.51","-0.5037666560269438%"
"GOOG","ALPHABET INC C","09/24/2024","08/06/2024","50","$163.73","$162.01","$8,186.57","$8,100.50","$86.07","1.062527004506%","","$86.07","Short Term","$8,100.50","No","","09/24/2024","$31,266.46","-$157.51","-0.503766656027%","","","-$157.51","-0.5037666560269438%"
"PDD","PDD HOLDINGS INC ADR","08/28/2024","11/08/2021","5","$89.22","$83.46","$446.11","$417.30","$28.81","6.903906062785%","$28.81","","Long Term","$417.30","No","","08/28/2024","","","","","","",""
"PDD","PDD HOLDINGS INC ADR","08/28/2024","08/02/2021","10","$89.22","$90.49","$892.22","$904.90","-$12.68","-1.401259807714%","-$12.68","","Long Term","$904.90","No","","08/28/2024","","","","","","",""
"PDD","PDD HOLDINGS INC ADR","08/28/2024","07/12/2021","45","$89.22","$108.57","$4,015.01","$4,885.65","-$870.64","-17.820351437373%","-$870.64","","Long Term","$4,885.65","No","","08/28/2024","","","","","","",""
"PDD","PDD HOLDINGS INC ADR","08/26/2024","07/12/2021","5","$112.93","$108.57","$564.67","$542.85","$21.82","4.019526572718%","$21.82","","Long Term","$542.85","No","","08/26/2024","$19,685.35","-$8,391.85","-42.629925299779%","-$8,391.85","-42.629925299778776%","",""
"PDD","PDD HOLDINGS INC ADR","08/26/2024","02/17/2021","75","$112.94","$201.50","$8,470.13","$15,112.50","-$6,642.37","-43.952820512821%","-$6,642.37","","Long Term","$15,112.50","No","","08/26/2024","$19,685.35","-$8,391.85","-42.629925299779%","-$8,391.85","-42.629925299778776%","",""
"PDD","PDD HOLDINGS INC ADR","08/26/2024","02/16/2021","20","$112.94","$201.50","$2,258.70","$4,030.09","-$1,771.39","-43.954105243307%","-$1,771.39","","Long Term","$4,030.09","No","","08/26/2024","$19,685.35","-$8,391.85","-42.629925299779%","-$8,391.85","-42.629925299778776%","",""
"NVDA","NVIDIA CORP","08/19/2024","08/06/2024","200","$123.93","$105.53","$24,785.28","$21,106.62","$3,678.66","17.428939356467%","","$3,678.66","Short Term","$21,106.62","No","","08/19/2024","","","","","","",""
"NVDA","NVIDIA CORP","08/19/2024","08/15/2024","100","$123.97","$122.07","$12,396.64","$12,206.99","$189.65","1.553618049986%","","$189.65","Short Term","$12,206.99","No","","08/19/2024","","","","","","",""
"TTD","THE TRADE DESK INC A","08/19/2024","08/06/2024","149","$101.76","$84.87","$15,162.55","$12,645.63","$2,516.92","19.903476536954%","","$2,516.92","Short Term","$12,645.63","No","","08/19/2024","","","","","","",""
"TTD","THE TRADE DESK INC A","08/19/2024","11/10/2023","1","$101.76","$65.21","$101.76","$65.21","$36.55","56.049685631038%","","$36.55","Short Term","$65.21","No","","08/19/2024","","","","","","",""
"SNOW","SNOWFLAKE INC A","08/15/2024","06/13/2024","50","$127.95","$127.50","$6,397.61","$6,375.25","$22.36","0.350731343869%","","$22.36","Short Term","$6,375.25","No","","08/15/2024","","","","","","",""
"SNOW","SNOWFLAKE INC A","08/15/2024","04/11/2024","50","$127.95","$159.23","$6,397.61","$7,961.37","-$1,563.76","-19.641845561756%","","-$1,563.76","Short Term","$7,961.37","No","","08/15/2024","","","","","","",""
"GOOG","ALPHABET INC. C","08/14/2024","08/06/2024","100","$159.95","$162.01","$15,995.04","$16,201.00","$0.00","0%","","$0.00","Short Term","$16,201.00","Yes","$205.96","08/14/2024","","","","","","",""
"AAPL","APPLE INC","08/05/2024","07/15/2024","20","$204.99","$235.89","$4,099.89","$4,717.78","-$617.89","-13.097049883632%","","-$617.89","Short Term","$4,717.78","No","","08/05/2024","","","","","","",""
"PLTR","PALANTIR TECHNOLOGIE A","08/05/2024","07/29/2024","190","$21.82","$27.73","$4,145.05","$5,268.70","-$1,123.65","-21.326892781901%","","-$1,123.65","Short Term","$5,268.70","No","","08/05/2024","","","","","","",""
"PLTR","PALANTIR TECHNOLOGIE A","08/05/2024","06/21/2023","10","$21.82","$15.20","$218.16","$152.00","$66.16","43.526315789474%","$66.16","","Long Term","$152.00","No","","08/05/2024","","","","","","",""
"BABA","ALIBABA GROUP HLDG L ADR","08/02/2024","01/23/2024","100","$76.69","$74.06","$7,668.78","$7,405.50","$263.28","3.555195462832%","","$263.28","Short Term","$7,405.50","No","","08/02/2024","","","","","","",""
"COIN","COINBASE GLOBAL INC A","08/02/2024","07/12/2024","25","$214.42","$220.98","$5,360.48","$5,524.57","-$164.09","-2.970185914922%","","-$164.09","Short Term","$5,524.57","No","","08/02/2024","","","","","","",""
"META","META PLATFORMS INC A","08/02/2024","07/12/2024","10","$488.06","$502.17","$4,880.64","$5,021.70","-$141.06","-2.809008901368%","","-$141.06","Short Term","$5,021.70","No","","08/02/2024","","","","","","",""
"META","META PLATFORMS INC A","08/02/2024","05/03/2024","10","$488.06","$450.45","$4,880.65","$4,504.50","$376.15","8.350538350538%","","$376.15","Short Term","$4,504.50","No","","08/02/2024","","","","","","",""
"AAPL","APPLE INC","07/24/2024","07/15/2024","25","$218.71","$235.89","$5,467.80","$5,897.23","-$429.43","-7.281893363494%","","-$429.43","Short Term","$5,897.23","No","","07/24/2024","","","","","","",""
"META","META PLATFORMS INC A","07/24/2024","05/03/2024","20","$467.77","$450.45","$9,355.44","$9,009.01","$346.43","3.845372577009%","","$346.43","Short Term","$9,009.01","No","","07/24/2024","","","","","","",""
"GOOG","ALPHABET INC. C","05/30/2024","05/17/2024","50","$175.59","$177.22","$8,779.50","$8,861.00","-$81.50","-0.919760749351%","","-$81.50","Short Term","$8,861.00","No","","05/30/2024","","","","","","",""
"DASH","DOORDASH INC A","05/20/2024","12/11/2023","100","$112.68","$103.59","$11,268.14","$10,359.00","$909.14","8.77632976156%","","$909.14","Short Term","$10,359.00","No","","05/20/2024","","","","","","",""
"IWM","ISHARES RUSSELL 2000 ETF","05/06/2024","02/27/2024","50","$204.66","$203.56","$10,233.02","$10,177.82","$55.20","0.542355828655%","","$55.20","Short Term","$10,177.82","No","","05/06/2024","","","","","","",""
"IWM","ISHARES RUSSELL 2000 ETF","05/06/2024","12/26/2023","50","$204.66","$204.25","$10,233.02","$10,212.50","$20.52","0.200930232558%","","$20.52","Short Term","$10,212.50","No","","05/06/2024","","","","","","",""
"IWM","ISHARES RUSSELL 2000 ETF","05/06/2024","12/22/2023","10","$204.66","$202.31","$2,046.60","$2,023.10","$23.50","1.161583708171%","","$23.50","Short Term","$2,023.10","No","","05/06/2024","","","","","","",""
"FUTU","FUTU HOLDINGS LIMITE ADR","05/03/2024","12/01/2023","100","$71.61","$54.72","$7,160.58","$5,472.18","$1,688.40","30.854248215519%","","$1,688.40","Short Term","$5,472.18","No","","05/03/2024","","","","","","",""
"XLV","SELECT SECTOR HEALTH CARE SPDR ETF","05/03/2024","12/15/2023","50","$140.97","$134.00","$7,048.68","$6,700.00","$348.68","5.204179104478%","","$348.68","Short Term","$6,700.00","No","","05/03/2024","","","","","","",""
"MSFT","MICROSOFT CORP","04/25/2024","11/28/2023","30","$391.41","$381.80","$11,742.42","$11,454.12","$288.30","2.516998250411%","","$288.30","Short Term","$11,454.12","No","","04/25/2024","","","","","","",""
"MSFT","MICROSOFT CORP","04/25/2024","11/21/2023","25","$391.41","$372.51","$9,785.34","$9,312.63","$472.71","5.07600967718%","","$472.71","Short Term","$9,312.63","No","","04/25/2024","","","","","","",""
"MSFT","MICROSOFT CORP","04/25/2024","11/10/2023","25","$391.41","$369.30","$9,785.34","$9,232.38","$552.96","5.989354857577%","","$552.96","Short Term","$9,232.38","No","","04/25/2024","","","","","","",""
"DASH","DOORDASH INC A","03/11/2024","12/11/2023","100","$128.34","$103.59","$12,834.38","$10,359.00","$2,475.38","23.895935901149%","","$2,475.38","Short Term","$10,359.00","No","","03/11/2024","","","","","","",""
"GBIL","GOLDMAN SACHS ACCES TREAS 01 YR ETF","02/27/2024","02/12/2024","200","$100.08","$99.90","$20,015.01","$19,979.98","$35.03","0.175325500826%","","$35.03","Short Term","$19,979.98","No","","02/27/2024","","","","","","",""
"PDD","PDD HOLDINGS INC ADR","02/12/2024","02/16/2021","55","$132.46","$201.50","$7,285.33","$11,082.76","-$3,797.43","-34.264298784779%","-$3,797.43","","Long Term","$11,082.76","No","","02/12/2024","$11,082.50","-$3,797.17","-34.26275659824%","-$3,797.17","-34.262756598240465%","",""
"XLE","ENERGY SELECT SECTOR SPDR ETF","02/09/2024","01/03/2024","120","$83.24","$85.43","$9,989.30","$10,251.19","-$261.89","-2.554727792578%","","-$261.89","Short Term","$10,251.19","No","","02/09/2024","","","","","","",""
"TSLA","TESLA INC","01/25/2024","12/06/2023","40","$189.15","$242.86","$7,565.93","$9,714.49","-$2,148.56","-22.117064302912%","","-$2,148.56","Short Term","$9,714.49","No","","01/25/2024","","","","","","",""
"SNOW","SNOWFLAKE INC A","01/24/2024","08/03/2023","1","$208.00","$161.94","$208.00","$161.94","$46.06","28.442633073978%","","$46.06","Short Term","$161.94","No","","01/24/2024","$156.53","$51.47","32.881875678784%","","","$51.47","32.881875678783615%"
"AFRM","AFFIRM HLDGS INC A","01/02/2024","02/15/2023","1","$47.48","$14.90","$47.48","$14.90","$32.58","218.657718120805%","","$32.58","Short Term","$14.90","No","","01/02/2024","","","","","","",""
"","","","","","","","","","","","","","","","","","","","","","","","",""
"Jia ...196","","","","","","","","","","","","","","","","","","","","","","","",""
"Symbol","Name","Closed Date","Opened Date","Quantity","Proceeds Per Share","Cost Per Share","Proceeds","Cost Basis (CB)","Gain/Loss ($)","Gain/Loss (%)","Long Term Gain/Loss","Short Term Gain/Loss","Term","Unadjusted Cost Basis","Wash Sale?","Disallowed Loss","Transaction Closed Date","Transaction Cost Basis","Total Transaction Gain/Loss ($)","Total Transaction Gain/Loss (%)","LT Transaction Gain/Loss ($)","LT Transaction Gain/Loss (%)","ST Transaction Gain/Loss ($)","ST Transaction Gain/Loss (%)"
"PLTR","PALANTIR TECHNOLOGIE CLASS A","03/11/2026","03/02/2026","50","$149.61","$142.00","$7,480.49","$7,100.00","$380.49","5.359014084507%","","$380.49","Short Term","$7,100.00","No","","03/11/2026","","","","","","",""
"PLTR","PALANTIR TECHNOLOGIE CLASS A","03/10/2026","03/02/2026","50","$151.32","$142.00","$7,565.99","$7,100.00","$465.99","6.56323943662%","","$465.99","Short Term","$7,100.00","No","","03/10/2026","","","","","","",""
"MU","MICRON TECHNOLOGY IN","03/05/2026","03/04/2026","30","$397.13","$389.80","$11,913.89","$11,694.00","$219.89","1.880365999658%","","$219.89","Short Term","$11,694.00","No","","03/05/2026","","","","","","",""
"AFRM","AFFIRM HLDGS INC A","03/02/2026","01/12/2026","20","$45.05","$79.33","$901.01","$1,586.64","$0.00","0%","","$0.00","Short Term","$1,586.64","Yes","$685.63","03/02/2026","$7,409.67","-$2,904.63","-39.200531197746%","","","-$2,904.63","-39.20053119774564%"
"AFRM","AFFIRM HLDGS INC A","03/02/2026","01/12/2026","30","$45.05","$78.52","$1,351.52","$2,355.46","$0.00","0%","","$0.00","Short Term","$2,355.46","Yes","$1,003.94","03/02/2026","$7,409.67","-$2,904.63","-39.200531197746%","","","-$2,904.63","-39.20053119774564%"
"AFRM","AFFIRM HLDGS INC A","03/02/2026","10/29/2025","10","$45.05","$86.48","$450.50","$864.79","$0.00","0%","","$0.00","Short Term","$864.79","Yes","$414.29","03/02/2026","$7,409.67","-$2,904.63","-39.200531197746%","","","-$2,904.63","-39.20053119774564%"
"AFRM","AFFIRM HLDGS INC A","03/02/2026","10/24/2025","10","$45.05","$85.70","$450.50","$857.00","$0.00","0%","","$0.00","Short Term","$857.00","Yes","$406.50","03/02/2026","$7,409.67","-$2,904.63","-39.200531197746%","","","-$2,904.63","-39.20053119774564%"
"AFRM","AFFIRM HLDGS INC A","03/02/2026","10/21/2025","10","$45.05","$89.09","$450.50","$890.95","$0.00","0%","","$0.00","Short Term","$890.95","Yes","$440.45","03/02/2026","$7,409.67","-$2,904.63","-39.200531197746%","","","-$2,904.63","-39.20053119774564%"
"AFRM","AFFIRM HLDGS INC A","03/02/2026","10/17/2025","20","$45.05","$89.70","$901.01","$1,793.91","$0.00","0%","","$0.00","Short Term","$1,793.91","Yes","$892.90","03/02/2026","$7,409.67","-$2,904.63","-39.200531197746%","","","-$2,904.63","-39.20053119774564%"
"AMZN","AMAZON.COM INC","03/02/2026","06/15/2023","20","$205.52","$126.51","$4,110.40","$2,530.18","$1,580.22","62.454845109834%","$1,580.22","","Long Term","$2,530.18","No","","03/02/2026","","","","","","",""
"AMZN","AMAZON.COM INC","03/02/2026","06/15/2023","20","$205.00","$126.51","$4,100.00","$2,530.18","$1,569.82","62.043807159965%","$1,569.82","","Long Term","$2,530.18","No","","03/02/2026","","","","","","",""
"GOOG","ALPHABET INC CLASS C","03/02/2026","02/09/2026","30","$303.36","$325.45","$9,100.75","$9,763.65","-$331.45","-3.394734551116%","","-$331.45","Short Term","$9,763.65","Yes","$331.45","03/02/2026","","","","","","",""
"HOOD","ROBINHOOD MKTS INC CLASS A","03/02/2026","02/19/2026","100","$74.41","$77.01","$7,440.66","$7,700.92","-$260.26","-3.37959620409%","","-$260.26","Short Term","$7,700.92","No","","03/02/2026","$7,566.90","-$126.24","-1.668318598105%","","","-$126.24","-1.6683185981049045%"
"MSFT","MICROSOFT CORP","03/02/2026","02/11/2026","20","$389.39","$415.81","$7,787.72","$8,316.20","$0.00","0%","","$0.00","Short Term","$8,316.20","Yes","$528.48","03/02/2026","","","","","","",""
"NVDA","NVIDIA CORP","03/02/2026","02/25/2026","25","$174.37","$202.07","$4,359.25","$5,051.75","-$692.50","-13.708120948186%","","-$692.50","Short Term","$5,051.75","No","","03/02/2026","","","","","","",""
"ROKU","ROKU INC A","03/02/2026","01/20/2026","50","$96.82","$102.50","$4,840.99","$5,125.00","$0.00","0%","","$0.00","Short Term","$5,125.00","Yes","$284.01","03/02/2026","","","","","","",""
"ROKU","ROKU INC A","03/02/2026","05/15/2024","25","$95.58","$63.87","$2,389.43","$1,596.67","$792.76","49.650835802013%","$792.76","","Long Term","$1,596.67","No","","03/02/2026","","","","","","",""
"ROKU","ROKU INC A","03/02/2026","02/21/2024","35","$95.58","$64.45","$3,345.21","$2,255.67","$1,089.54","48.302278258788%","$1,089.54","","Long Term","$2,255.67","No","","03/02/2026","","","","","","",""
"SOFI","SOFI TECHNOLOGIES IN","03/02/2026","02/25/2026","200","$17.08","$19.25","$3,415.98","$3,849.64","-$433.66","-11.264949449819%","","-$433.66","Short Term","$3,849.64","No","","03/02/2026","","","","","","",""
"TSM","TAIWAN SEMICONDUCTOR ADR","03/02/2026","02/24/2025","15","$373.80","$194.02","$5,607.00","$2,910.30","$2,696.70","92.660550458716%","$2,696.70","","Long Term","$2,910.30","No","","03/02/2026","","","","","","",""
"TSM","TAIWAN SEMICONDUCTOR ADR","03/02/2026","02/09/2021","5","$373.80","$133.65","$1,869.00","$668.24","$1,200.76","179.689931761044%","$1,200.76","","Long Term","$668.24","No","","03/02/2026","","","","","","",""
"TSM","TAIWAN SEMICONDUCTOR ADR","03/02/2026","02/09/2021","20","$365.67","$133.65","$7,313.37","$2,672.94","$4,640.43","173.607712855507%","$4,640.43","","Long Term","$2,672.94","No","","03/02/2026","","","","","","",""
"INTU","INTUIT","02/27/2026","02/27/2026","50","$381.53","$384.90","$19,076.65","$19,245.00","-$168.35","-0.882492471162%","","-$168.35","Short Term","$19,245.00","No","","02/26/2026","","","","","","",""
"NVDA","NVIDIA CORP","02/26/2026","02/25/2026","50","$185.06","$202.07","$9,253.08","$10,103.49","-$850.41","-8.41699254416%","","-$850.41","Short Term","$10,103.49","No","","02/26/2026","","","","","","",""
"SNOW","SNOWFLAKE INC CLASS A","02/25/2026","12/11/2025","20","$175.50","$220.41","$3,510.06","$4,408.18","-$898.12","-20.373941173001%","","-$898.12","Short Term","$4,408.18","No","","02/25/2026","$22,047.38","-$4,497.10","-20.397434978669%","","","-$4,497.10","-20.39743497866867%"
"SNOW","SNOWFLAKE INC CLASS A","02/25/2026","12/04/2025","20","$175.50","$234.78","$3,510.06","$4,695.61","-$1,185.55","-25.248050838975%","","-$1,185.55","Short Term","$4,695.61","No","","02/25/2026","$22,047.38","-$4,497.10","-20.397434978669%","","","-$4,497.10","-20.39743497866867%"
"SNOW","SNOWFLAKE INC CLASS A","02/25/2026","12/04/2025","20","$175.50","$243.82","$3,510.06","$4,876.40","-$1,366.34","-28.019440570913%","","-$1,366.34","Short Term","$4,876.40","No","","02/25/2026","$22,047.38","-$4,497.10","-20.397434978669%","","","-$4,497.10","-20.39743497866867%"
"SNOW","SNOWFLAKE INC CLASS A","02/25/2026","11/15/2025","20","$175.50","$217.74","$3,510.04","$4,354.79","-$844.75","-19.398179935198%","","-$844.75","Short Term","$4,354.79","No","","02/25/2026","$22,047.38","-$4,497.10","-20.397434978669%","","","-$4,497.10","-20.39743497866867%"
"SNOW","SNOWFLAKE INC CLASS A","02/25/2026","10/22/2025","20","$175.50","$249.15","$3,510.06","$4,983.00","-$1,472.94","-29.559301625527%","","-$1,472.94","Short Term","$4,983.00","No","","02/25/2026","$22,047.38","-$4,497.10","-20.397434978669%","","","-$4,497.10","-20.39743497866867%"
"AEM","AGNICO EAGLE MINES L","02/23/2026","02/13/2026","0.9","$237.50","$215.52","$214.53","$194.68","$19.85","10.196219437025%","","$19.85","Short Term","$194.68","No","","02/23/2026","","","","","","",""
"AES","AES CORP","02/23/2026","02/13/2026","6","$16.18","$16.52","$97.13","$99.16","-$2.03","-2.047196450182%","","-$2.03","Short Term","$99.16","No","","02/23/2026","","","","","","",""
"AG","FIRST MAJESTIC SILVE","02/23/2026","02/13/2026","4.95","$29.03","$22.77","$143.65","$112.66","$30.99","27.507544825138%","","$30.99","Short Term","$112.66","No","","02/23/2026","","","","","","",""
"AMSC","AMERICAN SUPERCONDUC","02/23/2026","02/13/2026","2.08","$32.96","$33.87","$68.59","$70.48","-$1.89","-2.681611804767%","","-$1.89","Short Term","$70.48","No","","02/23/2026","","","","","","",""
"ARIS","ARIS MNG CORP","02/23/2026","02/13/2026","2.3","$21.14","$19.30","$48.66","$44.43","$4.23","9.520594193113%","","$4.23","Short Term","$44.43","No","","02/23/2026","","","","","","",""
"ARRY","ARRAY TECHNOLOGIES I","02/23/2026","02/13/2026","7.26","$10.82","$11.29","$78.56","$81.97","-$3.41","-4.160058558009%","","-$3.41","Short Term","$81.97","No","","02/23/2026","","","","","","",""
"ASTS","AST SPACEMOBILE INC A","02/23/2026","02/13/2026","1.71","$81.17","$83.38","$138.75","$142.53","-$3.78","-2.652073247737%","","-$3.78","Short Term","$142.53","No","","02/23/2026","","","","","","",""
"AU","ANGLOGOLD ASHANTI PL","02/23/2026","02/13/2026","1.13","$120.39","$109.02","$135.67","$122.85","$12.82","10.43549043549%","","$12.82","Short Term","$122.85","No","","02/23/2026","","","","","","",""
"AUGO","AURA MINERALS INC","02/23/2026","02/13/2026","1.12","$77.73","$70.86","$86.77","$79.10","$7.67","9.696586599241%","","$7.67","Short Term","$79.10","No","","02/23/2026","","","","","","",""
"AVAV","AEROVIRONMENT INC","02/23/2026","02/13/2026","0.13","$261.00","$244.90","$34.06","$31.96","$2.10","6.57071339174%","","$2.10","Short Term","$31.96","No","","02/23/2026","","","","","","",""
"B","BARRICK MNG CORP","02/23/2026","02/13/2026","3.67","$49.33","$47.86","$181.10","$175.70","$5.40","3.073420603301%","","$5.40","Short Term","$175.70","No","","02/23/2026","","","","","","",""
"BA","BOEING CO","02/23/2026","02/13/2026","0.97","$230.40","$241.48","$224.06","$234.84","-$10.78","-4.59035939363%","","-$10.78","Short Term","$234.84","No","","02/23/2026","","","","","","",""
"BKSY","BLACKSKY TECHNOLOGY","02/23/2026","02/13/2026","3.03","$19.46","$21.48","$59.05","$65.16","-$6.11","-9.376918354819%","","-$6.11","Short Term","$65.16","No","","02/23/2026","","","","","","",""
"BTG","B2GOLD CORP","02/23/2026","02/13/2026","13.2","$5.74","$5.34","$75.70","$70.47","$5.23","7.421597843054%","","$5.23","Short Term","$70.47","No","","02/23/2026","","","","","","",""
"CDE","COEUR MNG INC","02/23/2026","02/13/2026","2.35","$24.69","$22.27","$57.93","$52.24","$5.69","10.892036753446%","","$5.69","Short Term","$52.24","No","","02/23/2026","","","","","","",""
"CLNE","CLEAN ENERGY FUELS C","02/23/2026","02/13/2026","8.62","$2.57","$2.67","$22.15","$23.01","-$0.86","-3.737505432421%","","-$0.86","Short Term","$23.01","No","","02/23/2026","","","","","","",""
"CSIQ","CANADIAN SOLAR INC","02/23/2026","02/13/2026","3.82","$19.98","$19.68","$76.25","$75.07","$1.18","1.571866258159%","","$1.18","Short Term","$75.07","No","","02/23/2026","","","","","","",""
"CWEN","CLEARWAY ENERGY INC CLASS C","02/23/2026","02/13/2026","1.11","$39.68","$40.73","$43.91","$45.07","-$1.16","-2.573774129132%","","-$1.16","Short Term","$45.07","No","","02/23/2026","","","","","","",""
"DQ","DAQO NEW ENERGY CORP ADR","02/23/2026","02/13/2026","1.87","$24.20","$24.71","$45.30","$46.25","-$0.95","-2.054054054054%","","-$0.95","Short Term","$46.25","No","","02/23/2026","","","","","","",""
"DRD","DRDGOLD LTD ADR","02/23/2026","02/13/2026","1.5","$37.00","$35.26","$55.32","$52.71","$2.61","4.951622083096%","","$2.61","Short Term","$52.71","No","","02/23/2026","","","","","","",""
"E","ENI S P A ADR","02/23/2026","02/13/2026","2.83","$44.15","$43.35","$124.79","$122.54","$2.25","1.836135139546%","","$2.25","Short Term","$122.54","No","","02/23/2026","","","","","","",""
"EGO","ELDORADO GOLD CP","02/23/2026","02/13/2026","2.15","$44.14","$47.65","$95.03","$102.59","-$7.56","-7.369139292329%","","-$7.56","Short Term","$102.59","No","","02/23/2026","","","","","","",""
"EMBJ","EMBRAER S A ADR","02/23/2026","02/13/2026","0.71","$73.42","$71.72","$52.18","$50.97","$1.21","2.373945458113%","","$1.21","Short Term","$50.97","No","","02/23/2026","","","","","","",""
"ENPH","ENPHASE ENERGY INC","02/23/2026","02/13/2026","5.32","$45.61","$44.21","$242.72","$235.27","$7.45","3.166574573894%","","$7.45","Short Term","$235.27","No","","02/23/2026","","","","","","",""
"EQX","EQUINOX GOLD CORP","02/23/2026","02/13/2026","6.01","$17.63","$15.88","$105.86","$95.37","$10.49","10.999266016567%","","$10.49","Short Term","$95.37","No","","02/23/2026","","","","","","",""
"ESLT","ELBIT SYSTEMS LTD","02/23/2026","02/13/2026","0.08","$732.32","$678.69","$60.49","$56.06","$4.43","7.902247591866%","","$4.43","Short Term","$56.06","No","","02/23/2026","","","","","","",""
"EXK","ENDEAVOUR SILVER COR","02/23/2026","02/13/2026","3.71","$12.99","$11.56","$48.20","$42.87","$5.33","12.432936785631%","","$5.33","Short Term","$42.87","No","","02/23/2026","","","","","","",""
"FLEX","FLEX LTD","02/23/2026","02/13/2026","1.23","$63.68","$64.48","$78.63","$79.62","-$0.99","-1.243406179352%","","-$0.99","Short Term","$79.62","No","","02/23/2026","","","","","","",""
"FSLR","FIRST SOLAR INC","02/23/2026","02/13/2026","0.87","$242.81","$226.81","$211.22","$197.30","$13.92","7.05524581855%","","$13.92","Short Term","$197.30","No","","02/23/2026","","","","","","",""
"FSM","FORTUNA MNG CORP","02/23/2026","02/13/2026","3.01","$13.16","$10.94","$39.67","$32.96","$6.71","20.358009708738%","","$6.71","Short Term","$32.96","No","","02/23/2026","","","","","","",""
"GEV","GE VERNOVA INC","02/23/2026","02/13/2026","0.24","$820.66","$811.03","$197.86","$195.54","$2.32","1.186458013706%","","$2.32","Short Term","$195.54","No","","02/23/2026","","","","","","",""
"GFI","GOLD FIELDS LTD NEW ADR","02/23/2026","02/13/2026","3.83","$56.48","$54.26","$216.05","$207.56","$8.49","4.090383503565%","","$8.49","Short Term","$207.56","No","","02/23/2026","","","","","","",""
"GNE","GENIE ENERGY LTD B","02/23/2026","02/13/2026","1.88","$14.14","$14.58","$26.62","$27.44","-$0.82","-2.98833819242%","","-$0.82","Short Term","$27.44","No","","02/23/2026","","","","","","",""
"GSAT","GLOBALSTAR INC","02/23/2026","02/13/2026","0.62","$60.24","$61.09","$37.11","$37.63","-$0.52","-1.381876162636%","","-$0.52","Short Term","$37.63","No","","02/23/2026","","","","","","",""
"GSM","FERROGLOBE PLC","02/23/2026","02/13/2026","4.85","$5.01","$5.38","$24.32","$26.11","-$1.79","-6.855610877059%","","-$1.79","Short Term","$26.11","No","","02/23/2026","","","","","","",""
"HEI","HEICO CORP NEW","02/23/2026","02/13/2026","0.14","$349.05","$332.63","$47.82","$45.57","$2.25","4.93745885451%","","$2.25","Short Term","$45.57","No","","02/23/2026","","","","","","",""
"HL","HECLA MNG CO","02/23/2026","02/13/2026","3.02","$24.45","$22.58","$73.91","$68.25","$5.66","8.29304029304%","","$5.66","Short Term","$68.25","No","","02/23/2026","","","","","","",""
"HMY","HARMONY GOLD MNG LTD ADR","02/23/2026","02/13/2026","4.11","$21.92","$20.84","$90.07","$85.63","$4.44","5.185098680369%","","$4.44","Short Term","$85.63","No","","02/23/2026","","","","","","",""
"IRDM","IRIDIUM COMMUNICATIO","02/23/2026","02/13/2026","3.22","$22.58","$23.24","$72.67","$74.79","-$2.12","-2.834603556625%","","-$2.12","Short Term","$74.79","No","","02/23/2026","","","","","","",""
"JKS","JINKOSOLAR HLDG CO L ADR","02/23/2026","02/13/2026","6.13","$25.92","$26.70","$159.00","$163.73","-$4.73","-2.888902461369%","","-$4.73","Short Term","$163.73","No","","02/23/2026","","","","","","",""
"KGC","KINROSS GOLD CORP","02/23/2026","02/13/2026","5.15","$34.94","$34.24","$179.82","$176.23","$3.59","2.03711059411%","","$3.59","Short Term","$176.23","No","","02/23/2026","","","","","","",""
"KTOS","KRATOS DEFENSE & SEC","02/23/2026","02/13/2026","0.62","$92.00","$89.94","$57.42","$56.13","$1.29","2.298236237306%","","$1.29","Short Term","$56.13","No","","02/23/2026","","","","","","",""
"LHX","L3HARRIS TECHNOLOGIE","02/23/2026","02/13/2026","0.26","$355.20","$348.05","$92.92","$91.05","$1.87","2.053816584294%","","$1.87","Short Term","$91.05","No","","02/23/2026","","","","","","",""
"LMT","LOCKHEED MARTIN CORP","02/23/2026","02/13/2026","0.32","$657.40","$653.29","$208.00","$206.70","$1.30","0.62893081761%","","$1.30","Short Term","$206.70","No","","02/23/2026","","","","","","",""
"MOG/A","MOOG INC CLASS A","02/23/2026","02/13/2026","0.18","$342.56","$325.79","$63.10","$60.01","$3.09","5.149141809698%","","$3.09","Short Term","$60.01","No","","02/23/2026","","","","","","",""
"MUX","MCEWEN INC","02/23/2026","02/13/2026","2.3","$26.79","$25.96","$61.56","$59.64","$1.92","3.219315895372%","","$1.92","Short Term","$59.64","No","","02/23/2026","","","","","","",""
"NEE","NEXTERA ENERGY INC","02/23/2026","02/13/2026","0.98","$93.68","$94.84","$91.79","$92.92","-$1.13","-1.216099870857%","","-$1.13","Short Term","$92.92","No","","02/23/2026","","","","","","",""
"NEM","NEWMONT CORP","02/23/2026","02/13/2026","2.11","$123.51","$124.39","$261.10","$262.96","-$1.86","-0.707331913599%","","-$1.86","Short Term","$262.96","No","","02/23/2026","","","","","","",""
"NGD","NEW GOLD INC CDA","02/23/2026","02/13/2026","6.42","$12.21","$10.99","$78.33","$70.50","$7.83","11.106382978723%","","$7.83","Short Term","$70.50","No","","02/23/2026","","","","","","",""
"NOC","NORTHROP GRUMMAN COR","02/23/2026","02/13/2026","0.35","$727.03","$701.93","$256.64","$247.78","$8.86","3.575752683832%","","$8.86","Short Term","$247.78","No","","02/23/2026","","","","","","",""
"NXT","NEXTPOWER INC A","02/23/2026","02/13/2026","2.06","$115.34","$117.48","$237.22","$241.63","-$4.41","-1.825104498614%","","-$4.41","Short Term","$241.63","No","","02/23/2026","","","","","","",""
"OR","OR ROYALTIES INC","02/23/2026","02/13/2026","1.11","$44.64","$41.71","$49.35","$46.11","$3.24","7.026675341574%","","$3.24","Short Term","$46.11","No","","02/23/2026","","","","","","",""
"ORA","ORMAT TECHNOLOGIES I","02/23/2026","02/13/2026","0.46","$114.00","$118.16","$52.43","$54.34","-$1.91","-3.514906146485%","","-$1.91","Short Term","$54.34","No","","02/23/2026","","","","","","",""
"ORLA","ORLA MNG LTD NEW","02/23/2026","02/13/2026","3.78","$18.93","$17.14","$71.50","$64.74","$6.76","10.441767068273%","","$6.76","Short Term","$64.74","No","","02/23/2026","","","","","","",""
"PAAS","PAN AMERN SILVER COR","02/23/2026","02/13/2026","1.59","$65.52","$57.75","$104.18","$91.83","$12.35","13.448764020473%","","$12.35","Short Term","$91.83","No","","02/23/2026","","","","","","",""
"PL","PLANET LABS PBC CLASS A","02/23/2026","02/13/2026","5.19","$24.21","$22.51","$125.56","$116.72","$8.84","7.573680603153%","","$8.84","Short Term","$116.72","No","","02/23/2026","","","","","","",""
"PSN","PARSONS CORP DEL","02/23/2026","02/13/2026","0.27","$64.80","$63.97","$17.23","$17.01","$0.22","1.293356848912%","","$0.22","Short Term","$17.01","No","","02/23/2026","","","","","","",""
"RDW","REDWIRE CORP","02/23/2026","02/13/2026","10.9","$8.01","$8.28","$87.28","$90.18","-$2.90","-3.21579064094%","","-$2.90","Short Term","$90.18","No","","02/23/2026","","","","","","",""
"RKLB","ROCKET LAB CORP CLASS A","02/23/2026","02/13/2026","3.83","$69.50","$67.94","$265.88","$259.91","$5.97","2.296948943865%","","$5.97","Short Term","$259.91","No","","02/23/2026","","","","","","",""
"RKLB","ROCKET LAB CORP CLASS A","02/23/2026","02/13/2026","1.32","$69.96","$67.80","$92.60","$89.75","$2.85","3.175487465181%","","$2.85","Short Term","$89.75","No","","02/23/2026","","","","","","",""
"RNW","RENEW ENERGY GLOBAL A","02/23/2026","02/13/2026","13.2","$5.43","$5.36","$71.62","$70.73","$0.89","1.258306234978%","","$0.89","Short Term","$70.73","No","","02/23/2026","","","","","","",""
"RTX","RTX CORP","02/23/2026","02/13/2026","0.63","$203.44","$201.31","$129.04","$127.69","$1.35","1.057248022555%","","$1.35","Short Term","$127.69","No","","02/23/2026","","","","","","",""
"RUN","SUNRUN INC","02/23/2026","02/13/2026","5.64","$19.67","$19.27","$110.99","$108.75","$2.24","2.059770114943%","","$2.24","Short Term","$108.75","No","","02/23/2026","","","","","","",""
"SATL","SATELLOGIC INC A","02/23/2026","02/13/2026","26.69","$3.20","$3.21","$85.41","$85.56","-$0.15","-0.175315568022%","","-$0.15","Short Term","$85.56","No","","02/23/2026","","","","","","",""
"SATS","ECHOSTAR CORP A","02/23/2026","02/13/2026","1.29","$109.15","$114.82","$141.05","$148.38","-$7.33","-4.940018870468%","","-$7.33","Short Term","$148.38","No","","02/23/2026","","","","","","",""
"SBSW","SIBANYE STILLWATER L ADR","02/23/2026","02/13/2026","5.66","$16.29","$17.17","$92.21","$97.17","-$4.96","-5.104456107852%","","-$4.96","Short Term","$97.17","No","","02/23/2026","","","","","","",""
"SEDG","SOLAREDGE TECHNOLOGI","02/23/2026","02/13/2026","3.57","$39.45","$35.75","$140.76","$127.55","$13.21","10.356722853783%","","$13.21","Short Term","$127.55","No","","02/23/2026","","","","","","",""
"SHLS","SHOALS TECHNOLOGIES A","02/23/2026","02/13/2026","7.02","$10.20","$10.23","$71.60","$71.78","-$0.18","-0.250766230148%","","-$0.18","Short Term","$71.78","No","","02/23/2026","","","","","","",""
"SIRI","SIRIUSXM HLDGS INC E EQUITY","02/23/2026","02/13/2026","1.69","$20.70","$21.30","$34.95","$35.96","-$1.01","-2.808676307008%","","-$1.01","Short Term","$35.96","No","","02/23/2026","","","","","","",""
"SPIR","SPIRE GLOBAL INC CLASS A","02/23/2026","02/13/2026","4.86","$8.56","$9.61","$41.58","$46.69","-$5.11","-10.944527736132%","","-$5.11","Short Term","$46.69","No","","02/23/2026","","","","","","",""
"SSRM","SSR MNG INC","02/23/2026","02/13/2026","3.23","$30.98","$27.73","$100.08","$89.57","$10.51","11.733839455175%","","$10.51","Short Term","$89.57","No","","02/23/2026","","","","","","",""
"TE","T1 ENERGY INC","02/23/2026","02/13/2026","12.35","$6.27","$6.16","$77.43","$76.01","$1.42","1.8681752401%","","$1.42","Short Term","$76.01","No","","02/23/2026","","","","","","",""
"TSAT","TELESAT CORP A","02/23/2026","02/13/2026","1.94","$29.70","$26.71","$57.54","$51.75","$5.79","11.188405797101%","","$5.79","Short Term","$51.75","No","","02/23/2026","","","","","","",""
"VSAT","VIASAT INC","02/23/2026","02/13/2026","2.41","$44.85","$48.44","$108.21","$116.86","-$8.65","-7.402019510525%","","-$8.65","Short Term","$116.86","No","","02/23/2026","","","","","","",""
"WEC","WEC ENERGY GROUP INC","02/23/2026","02/13/2026","0.66","$115.27","$115.63","$75.50","$75.74","-$0.24","-0.316873514655%","","-$0.24","Short Term","$75.74","No","","02/23/2026","","","","","","",""
"U","UNITY SOFTWARE INC","02/12/2026","02/12/2026","200","$21.98","$22.14","$4,396.23","$4,428.00","-$31.77","-0.722664646754%","","-$31.77","Short Term","$4,428.00","No","","02/11/2026","","","","","","",""
"AFRM","AFFIRM HLDGS INC A","02/11/2026","02/06/2026","100","$55.56","$57.79","$5,556.48","$5,779.00","$0.00","0%","","$0.00","Short Term","$5,779.00","Yes","$222.52","02/11/2026","","","","","","",""
"DDOG","DATADOG INC A","02/11/2026","02/02/2026","50","$123.62","$130.00","$6,180.99","$6,500.00","$0.00","0%","","$0.00","Short Term","$6,500.00","Yes","$319.01","02/11/2026","","","","","","",""
"DDOG","DATADOG INC A","02/11/2026","01/14/2026","50","$125.18","$131.13","$6,258.99","$6,556.51","-$297.52","-4.537780007962%","","-$297.52","Short Term","$6,556.51","No","","02/11/2026","$6,367.17","$17.00","0.266994598856%","","","$17.00","0.26699459885632076%"
"DDOG","DATADOG INC A","02/11/2026","08/12/2025","1","$125.18","$129.67","$125.18","$129.67","-$4.49","-3.462635921956%","","-$4.49","Short Term","$129.67","No","","02/11/2026","$6,367.17","$17.00","0.266994598856%","","","$17.00","0.26699459885632076%"
"SOFI","SOFI TECHNOLOGIES IN","02/11/2026","02/06/2026","200","$20.42","$20.01","$4,083.32","$4,002.00","$81.32","2.031984007996%","","$81.32","Short Term","$4,002.00","No","","02/11/2026","","","","","","",""
"DDOG","DATADOG INC A","02/10/2026","02/02/2026","50","$131.65","$130.00","$6,582.49","$6,500.00","$82.49","1.269076923077%","","$82.49","Short Term","$6,500.00","No","","02/10/2026","","","","","","",""
"INTC","INTEL CORP","02/10/2026","02/06/2026","200","$49.18","$48.40","$9,836.50","$9,679.00","$157.50","1.627234218411%","","$157.50","Short Term","$9,679.00","No","","02/10/2026","","","","","","",""
"COIN","COINBASE GLOBAL INC CLASS A","02/09/2026","01/12/2026","25","$160.05","$168.47","$4,001.25","$4,211.82","-$210.57","-4.999501403194%","","-$210.57","Short Term","$4,211.82","No","","02/09/2026","$15,726.20","$438.83","2.790438885427%","","","$438.83","2.7904388854268674%"
"COIN","COINBASE GLOBAL INC CLASS A","02/09/2026","01/08/2026","25","$160.05","$172.69","$4,001.25","$4,317.29","-$316.04","-7.320332894015%","","-$316.04","Short Term","$4,317.29","No","","02/09/2026","$15,726.20","$438.83","2.790438885427%","","","$438.83","2.7904388854268674%"
"COIN","COINBASE GLOBAL INC CLASS A","02/09/2026","12/26/2025","25","$160.05","$166.58","$4,001.23","$4,164.62","-$163.39","-3.923287118633%","","-$163.39","Short Term","$4,164.62","No","","02/09/2026","$15,726.20","$438.83","2.790438885427%","","","$438.83","2.7904388854268674%"
"COIN","COINBASE GLOBAL INC CLASS A","02/09/2026","12/22/2025","25","$160.05","$171.30","$4,001.25","$4,282.39","-$281.14","-6.565025604861%","","-$281.14","Short Term","$4,282.39","No","","02/09/2026","$15,726.20","$438.83","2.790438885427%","","","$438.83","2.7904388854268674%"
"COIN","COINBASE GLOBAL INC CLASS A","02/09/2026","03/14/2025","1","$160.05","$180.00","$160.05","$180.00","-$19.95","-11.083333333333%","","-$19.95","Short Term","$180.00","No","","02/09/2026","$15,726.20","$438.83","2.790438885427%","","","$438.83","2.7904388854268674%"
"QQQ","INVESCO QQQ TR","02/09/2026","02/06/2026","100","$611.25","$609.45","$61,124.98","$60,945.46","$179.52","0.294558446191%","","$179.52","Short Term","$60,945.46","No","","02/09/2026","","","","","","",""
"AMZN","AMAZON.COM INC","02/06/2026","09/29/2023","30","$199.61","$128.40","$5,988.29","$3,852.00","$2,136.29","55.459241952233%","$2,136.29","","Long Term","$3,852.00","No","","02/06/2026","","","","","","",""
"AMZN","AMAZON.COM INC","02/06/2026","07/03/2023","20","$199.61","$131.62","$3,992.20","$2,632.40","$1,359.80","51.656283239629%","$1,359.80","","Long Term","$2,632.40","No","","02/06/2026","","","","","","",""
"AMZN","AMAZON.COM INC","02/05/2026","12/09/2021","40","$201.02","$175.00","$8,040.80","$7,000.00","$1,040.80","14.868571428571%","$1,040.80","","Long Term","$7,000.00","No","","02/05/2026","","","","","","",""
"AMZN","AMAZON.COM INC","02/05/2026","12/01/2021","80","$201.02","$176.91","$16,081.59","$14,152.96","$1,928.63","13.627043388803%","$1,928.63","","Long Term","$14,152.96","No","","02/05/2026","","","","","","",""
"AMZN","AMAZON.COM INC","02/05/2026","11/23/2021","60","$201.02","$177.50","$12,061.19","$10,650.00","$1,411.19","13.250610328638%","$1,411.19","","Long Term","$10,650.00","No","","02/05/2026","","","","","","",""
"KVYO","KLAVIYO INC","02/03/2026","01/02/2026","100","$20.37","$29.50","$2,036.98","$2,950.00","-$913.02","-30.949830508475%","","-$913.02","Short Term","$2,950.00","No","","02/03/2026","$8,850.00","-$2,739.06","-30.949830508475%","","","-$2,739.06","-30.949830508474573%"
"KVYO","KLAVIYO INC","02/03/2026","09/17/2025","200","$20.37","$34.22","$4,073.96","$6,844.03","-$1,385.03","-20.237053315079%","","-$1,385.03","Short Term","$6,844.03","Yes","$1,385.04","02/03/2026","$8,850.00","-$2,739.06","-30.949830508475%","","","-$2,739.06","-30.949830508474573%"
"SNOW","SNOWFLAKE INC CLASS A","02/03/2026","10/22/2025","30","$174.97","$249.15","$5,249.05","$7,474.51","-$2,225.46","-29.773991873715%","","-$2,225.46","Short Term","$7,474.51","No","","02/03/2026","$7,240.80","-$1,991.75","-27.50731963319%","","","-$1,991.75","-27.507319633189702%"
"TSM","TAIWAN SEMICONDUCTOR ADR","02/02/2026","02/15/2021","30","$325.67","$140.53","$9,770.09","$4,215.86","$5,554.23","131.746073161822%","$5,554.23","","Long Term","$4,215.86","No","","02/02/2026","$3,771.00","$5,999.09","159.084858127818%","$5,999.09","159.08485812781757%","",""
"DDOG","DATADOG INC A","01/29/2026","01/22/2026","100","$130.26","$130.00","$13,025.98","$13,000.00","$25.98","0.199846153846%","","$25.98","Short Term","$13,000.00","No","","01/29/2026","","","","","","",""
"SNOW","SNOWFLAKE INC CLASS A","01/29/2026","11/05/2025","20","$206.31","$267.42","$4,126.20","$5,348.40","-$1,222.20","-22.85169396455%","","-$1,222.20","Short Term","$5,348.40","No","","01/29/2026","$12,276.21","-$1,960.72","-15.971704622192%","","","-$1,960.72","-15.971704622192028%"
"SNOW","SNOWFLAKE INC CLASS A","01/29/2026","11/05/2025","20","$206.31","$275.74","$4,126.20","$5,514.81","-$1,388.61","-25.179652608159%","","-$1,388.61","Short Term","$5,514.81","No","","01/29/2026","$12,276.21","-$1,960.72","-15.971704622192%","","","-$1,960.72","-15.971704622192028%"
"SNOW","SNOWFLAKE INC CLASS A","01/29/2026","10/23/2025","10","$206.31","$252.78","$2,063.09","$2,527.81","-$464.72","-18.384293123296%","","-$464.72","Short Term","$2,527.81","No","","01/29/2026","$12,276.21","-$1,960.72","-15.971704622192%","","","-$1,960.72","-15.971704622192028%"
"COIN","COINBASE GLOBAL INC CLASS A","01/28/2026","01/03/2026","25","$208.57","$221.58","$5,214.25","$5,539.52","$0.00","0%","","$0.00","Short Term","$5,539.52","Yes","$325.27","01/28/2026","$21,477.85","-$620.87","-2.890745582076%","","","-$620.87","-2.8907455820764185%"
"COIN","COINBASE GLOBAL INC CLASS A","01/28/2026","12/30/2025","25","$208.57","$225.80","$5,214.25","$5,644.99","$0.00","0%","","$0.00","Short Term","$5,644.99","Yes","$430.74","01/28/2026","$21,477.85","-$620.87","-2.890745582076%","","","-$620.87","-2.8907455820764185%"
"COIN","COINBASE GLOBAL INC CLASS A","01/28/2026","12/17/2025","25","$208.57","$219.69","$5,214.23","$5,492.30","$0.00","0%","","$0.00","Short Term","$5,492.30","Yes","$278.07","01/28/2026","$21,477.85","-$620.87","-2.890745582076%","","","-$620.87","-2.8907455820764185%"
"COIN","COINBASE GLOBAL INC CLASS A","01/28/2026","12/13/2025","25","$208.57","$224.40","$5,214.25","$5,610.09","$0.00","0%","","$0.00","Short Term","$5,610.09","Yes","$395.84","01/28/2026","$21,477.85","-$620.87","-2.890745582076%","","","-$620.87","-2.8907455820764185%"
"PLTR","PALANTIR TECHNOLOGIE CLASS A","01/28/2026","01/20/2026","80","$164.02","$169.63","$13,121.58","$13,570.40","-$448.82","-3.307345398809%","","-$448.82","Short Term","$13,570.40","No","","01/28/2026","$13,654.88","-$369.28","-2.704381144323%","","","-$369.28","-2.7043811443234946%"
"PLTR","PALANTIR TECHNOLOGIE CLASS A","01/28/2026","02/20/2025","1","$164.02","$111.24","$164.02","$111.24","$52.78","47.446961524631%","","$52.78","Short Term","$111.24","No","","01/28/2026","$13,654.88","-$369.28","-2.704381144323%","","","-$369.28","-2.7043811443234946%"
"AVGO","BROADCOM INC","01/27/2026","09/05/2025","1","$331.22","$324.65","$331.22","$324.65","$6.57","2.023717849992%","","$6.57","Short Term","$324.65","No","","01/27/2026","","","","","","",""
"BAND","BANDWIDTH INC CLASS A","01/27/2026","12/05/2025","100","$13.88","$14.94","$1,388.47","$1,494.00","-$105.53","-7.06358768407%","","-$105.53","Short Term","$1,494.00","No","","01/27/2026","","","","","","",""
"BAND","BANDWIDTH INC CLASS A","01/27/2026","10/20/2025","200","$13.88","$16.00","$2,776.94","$3,200.00","-$423.06","-13.220625%","","-$423.06","Short Term","$3,200.00","No","","01/27/2026","","","","","","",""
"BAND","BANDWIDTH INC CLASS A","01/27/2026","09/01/2023","1","$13.88","$14.77","$13.88","$14.77","-$0.89","-6.025727826676%","-$0.89","","Long Term","$14.77","No","","01/27/2026","","","","","","",""
"CHYM","CHIME FINL INC A","01/27/2026","01/08/2026","200","$26.82","$26.99","$5,363.96","$5,398.00","-$34.04","-0.630603927381%","","-$34.04","Short Term","$5,398.00","No","","01/27/2026","","","","","","",""
"JMIA","JUMIA TECHNOLOGIES A ADR","01/27/2026","12/10/2025","1","$12.63","$12.60","$12.63","$12.60","$0.03","0.238095238095%","","$0.03","Short Term","$12.60","No","","01/27/2026","","","","","","",""
"NFLX","NETFLIX INC","01/27/2026","12/12/2025","10","$84.69","$95.24","$846.90","$952.40","-$105.50","-11.077278454431%","","-$105.50","Short Term","$952.40","No","","01/27/2026","","","","","","",""
"SNOW","SNOWFLAKE INC CLASS A","01/27/2026","11/05/2025","40","$211.68","$267.42","$8,467.19","$10,696.80","$0.00","0%","","$0.00","Short Term","$10,696.80","Yes","$2,229.61","01/27/2026","","","","","","",""
"U","UNITY SOFTWARE INC","01/27/2026","01/05/2024","1","$41.26","$37.74","$41.26","$37.74","$3.52","9.326974032856%","$3.52","","Long Term","$37.74","No","","01/27/2026","","","","","","",""
"UAL","UNITED AIRLINES HLDG","01/27/2026","11/18/2025","50","$106.21","$89.84","$5,310.49","$4,492.10","$818.39","18.21842790677%","","$818.39","Short Term","$4,492.10","No","","01/27/2026","","","","","","",""
"UAL","UNITED AIRLINES HLDG","01/27/2026","11/04/2025","50","$106.21","$91.13","$5,310.49","$4,556.50","$753.99","16.547569406343%","","$753.99","Short Term","$4,556.50","No","","01/27/2026","","","","","","",""
"UAL","UNITED AIRLINES HLDG","01/27/2026","04/08/2025","1","$106.21","$60.00","$106.21","$60.00","$46.21","77.016666666667%","","$46.21","Short Term","$60.00","No","","01/27/2026","","","","","","",""
"ZETA","ZETA GLOBAL HLDGS CO CLASS A","01/27/2026","11/19/2025","100","$20.11","$16.94","$2,011.49","$1,693.52","$317.97","18.775686144834%","","$317.97","Short Term","$1,693.52","No","","01/27/2026","$3,565.72","$477.36","13.387478545707%","","","$477.36","13.387478545707458%"
"ZETA","ZETA GLOBAL HLDGS CO CLASS A","01/27/2026","10/20/2025","100","$20.11","$18.54","$2,011.48","$1,854.00","$157.48","8.494066882416%","","$157.48","Short Term","$1,854.00","No","","01/27/2026","$3,565.72","$477.36","13.387478545707%","","","$477.36","13.387478545707458%"
"ZETA","ZETA GLOBAL HLDGS CO CLASS A","01/27/2026","08/19/2025","1","$20.11","$18.29","$20.11","$18.29","$1.82","9.950792782941%","","$1.82","Short Term","$18.29","No","","01/27/2026","$3,565.72","$477.36","13.387478545707%","","","$477.36","13.387478545707458%"
"SNDK","SANDISK CORP","01/23/2026","01/08/2026","4","$476.85","$319.87","$1,907.38","$1,279.46","$627.92","49.076954340112%","","$627.92","Short Term","$1,279.46","No","","01/23/2026","","","","","","",""
"SNDK","SANDISK CORP","01/23/2026","01/07/2026","5","$476.85","$358.30","$2,384.23","$1,791.50","$592.73","33.085682389059%","","$592.73","Short Term","$1,791.50","No","","01/23/2026","","","","","","",""
"NFLX","NETFLIX INC","01/20/2026","12/17/2025","50","$82.96","$96.08","$4,147.99","$4,803.99","-$656.00","-13.655315685503%","","-$656.00","Short Term","$4,803.99","No","","01/20/2026","","","","","","",""
"NFLX","NETFLIX INC","01/20/2026","12/12/2025","40","$82.96","$95.24","$3,318.39","$3,809.60","-$491.21","-12.894004619908%","","-$491.21","Short Term","$3,809.60","No","","01/20/2026","","","","","","",""
"NFLX","NETFLIX INC","01/20/2026","01/22/2025","10","$82.96","$99.91","$829.60","$999.10","-$169.50","-16.965268741868%","","-$169.50","Short Term","$999.10","No","","01/20/2026","","","","","","",""
"NFLX","NETFLIX INC","01/20/2026","12/12/2025","50","$82.81","$95.24","$4,140.50","$4,762.00","-$621.50","-13.05123897522%","","-$621.50","Short Term","$4,762.00","No","","01/20/2026","","","","","","",""
"SLV","ISHARES SILVER TRUST ETF","01/20/2026","01/20/2026","120","$85.20","$85.17","$10,223.98","$10,220.16","$3.82","0.037377105642%","","$3.82","Short Term","$10,220.16","No","","01/20/2026","","","","","","",""
"UAL","UNITED AIRLINES HLDG","01/20/2026","11/07/2025","50","$109.10","$95.78","$5,454.99","$4,789.00","$665.99","13.90666109835%","","$665.99","Short Term","$4,789.00","No","","01/20/2026","","","","","","",""
"UAL","UNITED AIRLINES HLDG","01/20/2026","10/28/2025","50","$109.10","$97.67","$5,454.99","$4,883.25","$571.74","11.708186146521%","","$571.74","Short Term","$4,883.25","No","","01/20/2026","","","","","","",""
"UAL","UNITED AIRLINES HLDG","01/20/2026","10/22/2025","50","$109.10","$97.53","$5,454.99","$4,876.50","$578.49","11.862811442633%","","$578.49","Short Term","$4,876.50","No","","01/20/2026","","","","","","",""
"ZETA","ZETA GLOBAL HLDGS CO CLASS A","01/16/2026","11/13/2025","200","$20.86","$18.89","$4,172.96","$3,777.00","$395.96","10.48345247551%","","$395.96","Short Term","$3,777.00","No","","01/16/2026","","","","","","",""
"ZETA","ZETA GLOBAL HLDGS CO CLASS A","01/16/2026","11/05/2025","100","$20.86","$18.80","$2,086.48","$1,879.76","$206.72","10.997148572158%","","$206.72","Short Term","$1,879.76","No","","01/16/2026","","","","","","",""
"ZETA","ZETA GLOBAL HLDGS CO CLASS A","01/16/2026","10/24/2025","100","$20.86","$19.09","$2,086.48","$1,908.63","$177.85","9.318202061164%","","$177.85","Short Term","$1,908.63","No","","01/16/2026","","","","","","",""
"COIN","COINBASE GLOBAL INC CLASS A","01/15/2026","12/05/2025","25","$246.63","$251.54","$6,165.74","$6,288.58","$0.00","0%","","$0.00","Short Term","$6,288.58","Yes","$122.84","01/15/2026","$12,389.80","-$58.31","-0.470629065844%","","","-$58.31","-0.470629065844485%"
"COIN","COINBASE GLOBAL INC CLASS A","01/15/2026","12/01/2025","25","$246.63","$256.25","$6,165.75","$6,406.37","$0.00","0%","","$0.00","Short Term","$6,406.37","Yes","$240.62","01/15/2026","$12,389.80","-$58.31","-0.470629065844%","","","-$58.31","-0.470629065844485%"
"COIN","COINBASE GLOBAL INC CLASS A","01/14/2026","12/21/2025","25","$257.50","$264.30","$6,437.49","$6,607.55","$0.00","0%","","$0.00","Short Term","$6,607.55","Yes","$170.06","01/14/2026","$12,389.80","$485.19","3.916043842516%","","","$485.19","3.916043842515618%"
"COIN","COINBASE GLOBAL INC CLASS A","01/14/2026","12/17/2025","25","$257.50","$268.52","$6,437.50","$6,713.03","$0.00","0%","","$0.00","Short Term","$6,713.03","Yes","$275.53","01/14/2026","$12,389.80","$485.19","3.916043842516%","","","$485.19","3.916043842515618%"
"OSCR","OSCAR HEALTH INC CLASS A","01/14/2026","11/07/2025","100","$16.90","$15.13","$1,689.65","$1,513.47","$176.18","11.640798958684%","","$176.18","Short Term","$1,513.47","No","","01/14/2026","$1,423.95","$265.70","18.659363039433%","","","$265.70","18.659363039432563%"
"PLTR","PALANTIR TECHNOLOGIE CLASS A","01/14/2026","01/05/2026","30","$175.34","$172.00","$5,260.19","$5,160.00","$100.19","1.941666666667%","","$100.19","Short Term","$5,160.00","No","","01/14/2026","","","","","","",""
"ZETA","ZETA GLOBAL HLDGS CO CLASS A","01/14/2026","10/09/2025","400","$21.94","$21.00","$8,777.60","$8,400.00","$377.60","4.495238095238%","","$377.60","Short Term","$8,400.00","No","","01/14/2026","","","","","","",""
"CCCX","CHURCHILL CAPITAL A","01/12/2026","01/12/2026","200","$19.24","$18.82","$3,848.71","$3,765.00","$83.71","2.175014485373%","","$83.71","Short Term","$3,765.00","No","","01/09/2026","","","","","","",""
"SNDK","SANDISK CORP","01/09/2026","01/07/2026","10","$379.55","$358.30","$3,795.50","$3,583.00","$212.50","5.930784259001%","","$212.50","Short Term","$3,583.00","No","","01/09/2026","","","","","","",""
"PLTR","PALANTIR TECHNOLOGIE CLASS A","01/07/2026","01/05/2026","30","$178.25","$172.00","$5,347.53","$5,160.00","$187.53","3.634302325581%","","$187.53","Short Term","$5,160.00","No","","01/07/2026","","","","","","",""
"COIN","COINBASE GLOBAL INC CLASS A","01/06/2026","12/03/2025","25","$254.73","$258.47","$6,368.13","$6,461.81","$0.00","0%","","$0.00","Short Term","$6,461.81","Yes","$93.68","01/06/2026","$6,282.00","$86.13","1.37106017192%","","","$86.13","1.3710601719197708%"
"COIN","COINBASE GLOBAL INC CLASS A","01/06/2026","11/29/2025","25","$248.12","$256.58","$6,203.00","$6,414.47","$0.00","0%","","$0.00","Short Term","$6,414.47","Yes","$211.47","01/06/2026","$6,282.00","-$79.00","-1.257561286215%","","","-$79.00","-1.2575612862145813%"
"SOFI","SOFI TECHNOLOGIES IN","01/06/2026","12/18/2025","200","$26.73","$25.51","$5,346.97","$5,101.98","$244.99","4.801861238186%","","$244.99","Short Term","$5,101.98","No","","01/06/2026","","","","","","",""
"AFRM","AFFIRM HLDGS INC A","01/05/2026","10/22/2025","10","$80.29","$90.47","$802.86","$904.75","$0.00","0%","","$0.00","Short Term","$904.75","Yes","$101.89","01/05/2026","$1,368.68","$237.03","17.318145950843%","","","$237.03","17.318145950843146%"
"AFRM","AFFIRM HLDGS INC A","01/05/2026","10/17/2025","10","$80.28","$89.70","$802.85","$896.95","$0.00","0%","","$0.00","Short Term","$896.95","Yes","$94.10","01/05/2026","$1,368.68","$237.03","17.318145950843%","","","$237.03","17.318145950843146%"
"SOFI","SOFI TECHNOLOGIES IN","01/05/2026","11/13/2025","100","$29.47","$28.73","$2,947.34","$2,873.50","$73.84","2.569688533148%","","$73.84","Short Term","$2,873.50","No","","01/05/2026","","","","","","",""
"SOFI","SOFI TECHNOLOGIES IN","01/05/2026","11/05/2025","200","$29.47","$28.61","$5,894.66","$5,721.76","$172.90","3.021797488885%","","$172.90","Short Term","$5,721.76","No","","01/05/2026","","","","","","",""
"KVYO","KLAVIYO INC","01/02/2026","11/05/2025","200","$29.68","$27.50","$5,935.97","$5,500.00","$435.97","7.926727272727%","","$435.97","Short Term","$5,500.00","No","","01/02/2026","","","","","","",""
"KVYO","KLAVIYO INC","01/02/2026","10/21/2025","200","$29.68","$25.67","$5,935.97","$5,134.00","$801.97","15.620763537203%","","$801.97","Short Term","$5,134.00","No","","01/02/2026","","","","","","",""
"KVYO","KLAVIYO INC","01/02/2026","10/20/2025","99","$29.68","$24.20","$2,938.29","$2,395.80","$542.49","22.643375907839%","","$542.49","Short Term","$2,395.80","No","","01/02/2026","","","","","","",""
"KVYO","KLAVIYO INC","01/02/2026","10/08/2025","100","$29.68","$26.22","$2,967.98","$2,621.93","$346.05","13.198292860603%","","$346.05","Short Term","$2,621.93","No","","01/02/2026","","","","","","",""
"KVYO","KLAVIYO INC","01/02/2026","10/03/2025","200","$29.68","$26.56","$5,935.97","$5,311.46","$624.51","11.75778411209%","","$624.51","Short Term","$5,311.46","No","","01/02/2026","","","","","","",""
"KVYO","KLAVIYO INC","01/02/2026","09/17/2025","200","$29.68","$34.40","$5,935.97","$6,880.00","$0.00","0%","","$0.00","Short Term","$6,880.00","Yes","$944.03","01/02/2026","","","","","","",""
"KVYO","KLAVIYO INC","01/02/2026","04/08/2025","1","$29.68","$27.84","$29.68","$27.84","$1.84","6.609195402299%","","$1.84","Short Term","$27.84","No","","01/02/2026","","","","","","",""
"ROKU","ROKU INC A","01/02/2026","02/21/2024","65","$109.02","$64.45","$7,086.36","$4,189.11","$2,897.25","69.161468665182%","$2,897.25","","Long Term","$4,189.11","No","","01/02/2026","","","","","","",""
"KLAR","KLARNA GROUP PLC","12/31/2025","11/18/2025","100","$29.01","$31.98","$2,901.01","$3,198.12","-$297.11","-9.290145460458%","","-$297.11","Short Term","$3,198.12","No","","12/31/2025","","","","","","",""
"KLAR","KLARNA GROUP PLC","12/31/2025","11/13/2025","75","$29.01","$35.06","$2,175.75","$2,629.13","-$453.38","-17.244487720272%","","-$453.38","Short Term","$2,629.13","No","","12/31/2025","","","","","","",""
"KLAR","KLARNA GROUP PLC","12/31/2025","11/07/2025","50","$29.01","$35.39","$1,450.50","$1,769.50","-$319.00","-18.027691438259%","","-$319.00","Short Term","$1,769.50","No","","12/31/2025","","","","","","",""
"KLAR","KLARNA GROUP PLC","12/30/2025","11/10/2025","100","$29.32","$36.55","$2,932.13","$3,655.50","-$723.37","-19.788537819724%","","-$723.37","Short Term","$3,655.50","No","","12/30/2025","","","","","","",""
"KLAR","KLARNA GROUP PLC","12/30/2025","10/23/2025","100","$29.32","$37.15","$2,932.14","$3,715.05","-$782.91","-21.074009771066%","","-$782.91","Short Term","$3,715.05","No","","12/30/2025","","","","","","",""
"COIN","COINBASE GLOBAL INC A","12/19/2025","12/01/2025","25","$240.89","$257.40","$6,022.28","$6,434.93","$0.00","0%","","$0.00","Short Term","$6,434.93","Yes","$412.65","12/19/2025","$12,365.82","-$321.26","-2.597967623659%","","","-$321.26","-2.5979676236594096%"
"COIN","COINBASE GLOBAL INC A","12/19/2025","11/27/2025","25","$240.89","$261.62","$6,022.28","$6,540.41","$0.00","0%","","$0.00","Short Term","$6,540.41","Yes","$518.13","12/19/2025","$12,365.82","-$321.26","-2.597967623659%","","","-$321.26","-2.5979676236594096%"
"AFRM","AFFIRM HLDGS INC A","12/16/2025","10/22/2025","10","$72.47","$94.51","$724.67","$945.08","$0.00","0%","","$0.00","Short Term","$945.08","Yes","$220.41","12/16/2025","$3,415.00","$208.37","6.101610541728%","","","$208.37","6.1016105417276725%"
"AFRM","AFFIRM HLDGS INC A","12/16/2025","10/21/2025","10","$72.47","$93.13","$724.68","$931.28","$0.00","0%","","$0.00","Short Term","$931.28","Yes","$206.60","12/16/2025","$3,415.00","$208.37","6.101610541728%","","","$208.37","6.1016105417276725%"
"AFRM","AFFIRM HLDGS INC A","12/16/2025","10/17/2025","30","$72.47","$93.73","$2,174.02","$2,811.86","$0.00","0%","","$0.00","Short Term","$2,811.86","Yes","$637.84","12/16/2025","$3,415.00","$208.37","6.101610541728%","","","$208.37","6.1016105417276725%"
"ROKU","ROKU INC A","12/16/2025","11/18/2025","35","$108.13","$93.75","$3,784.54","$3,281.09","$503.45","15.343986297237%","","$503.45","Short Term","$3,281.09","No","","12/16/2025","","","","","","",""
"AVGO","BROADCOM INC","12/12/2025","12/11/2025","15","$363.64","$418.00","$5,454.60","$6,270.00","-$815.40","-13.004784688995%","","-$815.40","Short Term","$6,270.00","No","","12/12/2025","","","","","","",""
"COIN","COINBASE GLOBAL INC A","12/10/2025","11/21/2025","25","$272.95","$280.14","$6,823.69","$7,003.50","$0.00","0%","","$0.00","Short Term","$7,003.50","Yes","$179.81","12/10/2025","$13,597.50","$49.87","0.36675859533%","","","$49.87","0.3667585953300239%"
"COIN","COINBASE GLOBAL INC A","12/10/2025","11/17/2025","25","$272.95","$278.25","$6,823.68","$6,956.15","$0.00","0%","","$0.00","Short Term","$6,956.15","Yes","$132.47","12/10/2025","$13,597.50","$49.87","0.36675859533%","","","$49.87","0.3667585953300239%"
"COIN","COINBASE GLOBAL INC A","12/04/2025","11/19/2025","25","$272.76","$282.84","$6,818.99","$7,071.01","$0.00","0%","","$0.00","Short Term","$7,071.01","Yes","$252.02","12/04/2025","$13,400.00","$237.99","1.776044776119%","","","$237.99","1.776044776119403%"
"COIN","COINBASE GLOBAL INC A","12/04/2025","11/15/2025","25","$272.76","$287.06","$6,819.00","$7,176.50","$0.00","0%","","$0.00","Short Term","$7,176.50","Yes","$357.50","12/04/2025","$13,400.00","$237.99","1.776044776119%","","","$237.99","1.776044776119403%"
"AFRM","AFFIRM HLDGS INC A","12/02/2025","11/17/2025","50","$67.33","$68.43","$3,366.65","$3,421.71","-$55.06","-1.609136951992%","","-$55.06","Short Term","$3,421.71","No","","12/02/2025","","","","","","",""
"COIN","COINBASE GLOBAL INC A","12/02/2025","11/18/2025","25","$268.48","$276.67","$6,712.00","$6,916.75","$0.00","0%","","$0.00","Short Term","$6,916.75","Yes","$204.75","12/02/2025","$12,967.63","$456.36","3.519224407236%","","","$456.36","3.519224407235555%"
"COIN","COINBASE GLOBAL INC A","12/02/2025","11/14/2025","25","$268.48","$274.78","$6,711.99","$6,869.39","$0.00","0%","","$0.00","Short Term","$6,869.39","Yes","$157.40","12/02/2025","$12,967.63","$456.36","3.519224407236%","","","$456.36","3.519224407235555%"
"AFRM","AFFIRM HLDGS INC A","12/01/2025","11/17/2025","99","$69.64","$68.43","$6,894.34","$6,774.98","$119.36","1.761776418528%","","$119.36","Short Term","$6,774.98","No","","12/01/2025","$6,843.41","$120.57","1.76184095356%","","","$120.57","1.7618409535597166%"
"AFRM","AFFIRM HLDGS INC A","12/01/2025","09/29/2025","1","$69.64","$85.61","$69.64","$85.61","-$15.97","-18.654362808083%","","-$15.97","Short Term","$85.61","No","","12/01/2025","$6,843.41","$120.57","1.76184095356%","","","$120.57","1.7618409535597166%"
"COIN","COINBASE GLOBAL INC A","12/01/2025","11/18/2025","25","$261.83","$276.67","$6,545.75","$6,916.76","$0.00","0%","","$0.00","Short Term","$6,916.76","Yes","$371.01","12/01/2025","$19,724.25","-$87.00","-0.44108140994%","","","-$87.00","-0.4410814099395415%"
"COIN","COINBASE GLOBAL INC A","12/01/2025","11/14/2025","50","$261.83","$280.89","$13,091.50","$14,044.51","$0.00","0%","","$0.00","Short Term","$14,044.51","Yes","$953.01","12/01/2025","$19,724.25","-$87.00","-0.44108140994%","","","-$87.00","-0.4410814099395415%"
"OSCR","OSCAR HEALTH INC CLASS A","12/01/2025","11/06/2025","300","$17.54","$16.04","$5,262.70","$4,811.90","$450.80","9.368440740664%","","$450.80","Short Term","$4,811.90","No","","12/01/2025","$4,271.85","$990.85","23.194868733687%","","","$990.85","23.194868733686786%"
"OSCR","OSCAR HEALTH INC CLASS A","11/24/2025","11/07/2025","100","$16.21","$17.11","$1,620.98","$1,710.50","$0.00","0%","","$0.00","Short Term","$1,710.50","Yes","$89.52","11/24/2025","","","","","","",""
"OSCR","OSCAR HEALTH INC CLASS A","11/24/2025","11/06/2025","300","$16.21","$18.01","$4,862.95","$5,403.00","$0.00","0%","","$0.00","Short Term","$5,403.00","Yes","$540.05","11/24/2025","","","","","","",""
"AFRM","AFFIRM HLDGS INC A","11/18/2025","11/17/2025","61","$66.53","$68.43","$4,058.39","$4,174.48","-$116.09","-2.780945171614%","","-$116.09","Short Term","$4,174.48","No","","11/18/2025","$20,535.76","-$576.46","-2.807103316361%","","","-$576.46","-2.8071033163613137%"
"AFRM","AFFIRM HLDGS INC A","11/18/2025","11/16/2025","29","$66.53","$72.52","$1,929.40","$2,103.18","-$173.78","-8.262725967345%","","-$173.78","Short Term","$2,103.18","No","","11/18/2025","$20,535.76","-$576.46","-2.807103316361%","","","-$576.46","-2.8071033163613137%"
"AFRM","AFFIRM HLDGS INC A","11/18/2025","10/12/2025","10","$66.53","$78.13","$665.31","$781.25","-$115.94","-14.84032%","","-$115.94","Short Term","$781.25","No","","11/18/2025","$20,535.76","-$576.46","-2.807103316361%","","","-$576.46","-2.8071033163613137%"
"AFRM","AFFIRM HLDGS INC A","11/18/2025","10/11/2025","10","$66.53","$75.30","$665.31","$753.03","-$87.72","-11.648938289311%","","-$87.72","Short Term","$753.03","No","","11/18/2025","$20,535.76","-$576.46","-2.807103316361%","","","-$576.46","-2.8071033163613137%"
"AFRM","AFFIRM HLDGS INC A","11/18/2025","10/10/2025","10","$66.53","$81.91","$665.31","$819.07","-$153.76","-18.772510286056%","","-$153.76","Short Term","$819.07","No","","11/18/2025","$20,535.76","-$576.46","-2.807103316361%","","","-$576.46","-2.8071033163613137%"
"AFRM","AFFIRM HLDGS INC A","11/18/2025","10/09/2025","29","$66.53","$78.17","$1,929.40","$2,267.04","-$337.64","-14.893429317524%","","-$337.64","Short Term","$2,267.04","No","","11/18/2025","$20,535.76","-$576.46","-2.807103316361%","","","-$576.46","-2.8071033163613137%"
"AFRM","AFFIRM HLDGS INC A","11/18/2025","10/05/2025","30","$66.53","$91.43","$1,995.93","$2,742.76","-$484.75","-17.673803030524%","","-$484.75","Short Term","$2,742.76","Yes","$262.08","11/18/2025","$20,535.76","-$576.46","-2.807103316361%","","","-$576.46","-2.8071033163613137%"
"AFRM","AFFIRM HLDGS INC A","11/18/2025","10/04/2025","40","$66.53","$91.36","$2,661.24","$3,654.36","-$744.84","-20.382228351887%","","-$744.84","Short Term","$3,654.36","Yes","$248.28","11/18/2025","$20,535.76","-$576.46","-2.807103316361%","","","-$576.46","-2.8071033163613137%"
"AFRM","AFFIRM HLDGS INC A","11/18/2025","09/30/2025","30","$66.53","$91.96","$1,995.93","$2,758.79","$0.00","0%","","$0.00","Short Term","$2,758.79","Yes","$762.86","11/18/2025","$20,535.76","-$576.46","-2.807103316361%","","","-$576.46","-2.8071033163613137%"
"AFRM","AFFIRM HLDGS INC A","11/18/2025","09/29/2025","1","$66.53","$83.71","$66.53","$83.71","$0.00","0%","","$0.00","Short Term","$83.71","Yes","$17.18","11/18/2025","$20,535.76","-$576.46","-2.807103316361%","","","-$576.46","-2.8071033163613137%"
"AFRM","AFFIRM HLDGS INC A","11/18/2025","09/21/2025","40","$66.53","$89.86","$2,661.24","$3,594.22","-$932.98","-25.957787781494%","","-$932.98","Short Term","$3,594.22","No","","11/18/2025","$20,535.76","-$576.46","-2.807103316361%","","","-$576.46","-2.8071033163613137%"
"AFRM","AFFIRM HLDGS INC A","11/18/2025","09/16/2025","10","$66.53","$86.40","$665.31","$863.97","-$198.66","-22.993853953262%","","-$198.66","Short Term","$863.97","No","","11/18/2025","$20,535.76","-$576.46","-2.807103316361%","","","-$576.46","-2.8071033163613137%"
"DDOG","DATADOG INC A","11/17/2025","11/14/2025","90","$184.30","$183.83","$16,586.77","$16,544.53","$42.24","0.255310969849%","","$42.24","Short Term","$16,544.53","No","","11/17/2025","","","","","","",""
"NVDA","NVIDIA CORP","11/17/2025","11/06/2025","40","$187.03","$197.62","$7,481.15","$7,904.66","-$105.87","-1.339336543254%","","-$105.87","Short Term","$7,904.66","Yes","$317.64","11/17/2025","$19,681.38","-$978.50","-4.971704219928%","","","-$978.50","-4.971704219927668%"
"NVDA","NVIDIA CORP","11/17/2025","09/09/2025","20","$187.03","$206.06","$3,740.58","$4,121.23","$0.00","0%","","$0.00","Short Term","$4,121.23","Yes","$380.65","11/17/2025","$19,681.38","-$978.50","-4.971704219928%","","","-$978.50","-4.971704219927668%"
"NVDA","NVIDIA CORP","11/17/2025","09/08/2025","10","$187.03","$197.77","$1,870.29","$1,977.71","$0.00","0%","","$0.00","Short Term","$1,977.71","Yes","$107.42","11/17/2025","$19,681.38","-$978.50","-4.971704219928%","","","-$978.50","-4.971704219927668%"
"NVDA","NVIDIA CORP","11/17/2025","09/04/2025","30","$187.03","$205.93","$5,610.86","$6,177.96","$0.00","0%","","$0.00","Short Term","$6,177.96","Yes","$567.10","11/17/2025","$19,681.38","-$978.50","-4.971704219928%","","","-$978.50","-4.971704219927668%"
"NVDA","NVIDIA CORP","11/17/2025","11/06/2025","20","$185.19","$198.89","$3,703.80","$3,977.86","-$274.06","-6.889634124881%","","-$274.06","Short Term","$3,977.86","No","","11/17/2025","$18,661.26","-$142.28","-0.762435119601%","","","-$142.28","-0.7624351196007129%"
"NVDA","NVIDIA CORP","11/17/2025","11/06/2025","10","$185.19","$196.90","$1,851.90","$1,968.98","-$117.08","-5.946225964713%","","-$117.08","Short Term","$1,968.98","No","","11/17/2025","$18,661.26","-$142.28","-0.762435119601%","","","-$142.28","-0.7624351196007129%"
"NVDA","NVIDIA CORP","11/17/2025","09/09/2025","20","$185.19","$207.87","$3,703.80","$4,157.45","-$453.65","-10.911736761717%","","-$453.65","Short Term","$4,157.45","No","","11/17/2025","$18,661.26","-$142.28","-0.762435119601%","","","-$142.28","-0.7624351196007129%"
"NVDA","NVIDIA CORP","11/17/2025","09/08/2025","10","$185.19","$208.36","$1,851.90","$2,083.58","-$231.68","-11.119323472101%","","-$231.68","Short Term","$2,083.58","No","","11/17/2025","$18,661.26","-$142.28","-0.762435119601%","","","-$142.28","-0.7624351196007129%"
"NVDA","NVIDIA CORP","11/17/2025","09/04/2025","20","$185.19","$201.53","$3,703.80","$4,030.67","-$326.87","-8.109569872999%","","-$326.87","Short Term","$4,030.67","No","","11/17/2025","$18,661.26","-$142.28","-0.762435119601%","","","-$142.28","-0.7624351196007129%"
"NVDA","NVIDIA CORP","11/17/2025","09/04/2025","10","$185.19","$204.94","$1,851.90","$2,049.43","-$197.53","-9.638289670787%","","-$197.53","Short Term","$2,049.43","No","","11/17/2025","$18,661.26","-$142.28","-0.762435119601%","","","-$142.28","-0.7624351196007129%"
"NVDA","NVIDIA CORP","11/17/2025","08/22/2025","10","$185.19","$186.20","$1,851.88","$1,862.05","-$10.17","-0.546172229532%","","-$10.17","Short Term","$1,862.05","No","","11/17/2025","$18,661.26","-$142.28","-0.762435119601%","","","-$142.28","-0.7624351196007129%"
"AFRM","AFFIRM HLDGS INC A","11/14/2025","10/02/2025","30","$70.79","$93.79","$2,123.84","$2,813.58","$0.00","0%","","$0.00","Short Term","$2,813.58","Yes","$689.74","11/14/2025","$7,056.99","$22.50","0.318832816824%","","","$22.50","0.3188328168241701%"
"AFRM","AFFIRM HLDGS INC A","11/14/2025","10/01/2025","40","$70.80","$93.72","$2,831.80","$3,748.79","$0.00","0%","","$0.00","Short Term","$3,748.79","Yes","$916.99","11/14/2025","$7,056.99","$22.50","0.318832816824%","","","$22.50","0.3188328168241701%"
"AFRM","AFFIRM HLDGS INC A","11/14/2025","09/27/2025","30","$70.80","$94.32","$2,123.85","$2,829.62","$0.00","0%","","$0.00","Short Term","$2,829.62","Yes","$705.77","11/14/2025","$7,056.99","$22.50","0.318832816824%","","","$22.50","0.3188328168241701%"
"PLTR","PALANTIR TECHNOLOGIE CLASS A","11/13/2025","11/07/2025","15","$179.35","$177.89","$2,690.26","$2,668.35","$21.91","0.821106676411%","","$21.91","Short Term","$2,668.35","No","","11/13/2025","$7,032.10","$141.91","2.018031597958%","","","$141.91","2.018031597957936%"
"PLTR","PALANTIR TECHNOLOGIE CLASS A","11/13/2025","11/03/2025","10","$179.35","$178.11","$1,793.50","$1,781.11","$12.39","0.69563362173%","","$12.39","Short Term","$1,781.11","No","","11/13/2025","$7,032.10","$141.91","2.018031597958%","","","$141.91","2.018031597957936%"
"PLTR","PALANTIR TECHNOLOGIE CLASS A","11/13/2025","11/03/2025","10","$179.35","$178.96","$1,793.50","$1,789.60","$3.90","0.217925793473%","","$3.90","Short Term","$1,789.60","No","","11/13/2025","$7,032.10","$141.91","2.018031597958%","","","$141.91","2.018031597957936%"
"PLTR","PALANTIR TECHNOLOGIE CLASS A","11/13/2025","11/02/2025","5","$179.35","$191.90","$896.75","$959.50","-$62.75","-6.539864512767%","","-$62.75","Short Term","$959.50","No","","11/13/2025","$7,032.10","$141.91","2.018031597958%","","","$141.91","2.018031597957936%"
"CRWV","COREWEAVE INC CLASS A","11/12/2025","11/12/2025","50","$94.19","$91.45","$4,709.75","$4,572.50","$137.25","2.914167418653%","","$137.25","Short Term","$4,572.50","No","","11/11/2025","","","","","","",""
"AFRM","AFFIRM HLDGS INC A","11/07/2025","09/26/2025","30","$69.57","$92.79","$2,087.17","$2,783.65","$0.00","0%","","$0.00","Short Term","$2,783.65","Yes","$696.48","11/07/2025","$7,396.98","-$439.74","-5.944858577419%","","","-$439.74","-5.944858577419433%"
"AFRM","AFFIRM HLDGS INC A","11/07/2025","09/25/2025","40","$69.57","$92.72","$2,782.90","$3,708.90","$0.00","0%","","$0.00","Short Term","$3,708.90","Yes","$926.00","11/07/2025","$7,396.98","-$439.74","-5.944858577419%","","","-$439.74","-5.944858577419433%"
"AFRM","AFFIRM HLDGS INC A","11/07/2025","09/21/2025","30","$69.57","$93.32","$2,087.17","$2,799.69","$0.00","0%","","$0.00","Short Term","$2,799.69","Yes","$712.52","11/07/2025","$7,396.98","-$439.74","-5.944858577419%","","","-$439.74","-5.944858577419433%"
"AFRM","AFFIRM HLDGS INC A","11/07/2025","11/06/2025","29","$69.88","$73.97","$2,026.52","$2,145.11","$0.00","0%","","$0.00","Short Term","$2,145.11","Yes","$118.59","11/07/2025","$10,132.48","-$419.08","-4.136006189995%","","","-$419.08","-4.136006189994947%"
"AFRM","AFFIRM HLDGS INC A","11/07/2025","10/02/2025","10","$69.88","$79.57","$698.81","$795.72","$0.00","0%","","$0.00","Short Term","$795.72","Yes","$96.91","11/07/2025","$10,132.48","-$419.08","-4.136006189995%","","","-$419.08","-4.136006189994947%"
"AFRM","AFFIRM HLDGS INC A","11/07/2025","10/01/2025","10","$69.88","$76.75","$698.81","$767.50","$0.00","0%","","$0.00","Short Term","$767.50","Yes","$68.69","11/07/2025","$10,132.48","-$419.08","-4.136006189995%","","","-$419.08","-4.136006189994947%"
"AFRM","AFFIRM HLDGS INC A","11/07/2025","09/30/2025","10","$69.88","$83.35","$698.81","$833.54","$0.00","0%","","$0.00","Short Term","$833.54","Yes","$134.73","11/07/2025","$10,132.48","-$419.08","-4.136006189995%","","","-$419.08","-4.136006189994947%"
"AFRM","AFFIRM HLDGS INC A","11/07/2025","09/29/2025","30","$69.88","$79.62","$2,096.42","$2,388.61","$0.00","0%","","$0.00","Short Term","$2,388.61","Yes","$292.19","11/07/2025","$10,132.48","-$419.08","-4.136006189995%","","","-$419.08","-4.136006189994947%"
"AFRM","AFFIRM HLDGS INC A","11/07/2025","09/11/2025","40","$69.88","$91.30","$2,795.22","$3,652.08","$0.00","0%","","$0.00","Short Term","$3,652.08","Yes","$856.86","11/07/2025","$10,132.48","-$419.08","-4.136006189995%","","","-$419.08","-4.136006189994947%"
"AFRM","AFFIRM HLDGS INC A","11/07/2025","09/06/2025","10","$69.88","$87.84","$698.81","$878.44","$0.00","0%","","$0.00","Short Term","$878.44","Yes","$179.63","11/07/2025","$10,132.48","-$419.08","-4.136006189995%","","","-$419.08","-4.136006189994947%"
"DDOG","DATADOG INC A","11/06/2025","11/06/2025","200","$191.00","$190.56","$38,199.97","$38,112.00","$87.97","0.230819689337%","","$87.97","Short Term","$38,112.00","No","","11/06/2025","","","","","","",""
"AFRM","AFFIRM HLDGS INC A","11/05/2025","10/01/2025","10","$71.15","$76.75","$711.49","$767.51","$0.00","0%","","$0.00","Short Term","$767.51","Yes","$56.02","11/05/2025","$14,209.91","$20.08","0.141309832363%","","","$20.08","0.14130983236347017%"
"AFRM","AFFIRM HLDGS INC A","11/05/2025","09/29/2025","40","$71.15","$80.53","$2,846.00","$3,221.35","$0.00","0%","","$0.00","Short Term","$3,221.35","Yes","$375.35","11/05/2025","$14,209.91","$20.08","0.141309832363%","","","$20.08","0.14130983236347017%"
"AFRM","AFFIRM HLDGS INC A","11/05/2025","09/25/2025","30","$71.15","$89.97","$2,134.50","$2,699.05","$0.00","0%","","$0.00","Short Term","$2,699.05","Yes","$564.55","11/05/2025","$14,209.91","$20.08","0.141309832363%","","","$20.08","0.14130983236347017%"
"AFRM","AFFIRM HLDGS INC A","11/05/2025","09/24/2025","40","$71.15","$89.90","$2,846.00","$3,596.11","$0.00","0%","","$0.00","Short Term","$3,596.11","Yes","$750.11","11/05/2025","$14,209.91","$20.08","0.141309832363%","","","$20.08","0.14130983236347017%"
"AFRM","AFFIRM HLDGS INC A","11/05/2025","09/20/2025","30","$71.15","$90.50","$2,134.50","$2,715.10","$0.00","0%","","$0.00","Short Term","$2,715.10","Yes","$580.60","11/05/2025","$14,209.91","$20.08","0.141309832363%","","","$20.08","0.14130983236347017%"
"AFRM","AFFIRM HLDGS INC A","11/05/2025","09/10/2025","40","$71.15","$88.48","$2,846.00","$3,539.28","$0.00","0%","","$0.00","Short Term","$3,539.28","Yes","$693.28","11/05/2025","$14,209.91","$20.08","0.141309832363%","","","$20.08","0.14130983236347017%"
"AFRM","AFFIRM HLDGS INC A","11/05/2025","09/05/2025","10","$71.15","$85.02","$711.50","$850.24","$0.00","0%","","$0.00","Short Term","$850.24","Yes","$138.74","11/05/2025","$14,209.91","$20.08","0.141309832363%","","","$20.08","0.14130983236347017%"
"COIN","COINBASE GLOBAL INC A","11/05/2025","10/31/2025","50","$304.69","$322.59","$15,234.50","$16,129.51","$0.00","0%","","$0.00","Short Term","$16,129.51","Yes","$895.01","11/05/2025","$15,750.00","-$515.50","-3.273015873016%","","","-$515.50","-3.273015873015873%"
"COIN","COINBASE GLOBAL INC A","11/05/2025","11/04/2025","50","$301.32","$315.00","$15,065.99","$15,750.00","$0.00","0%","","$0.00","Short Term","$15,750.00","Yes","$684.01","11/05/2025","","","","","","",""
"SNOW","SNOWFLAKE INC","11/05/2025","10/28/2025","50","$260.94","$268.73","$13,046.99","$13,436.50","$0.00","0%","","$0.00","Short Term","$13,436.50","Yes","$389.51","11/05/2025","","","","","","",""
"SNOW","SNOWFLAKE INC","11/05/2025","10/23/2025","10","$260.94","$252.78","$2,609.40","$2,527.81","$81.59","3.227695119491%","","$81.59","Short Term","$2,527.81","No","","11/05/2025","","","","","","",""
"NVDA","NVIDIA CORP","11/04/2025","09/08/2025","30","$202.78","$197.77","$6,083.39","$5,933.13","$150.26","2.532558700045%","","$150.26","Short Term","$5,933.13","No","","11/04/2025","$9,479.50","$659.49","6.957012500659%","","","$659.49","6.957012500659328%"
"NVDA","NVIDIA CORP","11/04/2025","08/11/2025","20","$202.78","$198.09","$4,055.60","$3,961.83","$93.77","2.366835528026%","","$93.77","Short Term","$3,961.83","No","","11/04/2025","$9,479.50","$659.49","6.957012500659%","","","$659.49","6.957012500659328%"
"PLTR","PALANTIR TECHNOLOGIE CLASS A","11/04/2025","10/30/2025","30","$198.81","$212.82","$5,964.30","$6,384.62","$0.00","0%","","$0.00","Short Term","$6,384.62","Yes","$420.32","11/04/2025","$6,240.00","-$275.70","-4.418269230769%","","","-$275.70","-4.418269230769231%"
"PLTR","PALANTIR TECHNOLOGIE CLASS A","11/04/2025","10/13/2025","25","$197.21","$193.60","$4,930.18","$4,840.02","$90.16","1.862802219826%","","$90.16","Short Term","$4,840.02","No","","11/04/2025","$4,489.75","$440.43","9.809677598975%","","","$440.43","9.809677598975444%"
"COIN","COINBASE GLOBAL INC A","11/03/2025","10/30/2025","50","$340.37","$337.90","$17,018.49","$16,895.00","$123.49","0.730926309559%","","$123.49","Short Term","$16,895.00","No","","11/03/2025","","","","","","",""
"COIN","COINBASE GLOBAL INC A","11/03/2025","10/30/2025","50","$330.31","$337.90","$16,515.49","$16,895.00","$0.00","0%","","$0.00","Short Term","$16,895.00","Yes","$379.51","11/03/2025","","","","","","",""
"NVDA","NVIDIA CORP","10/30/2025","09/02/2025","20","$202.84","$211.28","$4,056.80","$4,225.70","$0.00","0%","","$0.00","Short Term","$4,225.70","Yes","$168.90","10/30/2025","$18,186.65","$2,097.33","11.532250304482%","","","$567.48","3.208258659776912%"
"NVDA","NVIDIA CORP","10/30/2025","08/28/2025","30","$202.84","$211.16","$6,085.19","$6,334.66","$0.00","0%","","$0.00","Short Term","$6,334.66","Yes","$249.47","10/30/2025","$18,186.65","$2,097.33","11.532250304482%","","","$567.48","3.208258659776912%"
"NVDA","NVIDIA CORP","10/30/2025","08/19/2025","30","$202.84","$202.38","$6,085.19","$6,071.44","$13.75","0.226470161939%","","$13.75","Short Term","$6,071.44","No","","10/30/2025","$18,186.65","$2,097.33","11.532250304482%","","","$567.48","3.208258659776912%"
"NVDA","NVIDIA CORP","10/30/2025","08/11/2025","10","$202.84","$198.09","$2,028.40","$1,980.91","$47.49","2.397383020935%","","$47.49","Short Term","$1,980.91","No","","10/30/2025","$18,186.65","$2,097.33","11.532250304482%","","","$567.48","3.208258659776912%"
"NVDA","NVIDIA CORP","10/30/2025","12/18/2023","10","$202.84","$49.86","$2,028.40","$498.55","$1,529.85","306.859893691706%","$1,529.85","","Long Term","$498.55","No","","10/30/2025","$18,186.65","$2,097.33","11.532250304482%","","","$567.48","3.208258659776912%"
"AFRM","AFFIRM HLDGS INC A","10/29/2025","09/29/2025","20","$74.02","$80.53","$1,480.40","$1,610.67","$0.00","0%","","$0.00","Short Term","$1,610.67","Yes","$130.27","10/29/2025","$7,345.33","$56.65","0.771238324214%","","","$56.65","0.7712383242141607%"
"AFRM","AFFIRM HLDGS INC A","10/29/2025","09/22/2025","40","$74.02","$93.69","$2,960.79","$3,747.43","$0.00","0%","","$0.00","Short Term","$3,747.43","Yes","$786.64","10/29/2025","$7,345.33","$56.65","0.771238324214%","","","$56.65","0.7712383242141607%"
"AFRM","AFFIRM HLDGS INC A","10/29/2025","09/18/2025","30","$74.02","$94.29","$2,220.59","$2,828.58","$0.00","0%","","$0.00","Short Term","$2,828.58","Yes","$607.99","10/29/2025","$7,345.33","$56.65","0.771238324214%","","","$56.65","0.7712383242141607%"
"AFRM","AFFIRM HLDGS INC A","10/29/2025","09/03/2025","10","$74.02","$88.81","$740.20","$888.07","$0.00","0%","","$0.00","Short Term","$888.07","Yes","$147.87","10/29/2025","$7,345.33","$56.65","0.771238324214%","","","$56.65","0.7712383242141607%"
"AFRM","AFFIRM HLDGS INC A","10/24/2025","09/18/2025","40","$76.17","$97.22","$3,046.82","$3,888.61","$0.00","0%","","$0.00","Short Term","$3,888.61","Yes","$841.79","10/24/2025","$7,330.03","$287.01","3.915536498486%","","","$287.01","3.915536498486363%"
"AFRM","AFFIRM HLDGS INC A","10/24/2025","09/18/2025","20","$76.17","$95.25","$1,523.41","$1,904.90","$0.00","0%","","$0.00","Short Term","$1,904.90","Yes","$381.49","10/24/2025","$7,330.03","$287.01","3.915536498486%","","","$287.01","3.915536498486363%"
"AFRM","AFFIRM HLDGS INC A","10/24/2025","09/03/2025","20","$76.17","$94.87","$1,523.41","$1,897.42","$0.00","0%","","$0.00","Short Term","$1,897.42","Yes","$374.01","10/24/2025","$7,330.03","$287.01","3.915536498486%","","","$287.01","3.915536498486363%"
"AFRM","AFFIRM HLDGS INC A","10/24/2025","09/03/2025","20","$76.17","$93.96","$1,523.40","$1,879.19","$0.00","0%","","$0.00","Short Term","$1,879.19","Yes","$355.79","10/24/2025","$7,330.03","$287.01","3.915536498486%","","","$287.01","3.915536498486363%"
"TSLA","TESLA INC","10/24/2025","02/14/2025","1","$440.03","$361.50","$440.03","$361.50","$78.53","21.723374827109%","","$78.53","Short Term","$361.50","No","","10/24/2025","","","","","","",""
"COIN","COINBASE GLOBAL INC A","10/23/2025","10/22/2025","50","$323.30","$317.05","$16,165.00","$15,852.50","$312.50","1.971297902539%","","$312.50","Short Term","$15,852.50","No","","10/23/2025","","","","","","",""
"NVDA","NVIDIA CORP","10/22/2025","08/27/2025","20","$177.14","$186.33","$3,542.80","$3,726.70","$0.00","0%","","$0.00","Short Term","$3,726.70","Yes","$183.90","10/22/2025","$8,833.10","$23.89","0.270459974414%","","","$23.89","0.27045997441440717%"
"NVDA","NVIDIA CORP","10/22/2025","08/22/2025","30","$177.14","$186.20","$5,314.19","$5,586.15","$0.00","0%","","$0.00","Short Term","$5,586.15","Yes","$271.96","10/22/2025","$8,833.10","$23.89","0.270459974414%","","","$23.89","0.27045997441440717%"
"SNOW","SNOWFLAKE INC","10/22/2025","10/16/2025","30","$242.23","$240.15","$7,266.89","$7,204.52","$62.37","0.865706528679%","","$62.37","Short Term","$7,204.52","No","","10/22/2025","","","","","","",""
"SNOW","SNOWFLAKE INC","10/22/2025","10/02/2025","20","$242.23","$241.61","$4,844.60","$4,832.20","$12.40","0.256611895203%","","$12.40","Short Term","$4,832.20","No","","10/22/2025","","","","","","",""
"SOFI","SOFI TECHNOLOGIES IN","10/22/2025","10/10/2025","100","$27.08","$27.02","$2,707.59","$2,702.50","$5.09","0.188344125809%","","$5.09","Short Term","$2,702.50","No","","10/22/2025","","","","","","",""
"SOFI","SOFI TECHNOLOGIES IN","10/22/2025","10/06/2025","100","$27.08","$26.20","$2,707.58","$2,620.00","$87.58","3.342748091603%","","$87.58","Short Term","$2,620.00","No","","10/22/2025","","","","","","",""
"TSM","TAIWAN SEMICONDUCTOR ADR","10/22/2025","10/10/2025","20","$288.61","$280.49","$5,772.20","$5,609.80","$162.40","2.894933865735%","","$162.40","Short Term","$5,609.80","No","","10/22/2025","","","","","","",""
"UAL","UNITED AIRLINES HLDG","10/22/2025","10/16/2025","50","$98.98","$97.41","$4,948.99","$4,870.50","$78.49","1.61153885638%","","$78.49","Short Term","$4,870.50","No","","10/22/2025","","","","","","",""
"NFLX","NETFLIX INC","10/21/2025","08/22/2025","10","$1,171.40","$1,210.52","$11,714.00","$12,105.20","-$391.20","-3.231669034795%","","-$391.20","Short Term","$12,105.20","No","","10/21/2025","$35,687.25","-$1,716.65","-4.810261367855%","","","-$1,716.65","-4.810261367855467%"
"NFLX","NETFLIX INC","10/21/2025","08/08/2025","4","$1,171.40","$1,213.00","$4,685.60","$4,852.00","-$166.40","-3.429513602638%","","-$166.40","Short Term","$4,852.00","No","","10/21/2025","$35,687.25","-$1,716.65","-4.810261367855%","","","-$1,716.65","-4.810261367855467%"
"NFLX","NETFLIX INC","10/21/2025","08/07/2025","6","$1,171.40","$1,274.59","$7,028.40","$7,647.54","-$619.14","-8.095936732596%","","-$619.14","Short Term","$7,647.54","No","","10/21/2025","$35,687.25","-$1,716.65","-4.810261367855%","","","-$1,716.65","-4.810261367855467%"
"NFLX","NETFLIX INC","10/21/2025","07/17/2025","9","$1,171.40","$1,272.45","$10,542.60","$11,452.05","-$909.45","-7.941372941962%","","-$909.45","Short Term","$11,452.05","No","","10/21/2025","$35,687.25","-$1,716.65","-4.810261367855%","","","-$1,716.65","-4.810261367855467%"
"PLTR","PALANTIR TECHNOLOGIE A","10/17/2025","10/13/2025","50","$174.77","$179.59","$8,738.47","$8,979.50","$0.00","0%","","$0.00","Short Term","$8,979.50","Yes","$241.03","10/17/2025","","","","","","",""
"RGTI","RIGETTI COMPUTING IN","10/17/2025","10/17/2025","100","$48.58","$48.50","$4,857.98","$4,850.00","$7.98","0.164265805952%","","$7.98","Short Term","$4,850.00","No","","10/16/2025","","","","","","",""
"AFRM","AFFIRM HLDGS INC A","10/16/2025","09/22/2025","40","$69.75","$90.19","$2,789.99","$3,607.75","$0.00","0%","","$0.00","Short Term","$3,607.75","Yes","$817.76","10/16/2025","$12,529.72","-$2,067.24","-16.498692708217%","","","-$2,067.24","-16.498692708216947%"
"AFRM","AFFIRM HLDGS INC A","10/16/2025","09/18/2025","60","$69.75","$92.66","$4,184.99","$5,559.90","$0.00","0%","","$0.00","Short Term","$5,559.90","Yes","$1,374.91","10/16/2025","$12,529.72","-$2,067.24","-16.498692708217%","","","-$2,067.24","-16.498692708216947%"
"AFRM","AFFIRM HLDGS INC A","10/16/2025","09/03/2025","50","$69.75","$90.17","$3,487.50","$4,508.33","$0.00","0%","","$0.00","Short Term","$4,508.33","Yes","$1,020.83","10/16/2025","$12,529.72","-$2,067.24","-16.498692708217%","","","-$2,067.24","-16.498692708216947%"
"OKLO","OKLO INC A","10/16/2025","10/16/2025","25","$164.78","$164.50","$4,119.50","$4,112.50","$7.00","0.16992353441%","","$7.00","Short Term","$4,112.50","No","","10/15/2025","","","","","","",""
"QBTS","D-WAVE QUANTUM INC","10/16/2025","09/05/2025","1","$41.09","$15.38","$41.09","$15.38","$25.71","167.165149544863%","","$25.71","Short Term","$15.38","No","","10/16/2025","","","","","","",""
"NVDA","NVIDIA CORP","10/15/2025","08/27/2025","40","$178.15","$186.33","$7,126.16","$7,453.40","$0.00","0%","","$0.00","Short Term","$7,453.40","Yes","$327.24","10/15/2025","$17,666.20","$149.18","0.844437400233%","","","$149.18","0.8444374002331967%"
"NVDA","NVIDIA CORP","10/15/2025","08/07/2025","30","$178.15","$190.95","$5,344.61","$5,728.35","$0.00","0%","","$0.00","Short Term","$5,728.35","Yes","$383.74","10/15/2025","$17,666.20","$149.18","0.844437400233%","","","$149.18","0.8444374002331967%"
"NVDA","NVIDIA CORP","10/15/2025","07/30/2025","30","$178.15","$186.66","$5,344.61","$5,599.65","$0.00","0%","","$0.00","Short Term","$5,599.65","Yes","$255.04","10/15/2025","$17,666.20","$149.18","0.844437400233%","","","$149.18","0.8444374002331967%"
"QBTS","D-WAVE QUANTUM INC","10/15/2025","09/05/2025","24","$41.69","$15.38","$1,000.56","$369.12","$631.44","171.066319895969%","","$631.44","Short Term","$369.12","No","","10/15/2025","","","","","","",""
"AVGO","BROADCOM INC","10/10/2025","10/07/2025","10","$340.94","$331.00","$3,409.40","$3,310.00","$99.40","3.003021148036%","","$99.40","Short Term","$3,310.00","No","","10/10/2025","","","","","","",""
"COIN","COINBASE GLOBAL INC A","10/10/2025","07/17/2025","5","$369.96","$338.47","$1,849.80","$1,692.37","$157.43","9.302339322961%","","$157.43","Short Term","$1,692.37","No","","10/10/2025","$8,015.05","$1,233.95","15.395412380459%","","","$1,233.95","15.39541238045926%"
"COIN","COINBASE GLOBAL INC A","10/10/2025","07/17/2025","20","$369.96","$358.67","$7,399.20","$7,173.42","$225.78","3.147452679475%","","$225.78","Short Term","$7,173.42","No","","10/10/2025","$8,015.05","$1,233.95","15.395412380459%","","","$1,233.95","15.39541238045926%"
"COIN","COINBASE GLOBAL INC A","10/10/2025","07/17/2025","5","$368.27","$326.27","$1,841.35","$1,631.36","$209.99","12.872082189094%","","$209.99","Short Term","$1,631.36","No","","10/10/2025","$3,218.05","$464.65","14.438868258728%","","","$464.65","14.43886825872811%"
"COIN","COINBASE GLOBAL INC A","10/10/2025","07/17/2025","5","$368.27","$330.28","$1,841.35","$1,651.40","$189.95","11.502361632554%","","$189.95","Short Term","$1,651.40","No","","10/10/2025","$3,218.05","$464.65","14.438868258728%","","","$464.65","14.43886825872811%"
"PLTR","PALANTIR TECHNOLOGIE A","10/10/2025","10/03/2025","25","$182.06","$180.58","$4,551.50","$4,514.50","$37.00","0.819581348987%","","$37.00","Short Term","$4,514.50","No","","10/10/2025","","","","","","",""
"PLTR","PALANTIR TECHNOLOGIE A","10/10/2025","10/03/2025","25","$180.87","$180.58","$4,521.75","$4,514.50","$7.25","0.160593642707%","","$7.25","Short Term","$4,514.50","No","","10/10/2025","","","","","","",""
"QBTS","D-WAVE QUANTUM INC","10/10/2025","09/05/2025","100","$33.73","$15.38","$3,372.98","$1,537.98","$1,835.00","119.312344763911%","","$1,835.00","Short Term","$1,537.98","No","","10/10/2025","","","","","","",""
"ROKU","ROKU INC A","10/10/2025","03/10/2025","15","$94.52","$71.45","$1,417.84","$1,071.75","$346.09","32.292045719617%","","$346.09","Short Term","$1,071.75","No","","10/10/2025","","","","","","",""
"ROKU","ROKU INC A","10/10/2025","03/07/2025","75","$94.52","$75.46","$7,089.22","$5,659.50","$1,429.72","25.262302323527%","","$1,429.72","Short Term","$5,659.50","No","","10/10/2025","","","","","","",""
"ROKU","ROKU INC A","10/10/2025","09/18/2024","10","$94.52","$77.44","$945.23","$774.40","$170.83","22.059659090909%","$170.83","","Long Term","$774.40","No","","10/10/2025","","","","","","",""
"SNOW","SNOWFLAKE INC","10/10/2025","10/08/2025","10","$246.54","$245.17","$2,465.38","$2,451.70","$13.68","0.55798017702%","","$13.68","Short Term","$2,451.70","No","","10/10/2025","","","","","","",""
"SNOW","SNOWFLAKE INC","10/10/2025","10/02/2025","10","$246.54","$241.61","$2,465.38","$2,416.10","$49.28","2.03965067671%","","$49.28","Short Term","$2,416.10","No","","10/10/2025","","","","","","",""
"TWLO","TWILIO INC A","10/10/2025","10/07/2025","25","$111.95","$110.10","$2,798.87","$2,752.47","$46.40","1.68575860954%","","$46.40","Short Term","$2,752.47","No","","10/10/2025","","","","","","",""
"TWLO","TWILIO INC A","10/10/2025","09/18/2025","30","$111.95","$105.28","$3,358.65","$3,158.40","$200.25","6.34023556231%","","$200.25","Short Term","$3,158.40","No","","10/10/2025","","","","","","",""
"TWLO","TWILIO INC A","10/10/2025","08/15/2025","50","$111.95","$106.95","$5,597.75","$5,347.75","$250.00","4.67486326025%","","$250.00","Short Term","$5,347.75","No","","10/10/2025","","","","","","",""
"QBTS","D-WAVE QUANTUM INC","10/08/2025","09/05/2025","125","$33.63","$15.38","$4,203.73","$1,922.49","$2,281.24","118.660695244189%","","$2,281.24","Short Term","$1,922.49","No","","10/08/2025","","","","","","",""
"AVGO","BROADCOM INC","10/07/2025","10/01/2025","10","$335.38","$332.28","$3,353.85","$3,322.78","$31.07","0.93506040123%","","$31.07","Short Term","$3,322.78","No","","10/07/2025","","","","","","",""
"AVGO","BROADCOM INC","10/07/2025","09/05/2025","4","$335.38","$324.65","$1,341.54","$1,298.60","$42.94","3.306637917758%","","$42.94","Short Term","$1,298.60","No","","10/07/2025","","","","","","",""
"BABA","ALIBABA GROUP HLDG L ADR","10/07/2025","05/28/2025","1","$184.03","$126.44","$184.03","$126.44","$57.59","45.54729515976%","","$57.59","Short Term","$126.44","No","","10/07/2025","$119.65","$64.38","53.80693689929%","","","$64.38","53.806936899289596%"
"COIN","COINBASE GLOBAL INC A","10/07/2025","07/17/2025","20","$375.50","$469.57","$7,509.99","$9,391.48","$0.00","0%","","$0.00","Short Term","$9,391.48","Yes","$1,881.49","10/07/2025","$13,701.37","-$558.88","-4.079008157578%","","","-$558.88","-4.07900815757841%"
"COIN","COINBASE GLOBAL INC A","10/07/2025","07/17/2025","15","$375.50","$437.17","$5,632.50","$6,557.62","$0.00","0%","","$0.00","Short Term","$6,557.62","Yes","$925.12","10/07/2025","$13,701.37","-$558.88","-4.079008157578%","","","-$558.88","-4.07900815757841%"
"COIN","COINBASE GLOBAL INC A","10/07/2025","07/17/2025","30","$366.81","$394.88","$11,004.29","$11,846.42","$0.00","0%","","$0.00","Short Term","$11,846.42","Yes","$842.13","10/07/2025","$10,947.18","$1,891.16","17.275316565545%","","","$1,891.16","17.275316565544724%"
"COIN","COINBASE GLOBAL INC A","10/07/2025","07/17/2025","5","$366.81","$381.47","$1,834.05","$1,907.37","$0.00","0%","","$0.00","Short Term","$1,907.37","Yes","$73.32","10/07/2025","$10,947.18","$1,891.16","17.275316565545%","","","$1,891.16","17.275316565544724%"
"FUTU","FUTU HLDGS LTD ADR","10/07/2025","08/12/2025","1","$173.05","$167.14","$173.05","$167.14","$5.91","3.535957879622%","","$5.91","Short Term","$167.14","No","","10/07/2025","","","","","","",""
"QBTS","D-WAVE QUANTUM INC","09/25/2025","09/05/2025","50","$26.03","$15.38","$1,301.49","$769.00","$532.49","69.244473342003%","","$532.49","Short Term","$769.00","No","","09/25/2025","","","","","","",""
"QBTS","D-WAVE QUANTUM INC","09/25/2025","05/30/2025","200","$26.03","$16.09","$5,205.97","$3,217.00","$1,988.97","61.826857320485%","","$1,988.97","Short Term","$3,217.00","No","","09/25/2025","","","","","","",""
"ROKU","ROKU INC A","09/25/2025","02/04/2025","25","$96.40","$81.99","$2,410.00","$2,049.75","$360.25","17.575314062691%","","$360.25","Short Term","$2,049.75","No","","09/25/2025","","","","","","",""
"ROKU","ROKU INC A","09/25/2025","09/18/2024","75","$96.40","$77.44","$7,229.98","$5,807.99","$1,421.99","24.483341052584%","$1,421.99","","Long Term","$5,807.99","No","","09/25/2025","","","","","","",""
"SNOW","SNOWFLAKE INC","09/23/2025","09/18/2025","80","$224.32","$221.09","$17,945.99","$17,687.20","$258.79","1.463148491565%","","$258.79","Short Term","$17,687.20","No","","09/23/2025","","","","","","",""
"DDOG","DATADOG INC A","09/22/2025","08/12/2025","49","$138.90","$129.67","$6,806.34","$6,353.83","$452.51","7.121846193556%","","$452.51","Short Term","$6,353.83","No","","09/22/2025","","","","","","",""
"DDOG","DATADOG INC A","09/22/2025","08/04/2025","50","$138.90","$137.06","$6,945.24","$6,853.18","$92.06","1.343317992523%","","$92.06","Short Term","$6,853.18","No","","09/22/2025","","","","","","",""
"DDOG","DATADOG INC A","09/22/2025","07/16/2025","5","$138.90","$139.35","$694.52","$696.75","-$2.23","-0.320057409401%","","-$2.23","Short Term","$696.75","No","","09/22/2025","","","","","","",""
"QBTS","D-WAVE QUANTUM INC","09/22/2025","06/06/2025","200","$24.52","$16.50","$4,903.69","$3,300.00","$1,603.69","48.596666666667%","","$1,603.69","Short Term","$3,300.00","No","","09/22/2025","","","","","","",""
"QBTS","D-WAVE QUANTUM INC","09/22/2025","05/30/2025","300","$24.52","$16.09","$7,355.53","$4,825.50","$2,530.03","52.430421717957%","","$2,530.03","Short Term","$4,825.50","No","","09/22/2025","","","","","","",""
"QBTS","D-WAVE QUANTUM INC","09/19/2025","06/11/2025","300","$23.14","$17.50","$6,942.76","$5,249.79","$1,692.97","32.24833755255%","","$1,692.97","Short Term","$5,249.79","No","","09/19/2025","","","","","","",""
"KKR","KKR & CO INC","09/18/2025","07/17/2025","1","$149.20","$146.68","$149.20","$146.68","$2.52","1.718025634033%","","$2.52","Short Term","$146.68","No","","09/18/2025","","","","","","",""
"AFRM","AFFIRM HLDGS INC A","09/17/2025","09/03/2025","70","$89.56","$85.32","$6,269.53","$5,972.09","$297.44","4.980500963649%","","$297.44","Short Term","$5,972.09","No","","09/17/2025","$7,729.37","$1,227.11","15.875938142436%","","","$1,227.11","15.875938142435931%"
"AFRM","AFFIRM HLDGS INC A","09/17/2025","08/20/2025","20","$89.56","$75.92","$1,791.30","$1,518.50","$272.80","17.965097135331%","","$272.80","Short Term","$1,518.50","No","","09/17/2025","$7,729.37","$1,227.11","15.875938142436%","","","$1,227.11","15.875938142435931%"
"AFRM","AFFIRM HLDGS INC A","09/17/2025","05/12/2025","10","$89.56","$47.65","$895.65","$476.50","$419.15","87.964323189927%","","$419.15","Short Term","$476.50","No","","09/17/2025","$7,729.37","$1,227.11","15.875938142436%","","","$1,227.11","15.875938142435931%"
"PLTR","PALANTIR TECHNOLOGIE A","09/17/2025","08/29/2025","30","$162.07","$156.72","$4,862.14","$4,701.59","$160.55","3.414802226481%","","$160.55","Short Term","$4,701.59","No","","09/17/2025","","","","","","",""
"PLTR","PALANTIR TECHNOLOGIE A","09/17/2025","08/22/2025","100","$162.07","$158.15","$16,207.14","$15,814.50","$392.64","2.482784786114%","","$392.64","Short Term","$15,814.50","No","","09/17/2025","","","","","","",""
"AFRM","AFFIRM HLDGS INC A","09/11/2025","09/09/2025","100","$82.49","$88.73","$8,249.48","$8,872.85","$0.00","0%","","$0.00","Short Term","$8,872.85","Yes","$623.37","09/11/2025","","","","","","",""
"AFRM","AFFIRM HLDGS INC A","09/11/2025","09/05/2025","100","$82.49","$91.20","$8,249.49","$9,119.99","$0.00","0%","","$0.00","Short Term","$9,119.99","Yes","$870.50","09/11/2025","","","","","","",""
"AMD","ADVANCED MICRO DEVIC","09/08/2025","09/08/2025","50","$150.70","$151.36","$7,534.99","$7,568.01","-$33.02","-0.438222213964%","","-$33.02","Short Term","$7,568.01","No","","09/05/2025","$7,554.00","-$19.01","-0.252289651347%","","","-$19.01","-0.25228965134658443%"
"AFRM","AFFIRM HLDGS INC A","09/05/2025","09/05/2025","100","$88.56","$91.20","$8,855.86","$9,119.99","$0.00","0%","","$0.00","Short Term","$9,119.99","Yes","$264.13","09/05/2025","","","","","","",""
"AMD","ADVANCED MICRO DEVIC","09/05/2025","09/05/2025","100","$161.48","$161.76","$16,147.98","$16,176.00","-$14.01","-0.086760077731%","","-$14.01","Short Term","$16,176.00","Yes","$14.01","09/04/2025","","","","","","",""
"AVGO","BROADCOM INC","09/05/2025","09/05/2025","30","$335.55","$324.65","$10,066.50","$9,739.50","$327.00","3.357461882027%","","$327.00","Short Term","$9,739.50","No","","09/05/2025","","","","","","",""
"NVDA","NVIDIA CORP","09/05/2025","08/27/2025","100","$167.16","$176.76","$16,716.49","$17,675.99","$0.00","0%","","$0.00","Short Term","$17,675.99","Yes","$959.50","09/05/2025","","","","","","",""
"NVDA","NVIDIA CORP","09/05/2025","08/27/2025","40","$167.16","$176.74","$6,686.58","$7,069.60","-$383.02","-5.417845422655%","","-$383.02","Short Term","$7,069.60","No","","09/05/2025","","","","","","",""
"NVDA","NVIDIA CORP","09/05/2025","08/07/2025","30","$167.16","$181.50","$5,014.95","$5,445.00","$0.00","0%","","$0.00","Short Term","$5,445.00","Yes","$430.05","09/05/2025","","","","","","",""
"NVDA","NVIDIA CORP","09/05/2025","07/30/2025","30","$167.16","$177.21","$5,014.95","$5,316.30","$0.00","0%","","$0.00","Short Term","$5,316.30","Yes","$301.35","09/05/2025","","","","","","",""
"SNOW","SNOWFLAKE INC","09/04/2025","08/11/2025","25","$217.00","$196.02","$5,425.00","$4,900.50","$524.50","10.702989490868%","","$524.50","Short Term","$4,900.50","No","","09/04/2025","","","","","","",""
"AFRM","AFFIRM HLDGS INC A","09/02/2025","08/20/2025","30","$85.44","$73.28","$2,563.09","$2,198.51","$364.58","16.583049428931%","","$364.58","Short Term","$2,198.51","No","","09/02/2025","","","","","","",""
"BABA","ALIBABA GROUP HLDG L ADR","09/02/2025","05/28/2025","99","$135.03","$126.44","$13,367.96","$12,517.93","$850.03","6.79049970722%","","$850.03","Short Term","$12,517.93","No","","09/02/2025","$23,950.42","$3,055.57","12.757897356289%","","","$3,000.61","12.570448275789836%"
"BABA","ALIBABA GROUP HLDG L ADR","09/02/2025","05/26/2025","100","$135.03","$128.32","$13,503.00","$12,832.34","$670.66","5.226326609177%","","$670.66","Short Term","$12,832.34","No","","09/02/2025","$23,950.42","$3,055.57","12.757897356289%","","","$3,000.61","12.570448275789836%"
"BABA","ALIBABA GROUP HLDG L ADR","09/02/2025","05/15/2024","1","$135.03","$80.07","$135.03","$80.07","$54.96","68.639940052454%","$54.96","","Long Term","$80.07","No","","09/02/2025","$23,950.42","$3,055.57","12.757897356289%","","","$3,000.61","12.570448275789836%"
"ZETA","ZETA GLOBAL HLDGS CO A","09/02/2025","08/21/2025","99","$18.89","$18.20","$1,870.10","$1,801.31","$68.79","3.818887365306%","","$68.79","Short Term","$1,801.31","No","","09/02/2025","","","","","","",""
"ZETA","ZETA GLOBAL HLDGS CO A","09/02/2025","08/19/2025","1","$18.89","$18.98","$18.89","$18.98","$0.00","0%","","$0.00","Short Term","$18.98","Yes","$0.09","09/02/2025","","","","","","",""
"AFRM","AFFIRM HLDGS INC A","08/29/2025","08/20/2025","50","$88.03","$73.28","$4,401.75","$3,664.18","$737.57","20.129196709769%","","$737.57","Short Term","$3,664.18","No","","08/29/2025","","","","","","",""
"ROKU","ROKU INC A","08/29/2025","02/04/2025","75","$96.08","$81.99","$7,205.98","$6,149.25","$1,056.73","17.184697320811%","","$1,056.73","Short Term","$6,149.25","No","","08/29/2025","","","","","","",""
"ROKU","ROKU INC A","08/29/2025","01/23/2024","7","$96.08","$89.77","$672.56","$628.37","$44.19","7.032480863186%","$44.19","","Long Term","$628.37","No","","08/29/2025","","","","","","",""
"ROKU","ROKU INC A","08/29/2025","11/10/2023","18","$96.08","$82.34","$1,729.44","$1,482.18","$247.26","16.682184350079%","$247.26","","Long Term","$1,482.18","No","","08/29/2025","","","","","","",""
"SNOW","SNOWFLAKE INC","08/29/2025","08/11/2025","25","$235.14","$196.02","$5,878.50","$4,900.50","$978.00","19.957147229875%","","$978.00","Short Term","$4,900.50","No","","08/29/2025","","","","","","",""
"EDU","NEW ORIENTAL ED & TE ADR","08/28/2025","02/11/2025","100","$47.29","$54.51","$4,728.95","$5,451.00","-$722.05","-13.246193359017%","","-$722.05","Short Term","$5,451.00","No","","08/28/2025","","","","","","",""
"EDU","NEW ORIENTAL ED & TE ADR","08/28/2025","01/23/2024","31","$47.29","$71.73","$1,465.98","$2,223.63","-$757.65","-34.072664966744%","-$757.65","","Long Term","$2,223.63","No","","08/28/2025","","","","","","",""
"SNOW","SNOWFLAKE INC","08/28/2025","08/11/2025","49","$235.65","$196.02","$11,547.07","$9,604.98","$1,942.09","20.21961524126%","","$1,942.09","Short Term","$9,604.98","No","","08/28/2025","","","","","","",""
"SNOW","SNOWFLAKE INC","08/28/2025","05/23/2025","1","$235.65","$200.00","$235.65","$200.00","$35.65","17.825%","","$35.65","Short Term","$200.00","No","","08/28/2025","","","","","","",""
"BABA","ALIBABA GROUP HLDG L ADR","08/27/2025","05/26/2025","100","$121.53","$128.32","$12,152.98","$12,832.35","$0.00","0%","","$0.00","Short Term","$12,832.35","Yes","$679.37","08/27/2025","$12,025.00","$127.98","1.064282744283%","","","$127.98","1.0642827442827443%"
"FUTU","FUTU HLDGS LTD ADR","08/21/2025","08/20/2025","100","$176.50","$174.10","$17,650.23","$17,409.99","$240.24","1.379897403732%","","$240.24","Short Term","$17,409.99","No","","08/21/2025","","","","","","",""
"AFRM","AFFIRM HLDGS INC A","08/19/2025","05/12/2025","110","$75.09","$47.65","$8,260.43","$5,241.50","$3,018.93","57.596680339597%","","$3,018.93","Short Term","$5,241.50","No","","08/19/2025","","","","","","",""
"ROKU","ROKU INC A","08/19/2025","02/24/2025","100","$90.16","$89.60","$9,015.65","$8,959.84","$55.81","0.622890587332%","","$55.81","Short Term","$8,959.84","No","","08/19/2025","","","","","","",""
"KVYO","KLAVIYO INC","08/12/2025","04/08/2025","199","$30.25","$27.84","$6,020.72","$5,540.48","$480.24","8.667841053483%","","$480.24","Short Term","$5,540.48","No","","08/12/2025","","","","","","",""
"KVYO","KLAVIYO INC","08/12/2025","03/10/2025","50","$30.25","$31.66","$1,512.74","$1,583.05","-$70.31","-4.441426360507%","","-$70.31","Short Term","$1,583.05","No","","08/12/2025","","","","","","",""
"KVYO","KLAVIYO INC","08/12/2025","05/17/2024","50","$30.25","$25.29","$1,512.74","$1,264.50","$248.24","19.631474891261%","$248.24","","Long Term","$1,264.50","No","","08/12/2025","","","","","","",""
"AFRM","AFFIRM HLDGS INC A","08/08/2025","05/22/2025","50","$75.90","$48.93","$3,795.00","$2,446.50","$1,348.50","55.119558553035%","","$1,348.50","Short Term","$2,446.50","No","","08/08/2025","","","","","","",""
"AFRM","AFFIRM HLDGS INC A","08/08/2025","05/12/2025","30","$75.90","$47.65","$2,277.00","$1,429.50","$847.50","59.286463798531%","","$847.50","Short Term","$1,429.50","No","","08/08/2025","","","","","","",""
"AFRM","AFFIRM HLDGS INC A","08/08/2025","04/24/2025","120","$75.90","$48.20","$9,107.99","$5,784.00","$3,323.99","57.468706777317%","","$3,323.99","Short Term","$5,784.00","No","","08/08/2025","","","","","","",""
"KVYO","KLAVIYO INC","08/08/2025","04/09/2025","500","$33.54","$29.16","$16,771.42","$14,577.50","$2,193.92","15.050042874293%","","$2,193.92","Short Term","$14,577.50","No","","08/08/2025","","","","","","",""
"KVYO","KLAVIYO INC","08/07/2025","02/21/2025","100","$35.09","$41.44","$3,508.98","$4,144.00","-$635.02","-15.323841698842%","","-$635.02","Short Term","$4,144.00","No","","08/07/2025","","","","","","",""
"KVYO","KLAVIYO INC","08/07/2025","07/17/2024","300","$35.09","$25.59","$10,526.95","$7,675.50","$2,851.45","37.150022799818%","$2,851.45","","Long Term","$7,675.50","No","","08/07/2025","","","","","","",""
"KVYO","KLAVIYO INC","08/07/2025","05/17/2024","100","$35.09","$25.29","$3,508.99","$2,529.00","$979.99","38.750098853302%","$979.99","","Long Term","$2,529.00","No","","08/07/2025","","","","","","",""
"SHOP","SHOPIFY INC A","08/01/2025","05/12/2025","10","$117.03","$102.89","$1,170.30","$1,028.89","$141.41","13.743937641536%","","$141.41","Short Term","$1,028.89","No","","08/01/2025","","","","","","",""
"SNOW","SNOWFLAKE INC","08/01/2025","06/11/2025","50","$209.96","$208.94","$10,497.99","$10,446.75","$51.24","0.49048747218%","","$51.24","Short Term","$10,446.75","No","","08/01/2025","","","","","","",""
"SNOW","SNOWFLAKE INC","08/01/2025","05/30/2025","25","$209.96","$203.83","$5,249.00","$5,095.72","$153.28","3.008014569089%","","$153.28","Short Term","$5,095.72","No","","08/01/2025","","","","","","",""
"SNOW","SNOWFLAKE INC","08/01/2025","05/29/2025","25","$209.96","$201.99","$5,248.99","$5,049.75","$199.24","3.945541858508%","","$199.24","Short Term","$5,049.75","No","","08/01/2025","","","","","","",""
"SNOW","SNOWFLAKE INC","08/01/2025","05/29/2025","10","$209.01","$201.99","$2,090.10","$2,019.90","$70.20","3.475419575226%","","$70.20","Short Term","$2,019.90","No","","08/01/2025","","","","","","",""
"COIN","COINBASE GLOBAL INC A","07/31/2025","07/17/2025","50","$352.69","$416.91","$17,634.43","$20,845.47","-$963.31","-4.62119587613%","","-$963.31","Short Term","$20,845.47","Yes","$2,247.73","07/31/2025","","","","","","",""
"DDOG","DATADOG INC A","07/31/2025","07/16/2025","45","$139.51","$139.35","$6,277.94","$6,270.80","$7.14","0.113861070358%","","$7.14","Short Term","$6,270.80","No","","07/31/2025","","","","","","",""
"HUBS","HUBSPOT INC","07/29/2025","06/24/2025","20","$558.71","$552.71","$11,174.20","$11,054.20","$120.00","1.085560239547%","","$120.00","Short Term","$11,054.20","No","","07/29/2025","","","","","","",""
"ROKU","ROKU INC A","07/29/2025","11/10/2023","22","$91.17","$82.34","$2,005.73","$1,811.55","$194.18","10.71899754354%","$194.18","","Long Term","$1,811.55","No","","07/29/2025","$7,316.00","$1,800.98","24.617003827228%","$1,800.98","24.617003827227993%","",""
"ROKU","ROKU INC A","07/29/2025","07/03/2023","5","$91.17","$66.50","$455.85","$332.50","$123.35","37.097744360902%","$123.35","","Long Term","$332.50","No","","07/29/2025","$7,316.00","$1,800.98","24.617003827228%","$1,800.98","24.617003827227993%","",""
"ROKU","ROKU INC A","07/29/2025","02/15/2023","23","$91.17","$63.15","$2,096.91","$1,452.45","$644.46","44.37054631829%","$644.46","","Long Term","$1,452.45","No","","07/29/2025","$7,316.00","$1,800.98","24.617003827228%","$1,800.98","24.617003827227993%","",""
"ROKU","ROKU INC A","07/29/2025","01/30/2021","50","$91.17","$391.10","$4,558.49","$19,555.00","-$14,996.51","-76.68887752493%","-$14,996.51","","Long Term","$19,555.00","No","","07/29/2025","$7,316.00","$1,800.98","24.617003827228%","$1,800.98","24.617003827227993%","",""
"QBTS","D-WAVE QUANTUM INC","07/24/2025","07/22/2025","200","$20.01","$17.52","$4,002.97","$3,503.64","$499.33","14.251749608978%","","$499.33","Short Term","$3,503.64","No","","07/24/2025","","","","","","",""
"QBTS","D-WAVE QUANTUM INC","07/24/2025","06/13/2025","300","$20.01","$15.04","$6,004.45","$4,512.00","$1,492.45","33.07734929078%","","$1,492.45","Short Term","$4,512.00","No","","07/24/2025","","","","","","",""
"TEAM","ATLASSIAN CORP A","07/24/2025","07/14/2025","60","$200.97","$192.34","$12,058.05","$11,540.57","$517.48","4.484007289068%","","$517.48","Short Term","$11,540.57","No","","07/24/2025","","","","","","",""
"NFLX","NETFLIX INC","07/18/2025","07/17/2025","6","$1,210.86","$1,272.45","$7,265.16","$7,634.70","$0.00","0%","","$0.00","Short Term","$7,634.70","Yes","$369.54","07/18/2025","","","","","","",""
"QBTS","D-WAVE QUANTUM INC","07/17/2025","05/27/2025","700","$19.24","$19.23","$13,467.89","$13,461.00","$6.89","0.051184904539%","","$6.89","Short Term","$13,461.00","No","","07/17/2025","","","","","","",""
"QBTS","D-WAVE QUANTUM INC","07/17/2025","05/16/2025","100","$19.24","$12.30","$1,923.98","$1,230.50","$693.48","56.357578220236%","","$693.48","Short Term","$1,230.50","No","","07/17/2025","","","","","","",""
"QBTS","D-WAVE QUANTUM INC","07/17/2025","05/27/2025","300","$19.36","$19.23","$5,809.39","$5,769.00","$40.39","0.700121338187%","","$40.39","Short Term","$5,769.00","No","","07/17/2025","","","","","","",""
"AFRM","AFFIRM HLDGS INC A","07/14/2025","05/22/2025","150","$62.86","$48.93","$9,428.99","$7,339.50","$2,089.49","28.4691055249%","","$2,089.49","Short Term","$7,339.50","No","","07/14/2025","","","","","","",""
"AFRM","AFFIRM HLDGS INC A","07/14/2025","05/21/2025","150","$62.86","$49.09","$9,428.99","$7,362.75","$2,066.24","28.063427387865%","","$2,066.24","Short Term","$7,362.75","No","","07/14/2025","","","","","","",""
"COIN","COINBASE GLOBAL INC A","06/23/2025","06/18/2025","100","$300.17","$254.12","$30,017.08","$25,412.46","$4,604.62","18.119536636752%","","$4,604.62","Short Term","$25,412.46","No","","06/23/2025","","","","","","",""
"GOOG","ALPHABET INC C","06/09/2025","03/05/2025","50","$177.71","$174.75","$8,885.54","$8,737.50","$148.04","1.694306151645%","","$148.04","Short Term","$8,737.50","No","","06/09/2025","","","","","","",""
"KVYO","KLAVIYO INC","06/09/2025","03/24/2025","150","$34.71","$33.79","$5,206.48","$5,069.04","$137.44","2.71136152013%","","$137.44","Short Term","$5,069.04","No","","06/09/2025","","","","","","",""
"QBTS","D-WAVE QUANTUM INC","06/09/2025","05/29/2025","300","$17.97","$17.80","$5,392.45","$5,340.00","$52.45","0.982209737828%","","$52.45","Short Term","$5,340.00","No","","06/09/2025","","","","","","",""
"ROKU","ROKU INC A","06/09/2025","07/18/2023","100","$79.47","$75.81","$7,946.99","$7,581.00","$365.99","4.827727212769%","$365.99","","Long Term","$7,581.00","No","","06/09/2025","","","","","","",""
"ROKU","ROKU INC A","06/09/2025","07/13/2023","40","$79.47","$76.68","$3,178.79","$3,067.20","$111.59","3.638171622327%","$111.59","","Long Term","$3,067.20","No","","06/09/2025","","","","","","",""
"ZETA","ZETA GLOBAL HLDGS CO A","06/06/2025","02/18/2025","10","$13.84","$24.50","$138.35","$245.00","-$106.65","-43.530612244898%","","-$106.65","Short Term","$245.00","No","","06/06/2025","","","","","","",""
"TSLA","TESLA INC","06/05/2025","02/14/2025","35","$315.31","$361.50","$11,035.88","$12,652.36","-$1,616.48","-12.776114495636%","","-$1,616.48","Short Term","$12,652.36","No","","06/05/2025","","","","","","",""
"TSLA","TESLA INC","06/05/2025","02/14/2025","34","$297.29","$361.50","$10,108.01","$12,290.87","-$2,182.86","-17.760012106547%","","-$2,182.86","Short Term","$12,290.87","No","","06/05/2025","","","","","","",""
"NVDA","NVIDIA CORP","05/30/2025","05/28/2025","100","$137.27","$141.30","$13,726.98","$14,130.00","-$403.02","-2.852229299363%","","-$403.02","Short Term","$14,130.00","No","","05/30/2025","","","","","","",""
"FUTU","FUTU HLDGS LTD ADR","05/29/2025","03/05/2025","25","$113.40","$125.84","$2,835.00","$3,145.99","-$310.99","-9.885282534274%","","-$310.99","Short Term","$3,145.99","No","","05/29/2025","$2,641.25","$193.75","7.335541883578%","","","$193.75","7.335541883577851%"
"KKR","KKR & CO INC","05/29/2025","05/22/2025","40","$121.60","$118.07","$4,863.99","$4,722.80","$141.19","2.989540103329%","","$141.19","Short Term","$4,722.80","No","","05/29/2025","","","","","","",""
"KKR","KKR & CO INC","05/29/2025","05/14/2025","10","$121.60","$129.87","$1,216.00","$1,298.70","-$82.70","-6.367906367906%","","-$82.70","Short Term","$1,298.70","No","","05/29/2025","","","","","","",""
"NVDA","NVIDIA CORP","05/23/2025","04/14/2025","100","$129.34","$114.76","$12,933.98","$11,476.00","$1,457.98","12.704600906239%","","$1,457.98","Short Term","$11,476.00","No","","05/23/2025","","","","","","",""
"QBTS","D-WAVE QUANTUM INC","05/21/2025","05/21/2025","500","$17.21","$18.45","$8,604.92","$9,225.00","$0.00","0%","","$0.00","Short Term","$9,225.00","Yes","$620.08","05/21/2025","","","","","","",""
"QBTS","D-WAVE QUANTUM INC","05/21/2025","05/20/2025","100","$17.21","$14.88","$1,720.98","$1,488.00","$232.98","15.657258064516%","","$232.98","Short Term","$1,488.00","No","","05/21/2025","","","","","","",""
"QBTS","D-WAVE QUANTUM INC","05/21/2025","05/20/2025","500","$16.93","$14.88","$8,464.92","$7,440.00","$1,024.92","13.775806451613%","","$1,024.92","Short Term","$7,440.00","No","","05/21/2025","$13,592.49","$3,337.34","24.552822919127%","","","$3,337.34","24.552822919126665%"
"QBTS","D-WAVE QUANTUM INC","05/21/2025","05/16/2025","500","$16.93","$13.55","$8,464.91","$6,772.57","$1,692.34","24.988150731554%","","$1,692.34","Short Term","$6,772.57","No","","05/21/2025","$13,592.49","$3,337.34","24.552822919127%","","","$3,337.34","24.552822919126665%"
"SHOP","SHOPIFY INC A","05/20/2025","05/12/2025","90","$104.99","$102.89","$9,449.09","$9,259.97","$189.12","2.042339230041%","","$189.12","Short Term","$9,259.97","No","","05/20/2025","","","","","","",""
"AFRM","AFFIRM HLDGS INC A","05/15/2025","05/01/2025","150","$52.62","$50.89","$7,893.11","$7,633.50","$259.61","3.400930110696%","","$259.61","Short Term","$7,633.50","No","","05/15/2025","","","","","","",""
"AFRM","AFFIRM HLDGS INC A","05/15/2025","04/24/2025","150","$52.62","$48.20","$7,893.11","$7,230.00","$663.11","9.171645919779%","","$663.11","Short Term","$7,230.00","No","","05/15/2025","","","","","","",""
"BABA","ALIBABA GROUP HLDG L ADR","05/15/2025","05/14/2025","200","$123.61","$131.68","$24,721.31","$26,336.00","$0.00","0%","","$0.00","Short Term","$26,336.00","Yes","$1,614.69","05/15/2025","","","","","","",""
"COIN","COINBASE GLOBAL INC A","05/15/2025","05/09/2025","34","$248.79","$213.35","$8,458.85","$7,253.94","$1,204.91","16.610421371007%","","$1,204.91","Short Term","$7,253.94","No","","05/15/2025","$7,467.29","$1,240.35","16.61044368171%","","","$1,240.35","16.610443681710514%"
"COIN","COINBASE GLOBAL INC A","05/15/2025","01/22/2025","1","$248.79","$286.16","$248.79","$286.16","-$37.37","-13.059127760693%","","-$37.37","Short Term","$286.16","No","","05/15/2025","$7,467.29","$1,240.35","16.61044368171%","","","$1,240.35","16.610443681710514%"
"NVDA","NVIDIA CORP","05/15/2025","05/14/2025","100","$133.95","$132.29","$13,394.98","$13,229.00","$165.98","1.254667775342%","","$165.98","Short Term","$13,229.00","No","","05/15/2025","","","","","","",""
"FUTU","FUTU HLDGS LTD ADR","05/13/2025","03/05/2025","50","$110.40","$159.22","$5,519.84","$7,960.78","-$2,440.94","-30.662070802107%","","-$2,440.94","Short Term","$7,960.78","No","","05/13/2025","$5,888.50","-$368.66","-6.260677591916%","","","-$368.66","-6.260677591916449%"
"BABA","ALIBABA GROUP HLDG L ADR","05/12/2025","05/12/2025","50","$132.88","$129.96","$6,643.81","$6,498.00","$145.81","2.243921206525%","","$145.81","Short Term","$6,498.00","No","","05/12/2025","","","","","","",""
"BABA","ALIBABA GROUP HLDG L ADR","05/12/2025","05/09/2025","50","$132.88","$125.56","$6,643.81","$6,277.90","$365.91","5.82854139123%","","$365.91","Short Term","$6,277.90","No","","05/12/2025","","","","","","",""
"BABA","ALIBABA GROUP HLDG L ADR","05/12/2025","05/08/2025","100","$132.88","$124.61","$13,287.61","$12,460.92","$826.69","6.634261354699%","","$826.69","Short Term","$12,460.92","No","","05/12/2025","","","","","","",""
"MSFT","MICROSOFT CORP","05/07/2025","05/07/2025","30","$432.64","$433.98","$12,979.18","$13,019.41","-$40.23","-0.309957948037%","","-$40.23","Short Term","$13,019.41","No","","05/06/2025","","","","","","",""
"NVDA","NVIDIA CORP","05/06/2025","04/24/2025","50","$112.32","$105.37","$5,615.84","$5,268.44","$347.40","6.593982279384%","","$347.40","Short Term","$5,268.44","No","","05/06/2025","","","","","","",""
"UAL","UNITED AIRLINES HLDG","05/02/2025","04/14/2025","50","$73.49","$65.00","$3,674.39","$3,250.00","$424.39","13.058153846154%","","$424.39","Short Term","$3,250.00","No","","05/02/2025","","","","","","",""
"COIN","COINBASE GLOBAL INC A","04/30/2025","03/14/2025","29","$197.93","$180.00","$5,739.95","$5,220.00","$519.95","9.960727969349%","","$519.95","Short Term","$5,220.00","No","","04/30/2025","$5,400.00","$537.88","9.960740740741%","","","$537.88","9.960740740740741%"
"COIN","COINBASE GLOBAL INC A","04/30/2025","01/13/2025","1","$197.93","$270.74","$197.93","$270.74","$0.00","0%","","$0.00","Short Term","$270.74","Yes","$72.81","04/30/2025","$5,400.00","$537.88","9.960740740741%","","","$537.88","9.960740740740741%"
"UAL","UNITED AIRLINES HLDG","04/30/2025","04/14/2025","150","$66.64","$65.00","$9,996.45","$9,750.00","$246.45","2.527692307692%","","$246.45","Short Term","$9,750.00","No","","04/30/2025","","","","","","",""
"BABA","ALIBABA GROUP HLDG L ADR","04/28/2025","04/16/2025","200","$117.59","$110.00","$23,517.40","$21,999.06","$1,518.34","6.90184035136%","","$1,518.34","Short Term","$21,999.06","No","","04/28/2025","","","","","","",""
"TSLA","TESLA INC","04/28/2025","02/14/2025","20","$275.46","$420.02","$5,509.14","$8,400.45","-$2,891.31","-34.418513293931%","","-$2,891.31","Short Term","$8,400.45","No","","04/28/2025","$16,689.58","-$2,916.72","-17.47629359157%","","","-$2,916.72","-17.4762935915703%"
"TSLA","TESLA INC","04/28/2025","02/14/2025","29","$275.46","$361.50","$7,988.26","$10,483.38","-$2,495.12","-23.800720759908%","","-$2,495.12","Short Term","$10,483.38","No","","04/28/2025","$16,689.58","-$2,916.72","-17.47629359157%","","","-$2,916.72","-17.4762935915703%"
"TSLA","TESLA INC","04/28/2025","12/20/2024","1","$275.46","$543.89","$275.46","$543.89","-$268.43","-49.353729614444%","","-$268.43","Short Term","$543.89","No","","04/28/2025","$16,689.58","-$2,916.72","-17.47629359157%","","","-$2,916.72","-17.4762935915703%"
"BABA","ALIBABA GROUP HLDG L ADR","04/10/2025","04/09/2025","100","$106.16","$104.56","$10,616.17","$10,456.01","$160.16","1.531750639106%","","$160.16","Short Term","$10,456.01","No","","04/10/2025","","","","","","",""
"UAL","UNITED AIRLINES HLDG","04/10/2025","04/08/2025","199","$65.65","$60.00","$13,063.95","$11,940.00","$1,123.95","9.413316582915%","","$1,123.95","Short Term","$11,940.00","No","","04/10/2025","","","","","","",""
"UAL","UNITED AIRLINES HLDG","04/10/2025","05/19/2022","1","$65.65","$44.50","$65.65","$44.50","$21.15","47.52808988764%","$21.15","","Long Term","$44.50","No","","04/10/2025","","","","","","",""
"SHOP","SHOPIFY INC A","04/09/2025","04/07/2025","200","$78.00","$80.56","$15,599.54","$16,111.66","-$512.12","-3.17856757156%","","-$512.12","Short Term","$16,111.66","No","","04/09/2025","","","","","","",""
"AMZN","AMAZON.COM INC","04/07/2025","08/08/2024","50","$162.85","$165.36","$8,142.75","$8,268.00","-$125.25","-1.514876632801%","","-$125.25","Short Term","$8,268.00","No","","04/07/2025","","","","","","",""
"AMZN","AMAZON.COM INC","04/07/2025","08/01/2024","30","$162.85","$174.50","$4,885.65","$5,235.00","-$349.35","-6.67335243553%","","-$349.35","Short Term","$5,235.00","No","","04/07/2025","","","","","","",""
"AMZN","AMAZON.COM INC","04/07/2025","11/23/2021","20","$162.85","$177.50","$3,257.09","$3,550.00","-$292.91","-8.250985915493%","-$292.91","","Long Term","$3,550.00","No","","04/07/2025","","","","","","",""
"AMZN","AMAZON.COM INC","04/07/2025","03/05/2025","50","$162.69","$208.63","$8,134.27","$10,431.50","-$2,297.23","-22.02204860279%","","-$2,297.23","Short Term","$10,431.50","No","","04/07/2025","","","","","","",""
"AMZN","AMAZON.COM INC","04/07/2025","08/15/2024","50","$162.69","$177.41","$8,134.26","$8,870.50","-$736.24","-8.299870356801%","","-$736.24","Short Term","$8,870.50","No","","04/07/2025","","","","","","",""
"META","META PLATFORMS INC A","04/07/2025","03/17/2025","25","$477.99","$609.00","$11,949.67","$15,225.00","-$3,275.33","-21.512840722496%","","-$3,275.33","Short Term","$15,225.00","No","","04/07/2025","","","","","","",""
"META","META PLATFORMS INC A","04/07/2025","03/17/2025","25","$478.39","$609.00","$11,959.67","$15,225.00","-$3,265.33","-21.447159277504%","","-$3,265.33","Short Term","$15,225.00","No","","04/07/2025","","","","","","",""
"SOFI","SOFI TECHNOLOGIES IN","04/07/2025","03/05/2025","490","$8.47","$13.40","$4,150.10","$6,563.75","-$2,413.65","-36.772424300133%","","-$2,413.65","Short Term","$6,563.75","No","","04/07/2025","$6,697.70","-$2,462.90","-36.772324827926%","","","-$2,462.90","-36.772324827926006%"
"SOFI","SOFI TECHNOLOGIES IN","04/07/2025","01/15/2025","10","$8.47","$16.08","$84.70","$160.80","-$76.10","-47.325870646766%","","-$76.10","Short Term","$160.80","No","","04/07/2025","$6,697.70","-$2,462.90","-36.772324827926%","","","-$2,462.90","-36.772324827926006%"
"TSM","TAIWAN SEMICONDUCTOR ADR","04/07/2025","02/24/2025","35","$137.10","$194.02","$4,798.45","$6,790.70","-$1,992.25","-29.33791803496%","","-$1,992.25","Short Term","$6,790.70","No","","04/07/2025","","","","","","",""
"TSM","TAIWAN SEMICONDUCTOR ADR","04/07/2025","02/04/2025","45","$137.10","$203.27","$6,169.43","$9,147.08","-$2,977.65","-32.553011452835%","","-$2,977.65","Short Term","$9,147.08","No","","04/07/2025","","","","","","",""
"BABA","ALIBABA GROUP HLDG L ADR","04/04/2025","05/15/2024","4","$116.75","$80.07","$466.99","$320.28","$146.71","45.806794055202%","","$146.71","Short Term","$320.28","No","","04/04/2025","","","","","","",""
"COIN","COINBASE GLOBAL INC A","04/04/2025","03/14/2025","29","$162.00","$180.00","$4,697.87","$5,220.00","-$522.13","-10.002490421456%","","-$522.13","Short Term","$5,220.00","No","","04/04/2025","","","","","","",""
"COIN","COINBASE GLOBAL INC A","04/04/2025","01/13/2025","1","$162.00","$252.74","$162.00","$252.74","$0.00","0%","","$0.00","Short Term","$252.74","Yes","$90.74","04/04/2025","","","","","","",""
"FUTU","FUTU HLDGS LTD ADR","04/04/2025","03/05/2025","25","$89.74","$125.84","$2,243.60","$3,145.99","-$902.39","-28.683816541057%","","-$902.39","Short Term","$3,145.99","No","","04/04/2025","$8,191.25","-$1,460.45","-17.829391118572%","","","-$1,460.45","-17.829391118571642%"
"FUTU","FUTU HLDGS LTD ADR","04/04/2025","03/05/2025","50","$89.74","$131.19","$4,487.20","$6,559.48","$0.00","0%","","$0.00","Short Term","$6,559.48","Yes","$2,072.28","04/04/2025","$8,191.25","-$1,460.45","-17.829391118572%","","","-$1,460.45","-17.829391118571642%"
"OXY","OCCIDENTAL PETE CORP","04/04/2025","02/19/2025","10","$41.64","$51.90","$416.36","$518.95","-$102.59","-19.768763850082%","","-$102.59","Short Term","$518.95","No","","04/04/2025","","","","","","",""
"PLTR","PALANTIR TECHNOLOGIE A","04/04/2025","02/20/2025","9","$79.25","$111.24","$713.27","$1,001.13","-$287.86","-28.753508535355%","","-$287.86","Short Term","$1,001.13","No","","04/04/2025","$760.32","-$47.05","-6.188183922559%","","","-$47.05","-6.188183922558921%"
"SNOW","SNOWFLAKE INC A","04/04/2025","10/23/2024","10","$131.58","$114.25","$1,315.77","$1,142.50","$173.27","15.165864332604%","","$173.27","Short Term","$1,142.50","No","","04/04/2025","","","","","","",""
"FUTU","FUTU HLDGS LTD ADR","04/02/2025","03/05/2025","150","$97.58","$117.77","$14,637.07","$17,665.50","-$1,009.47","-5.714358495372%","","-$1,009.47","Short Term","$17,665.50","Yes","$2,018.96","04/02/2025","","","","","","",""
"NVDA","NVIDIA CORP","04/02/2025","02/12/2024","100","$105.55","$72.42","$10,554.69","$7,242.00","$3,312.69","45.742750621375%","$3,312.69","","Long Term","$7,242.00","No","","04/02/2025","","","","","","",""
"AFRM","AFFIRM HLDGS INC A","03/17/2025","09/10/2024","100","$43.54","$36.54","$4,353.54","$3,653.66","$699.88","19.155586453036%","","$699.88","Short Term","$3,653.66","No","","03/17/2025","","","","","","",""
"AFRM","AFFIRM HLDGS INC A","03/17/2025","06/17/2024","200","$43.54","$30.97","$8,707.09","$6,193.86","$2,513.23","40.576151220725%","","$2,513.23","Short Term","$6,193.86","No","","03/17/2025","","","","","","",""
"AFRM","AFFIRM HLDGS INC A","03/17/2025","05/15/2024","200","$43.54","$34.58","$8,707.08","$6,916.50","$1,790.58","25.888527434396%","","$1,790.58","Short Term","$6,916.50","No","","03/17/2025","","","","","","",""
"TSLA","TESLA INC","03/13/2025","02/14/2025","49","$233.71","$361.50","$11,451.71","$17,713.30","-$3,705.84","-20.921228681273%","","-$3,705.84","Short Term","$17,713.30","Yes","$2,555.75","03/13/2025","$18,109.08","-$6,423.66","-35.472039440988%","","","-$6,423.66","-35.472039440987615%"
"TSLA","TESLA INC","03/13/2025","12/20/2024","1","$233.71","$416.10","$233.71","$416.10","$0.00","0%","","$0.00","Short Term","$416.10","Yes","$182.39","03/13/2025","$18,109.08","-$6,423.66","-35.472039440988%","","","-$6,423.66","-35.472039440987615%"
"AMD","ADVANCED MICRO DEVIC","03/10/2025","01/21/2025","50","$97.87","$122.08","$4,893.35","$6,104.00","-$1,210.65","-19.83371559633%","","-$1,210.65","Short Term","$6,104.00","No","","03/10/2025","","","","","","",""
"BABA","ALIBABA GROUP HLDG L ADR","03/10/2025","08/19/2024","100","$133.80","$84.22","$13,379.61","$8,422.48","$4,957.13","58.855942667718%","","$4,957.13","Short Term","$8,422.48","No","","03/10/2025","","","","","","",""
"BABA","ALIBABA GROUP HLDG L ADR","03/10/2025","05/15/2024","10","$133.80","$80.07","$1,337.96","$800.70","$537.26","67.09878856001%","","$537.26","Short Term","$800.70","No","","03/10/2025","","","","","","",""
"NVDA","NVIDIA CORP","03/10/2025","01/28/2025","100","$106.62","$123.24","$10,661.69","$12,323.80","-$1,662.11","-13.486992648371%","","-$1,662.11","Short Term","$12,323.80","No","","03/10/2025","","","","","","",""
"PLTR","PALANTIR TECHNOLOGIE A","03/07/2025","02/28/2025","190","$80.00","$94.34","$15,199.55","$17,924.62","-$2,725.07","-15.202944330201%","","-$2,725.07","Short Term","$17,924.62","No","","03/07/2025","$17,118.73","-$1,119.20","-6.537868171295%","","","-$1,119.20","-6.537868171295423%"
"PLTR","PALANTIR TECHNOLOGIE A","03/07/2025","02/20/2025","10","$80.00","$106.75","$799.98","$1,067.55","$0.00","0%","","$0.00","Short Term","$1,067.55","Yes","$267.57","03/07/2025","$17,118.73","-$1,119.20","-6.537868171295%","","","-$1,119.20","-6.537868171295423%"
"SOFI","SOFI TECHNOLOGIES IN","03/07/2025","03/05/2025","90","$12.31","$13.40","$1,108.30","$1,205.59","-$97.29","-8.069907680057%","","-$97.29","Short Term","$1,205.59","No","","03/07/2025","$6,713.75","-$556.50","-8.28895922547%","","","-$556.50","-8.288959225470117%"
"SOFI","SOFI TECHNOLOGIES IN","03/07/2025","02/06/2025","400","$12.31","$13.57","$4,925.80","$5,428.83","-$503.03","-9.26590075578%","","-$503.03","Short Term","$5,428.83","No","","03/07/2025","$6,713.75","-$556.50","-8.28895922547%","","","-$556.50","-8.288959225470117%"
"SOFI","SOFI TECHNOLOGIES IN","03/07/2025","01/15/2025","10","$12.31","$15.00","$123.15","$150.00","$0.00","0%","","$0.00","Short Term","$150.00","Yes","$26.85","03/07/2025","$6,713.75","-$556.50","-8.28895922547%","","","-$556.50","-8.288959225470117%"
"UAL","UNITED AIRLINES HLDG","03/07/2025","03/05/2025","100","$82.01","$91.36","$8,200.75","$9,136.50","-$935.75","-10.241886937011%","","-$935.75","Short Term","$9,136.50","No","","03/07/2025","","","","","","",""
"AFRM","AFFIRM HLDGS INC A","03/04/2025","02/09/2024","100","$56.36","$43.49","$5,635.78","$4,348.86","$1,286.92","29.592122993152%","$1,286.92","","Long Term","$4,348.86","No","","03/04/2025","","","","","","",""
"AFRM","AFFIRM HLDGS INC A","03/04/2025","01/08/2024","50","$56.36","$45.30","$2,817.89","$2,264.86","$553.03","24.4178448116%","$553.03","","Long Term","$2,264.86","No","","03/04/2025","","","","","","",""
"BABA","ALIBABA GROUP HLDG L ADR","03/04/2025","05/16/2024","55","$129.67","$89.11","$7,131.65","$4,900.85","$2,230.80","45.518634522583%","","$2,230.80","Short Term","$4,900.85","No","","03/04/2025","$12,977.13","$6,472.83","49.878748228614%","","","$6,472.83","49.8787482286145%"
"BABA","ALIBABA GROUP HLDG L ADR","03/04/2025","05/16/2024","95","$129.67","$86.75","$12,318.31","$8,241.63","$4,076.68","49.464487000751%","","$4,076.68","Short Term","$8,241.63","No","","03/04/2025","$12,977.13","$6,472.83","49.878748228614%","","","$6,472.83","49.8787482286145%"
"NVDA","NVIDIA CORP","03/04/2025","02/24/2025","50","$111.88","$134.57","$5,593.84","$6,728.50","-$1,134.66","-16.863491119863%","","-$1,134.66","Short Term","$6,728.50","No","","03/04/2025","","","","","","",""
"NVDA","NVIDIA CORP","03/04/2025","10/11/2024","100","$111.88","$135.42","$11,187.69","$13,541.92","-$2,354.23","-17.384757848222%","","-$2,354.23","Short Term","$13,541.92","No","","03/04/2025","","","","","","",""
"OXY","OCCIDENTAL PETE CORP","03/04/2025","02/19/2025","190","$45.95","$51.89","$8,730.34","$9,860.05","-$1,129.71","-11.45744697035%","","-$1,129.71","Short Term","$9,860.05","No","","03/04/2025","","","","","","",""
"SNOW","SNOWFLAKE INC A","02/28/2025","02/18/2025","50","$171.93","$198.67","$8,596.40","$9,933.51","-$1,337.11","-13.46059952625%","","-$1,337.11","Short Term","$9,933.51","No","","02/28/2025","$9,199.50","-$603.10","-6.555791075602%","","","-$603.10","-6.5557910756019355%"
"SNOW","SNOWFLAKE INC A","02/27/2025","02/18/2025","100","$176.32","$191.00","$17,631.99","$19,100.00","-$734.00","-3.842931937173%","","-$734.00","Short Term","$19,100.00","Yes","$734.01","02/27/2025","","","","","","",""
"ZETA","ZETA GLOBAL HLDGS CO A","02/26/2025","02/18/2025","490","$18.00","$24.50","$8,819.67","$12,005.00","-$3,185.33","-26.533361099542%","","-$3,185.33","Short Term","$12,005.00","No","","02/26/2025","","","","","","",""
"AMD","ADVANCED MICRO DEVIC","02/25/2025","01/21/2025","100","$104.10","$122.08","$10,409.94","$12,208.00","-$1,798.06","-14.728538663172%","","-$1,798.06","Short Term","$12,208.00","No","","02/25/2025","","","","","","",""
"BABA","ALIBABA GROUP HLDG L ADR","02/24/2025","05/15/2024","85","$129.52","$80.07","$11,008.88","$6,805.95","$4,202.93","61.753759578016%","","$4,202.93","Short Term","$6,805.95","No","","02/24/2025","","","","","","",""
"BABA","ALIBABA GROUP HLDG L ADR","02/24/2025","05/03/2024","70","$129.52","$81.26","$9,066.14","$5,687.85","$3,378.29","59.394850426787%","","$3,378.29","Short Term","$5,687.85","No","","02/24/2025","","","","","","",""
"BABA","ALIBABA GROUP HLDG L ADR","02/24/2025","02/26/2024","45","$129.52","$76.39","$5,828.23","$3,437.77","$2,390.46","69.535192872124%","","$2,390.46","Short Term","$3,437.77","No","","02/24/2025","","","","","","",""
"BABA","ALIBABA GROUP HLDG L ADR","02/24/2025","02/13/2025","100","$134.22","$119.05","$13,421.99","$11,904.75","$1,517.24","12.744828744829%","","$1,517.24","Short Term","$11,904.75","No","","02/24/2025","","","","","","",""
"BABA","ALIBABA GROUP HLDG L ADR","02/24/2025","02/26/2024","55","$133.00","$76.40","$7,314.79","$4,201.73","$3,113.06","74.089958183891%","","$3,113.06","Short Term","$4,201.73","No","","02/24/2025","$8,076.23","$5,223.38","64.675968861709%","$2,110.32","54.46689895470384%","",""
"BABA","ALIBABA GROUP HLDG L ADR","02/24/2025","08/25/2023","45","$133.00","$91.07","$5,984.82","$4,098.05","$1,886.77","46.040677883384%","$1,886.77","","Long Term","$4,098.05","No","","02/24/2025","$8,076.23","$5,223.38","64.675968861709%","$2,110.32","54.46689895470384%","",""
"PLTR","PALANTIR TECHNOLOGIE A","02/24/2025","02/20/2025","190","$96.89","$106.75","$18,409.99","$20,283.43","$0.00","0%","","$0.00","Short Term","$20,283.43","Yes","$1,873.44","02/24/2025","","","","","","",""
"PLTR","PALANTIR TECHNOLOGIE A","02/24/2025","01/17/2025","10","$96.89","$71.09","$968.95","$710.87","$258.08","36.304809599505%","","$258.08","Short Term","$710.87","No","","02/24/2025","","","","","","",""
"SOFI","SOFI TECHNOLOGIES IN","02/20/2025","01/15/2025","590","$15.42","$15.00","$9,100.46","$8,850.00","$250.46","2.830056497175%","","$250.46","Short Term","$8,850.00","No","","02/20/2025","","","","","","",""
"META","META PLATFORMS INC A","02/19/2025","02/19/2025","50","$705.68","$705.61","$35,284.01","$35,280.50","$3.51","0.009948838594%","","$3.51","Short Term","$35,280.50","No","","02/19/2025","","","","","","",""
"PLTR","PALANTIR TECHNOLOGIE A","02/19/2025","01/17/2025","50","$123.74","$71.09","$6,186.82","$3,554.36","$2,632.46","74.06284113033%","","$2,632.46","Short Term","$3,554.36","No","","02/19/2025","","","","","","",""
"PLTR","PALANTIR TECHNOLOGIE A","02/19/2025","01/17/2025","240","$113.75","$71.09","$27,299.20","$17,060.90","$10,238.30","60.010315985675%","","$10,238.30","Short Term","$17,060.90","No","","02/19/2025","","","","","","",""
"AFRM","AFFIRM HLDGS INC A","02/12/2025","01/08/2025","200","$75.60","$58.92","$15,119.55","$11,784.00","$3,335.55","28.305753564155%","","$3,335.55","Short Term","$11,784.00","No","","02/12/2025","","","","","","",""
"NFLX","NETFLIX INC","02/11/2025","01/22/2025","29","$1,011.57","$999.11","$29,335.64","$28,974.05","$361.59","1.247978794818%","","$361.59","Short Term","$28,974.05","No","","02/11/2025","","","","","","",""
"SNOW","SNOWFLAKE INC A","02/11/2025","10/23/2024","90","$184.79","$114.25","$16,630.72","$10,282.49","$6,348.23","61.738256006084%","","$6,348.23","Short Term","$10,282.49","No","","02/11/2025","","","","","","",""
"SNOW","SNOWFLAKE INC A","02/11/2025","10/11/2024","10","$184.79","$125.43","$1,847.86","$1,254.29","$593.57","47.323186822824%","","$593.57","Short Term","$1,254.29","No","","02/11/2025","","","","","","",""
"SOFI","SOFI TECHNOLOGIES IN","02/11/2025","01/15/2025","400","$14.82","$15.00","$5,929.33","$6,000.00","$0.00","0%","","$0.00","Short Term","$6,000.00","Yes","$70.67","02/11/2025","","","","","","",""
"SOFI","SOFI TECHNOLOGIES IN","02/11/2025","10/14/2024","100","$14.82","$10.07","$1,482.33","$1,006.93","$475.40","47.212815190728%","","$475.40","Short Term","$1,006.93","No","","02/11/2025","","","","","","",""
"GBIL","GOLDMAN SACHS ACCES TREAS 01 YR ETF","02/10/2025","02/05/2024","200","$99.92","$99.79","$19,983.81","$19,958.80","$25.01","0.125308134758%","$25.01","","Long Term","$19,958.80","No","","02/10/2025","","","","","","",""
"PLTR","PALANTIR TECHNOLOGIE A","02/04/2025","01/22/2025","150","$102.33","$76.17","$15,349.11","$11,425.49","$3,923.62","34.340934174377%","","$3,923.62","Short Term","$11,425.49","No","","02/04/2025","","","","","","",""
"TTD","THE TRADE DESK INC A","02/03/2025","12/24/2024","100","$115.21","$123.15","$11,520.84","$12,315.00","-$794.16","-6.448721071864%","","-$794.16","Short Term","$12,315.00","No","","02/03/2025","","","","","","",""
"COIN","COINBASE GLOBAL INC A","01/16/2025","01/13/2025","199","$271.52","$252.74","$54,032.08","$50,295.26","$3,736.82","7.429765747309%","","$3,736.82","Short Term","$50,295.26","No","","01/16/2025","","","","","","",""
"COIN","COINBASE GLOBAL INC A","01/16/2025","01/03/2025","1","$271.52","$270.61","$271.52","$270.61","$0.91","0.336277299435%","","$0.91","Short Term","$270.61","No","","01/16/2025","","","","","","",""
"TSLA","TESLA INC","01/14/2025","01/08/2025","99","$396.17","$395.78","$39,220.98","$39,182.22","$38.76","0.098922419403%","","$38.76","Short Term","$39,182.22","No","","01/14/2025","$39,576.22","$40.93","0.103420690506%","","","$40.93","0.10342069050556624%"
"TSLA","TESLA INC","01/14/2025","12/20/2024","1","$396.17","$416.49","$396.17","$416.49","$0.00","0%","","$0.00","Short Term","$416.49","Yes","$20.32","01/14/2025","$39,576.22","$40.93","0.103420690506%","","","$40.93","0.10342069050556624%"
"AFRM","AFFIRM HLDGS INC A","01/10/2025","01/08/2024","50","$56.99","$45.30","$2,849.66","$2,264.86","$584.80","25.820580521533%","$584.80","","Long Term","$2,264.86","No","","01/10/2025","$22,179.36","$6,317.27","28.482652339833%","$6,317.27","28.482652339833063%","",""
"AFRM","AFFIRM HLDGS INC A","01/10/2025","01/05/2024","100","$56.99","$44.54","$5,699.32","$4,454.28","$1,245.04","27.951543234821%","$1,245.04","","Long Term","$4,454.28","No","","01/10/2025","$22,179.36","$6,317.27","28.482652339833%","$6,317.27","28.482652339833063%","",""
"AFRM","AFFIRM HLDGS INC A","01/10/2025","12/23/2023","200","$56.99","$47.73","$11,398.66","$9,546.03","$1,852.63","19.407334776865%","$1,852.63","","Long Term","$9,546.03","No","","01/10/2025","$22,179.36","$6,317.27","28.482652339833%","$6,317.27","28.482652339833063%","",""
"AFRM","AFFIRM HLDGS INC A","01/10/2025","12/21/2023","150","$56.99","$50.79","$8,548.99","$7,618.33","$930.66","12.216063100443%","$930.66","","Long Term","$7,618.33","No","","01/10/2025","$22,179.36","$6,317.27","28.482652339833%","$6,317.27","28.482652339833063%","",""
"COIN","COINBASE GLOBAL INC A","01/07/2025","01/03/2025","99","$281.27","$270.62","$27,845.93","$26,790.89","$1,055.04","3.938055062747%","","$1,055.04","Short Term","$26,790.89","No","","01/07/2025","","","","","","",""
"COIN","COINBASE GLOBAL INC A","01/07/2025","12/20/2024","1","$281.27","$267.06","$281.27","$267.06","$14.21","5.320901670037%","","$14.21","Short Term","$267.06","No","","01/07/2025","","","","","","",""
"TSLA","TESLA INC","01/07/2025","01/03/2025","99","$405.01","$394.00","$40,095.84","$39,006.00","$1,089.84","2.794031687433%","","$1,089.84","Short Term","$39,006.00","No","","01/07/2025","","","","","","",""
"TSLA","TESLA INC","01/07/2025","12/20/2024","1","$405.01","$427.50","$405.01","$427.50","$0.00","0%","","$0.00","Short Term","$427.50","Yes","$22.49","01/07/2025","","","","","","",""
"BABA","ALIBABA GROUP HLDG L ADR","12/30/2024","05/16/2024","55","$83.75","$86.75","$4,606.12","$4,771.47","$0.00","0%","","$0.00","Short Term","$4,771.47","Yes","$165.35","12/30/2024","","","","","","",""
"BABA","ALIBABA GROUP HLDG L ADR","12/30/2024","02/02/2023","50","$83.75","$108.00","$4,187.38","$5,400.00","-$1,212.62","-22.455925925926%","-$1,212.62","","Long Term","$5,400.00","No","","12/30/2024","","","","","","",""
"BABA","ALIBABA GROUP HLDG L ADR","12/30/2024","08/25/2023","50","$83.75","$88.72","$4,187.38","$4,435.77","-$24.84","-0.559992966272%","-$24.84","","Long Term","$4,435.77","Yes","$223.55","12/30/2024","","","","","","",""
"BABA","ALIBABA GROUP HLDG L ADR","12/30/2024","08/23/2022","45","$83.75","$90.02","$3,768.62","$4,050.90","-$282.28","-6.968328025871%","-$282.28","","Long Term","$4,050.90","No","","12/30/2024","","","","","","",""
"ROKU","ROKU INC A","12/30/2024","02/24/2022","20","$73.73","$135.57","$1,474.54","$2,711.40","-$1,236.86","-45.617024415431%","-$1,236.86","","Long Term","$2,711.40","No","","12/30/2024","","","","","","",""
"ROKU","ROKU INC A","12/30/2024","04/19/2022","30","$73.73","$116.86","$2,211.84","$3,505.65","-$1,293.81","-36.90642248941%","-$1,293.81","","Long Term","$3,505.65","No","","12/30/2024","","","","","","",""
"ROKU","ROKU INC A","12/30/2024","01/20/2022","15","$73.73","$138.22","$1,105.92","$2,073.34","-$967.42","-46.659978585278%","-$967.42","","Long Term","$2,073.34","No","","12/30/2024","$997.50","$108.42","10.869172932331%","$108.42","10.869172932330827%","",""
"ROKU","ROKU INC A","12/30/2024","01/23/2024","73","$73.73","$89.77","$5,382.13","$6,553.05","-$1,170.92","-17.868320858226%","","-$1,170.92","Short Term","$6,553.05","No","","12/30/2024","","","","","","",""
"ROKU","ROKU INC A","12/30/2024","05/27/2022","12","$73.73","$92.60","$884.74","$1,111.20","-$226.46","-20.379769618431%","-$226.46","","Long Term","$1,111.20","No","","12/30/2024","","","","","","",""
"TSLA","TESLA INC","12/27/2024","12/20/2024","49","$431.30","$427.50","$21,133.59","$20,947.50","$186.09","0.888363766559%","","$186.09","Short Term","$20,947.50","No","","12/27/2024","","","","","","",""
"TSLA","TESLA INC","12/27/2024","12/11/2024","1","$431.30","$405.71","$431.30","$405.71","$25.59","6.307460994306%","","$25.59","Short Term","$405.71","No","","12/27/2024","","","","","","",""
"COIN","COINBASE GLOBAL INC A","12/20/2024","12/20/2024","99","$277.70","$267.06","$27,492.51","$26,438.94","$1,053.57","3.984917700937%","","$1,053.57","Short Term","$26,438.94","No","","12/20/2024","","","","","","",""
"COIN","COINBASE GLOBAL INC A","12/20/2024","09/09/2024","1","$277.70","$155.18","$277.70","$155.18","$122.52","78.953473385746%","","$122.52","Short Term","$155.18","No","","12/20/2024","","","","","","",""
"SNOW","SNOWFLAKE INC A","12/18/2024","10/11/2024","90","$161.75","$125.43","$14,557.09","$11,288.66","$3,268.43","28.953214996288%","","$3,268.43","Short Term","$11,288.66","No","","12/18/2024","$40,361.56","$8,162.07","20.222384863221%","","","$8,162.07","20.222384863221336%"
"SNOW","SNOWFLAKE INC A","12/18/2024","05/15/2024","60","$161.75","$162.99","$9,704.73","$9,779.40","-$74.67","-0.763543775692%","","-$74.67","Short Term","$9,779.40","No","","12/18/2024","$40,361.56","$8,162.07","20.222384863221%","","","$8,162.07","20.222384863221336%"
"SNOW","SNOWFLAKE INC A","12/18/2024","03/20/2024","50","$161.75","$163.29","$8,087.27","$8,164.50","-$77.23","-0.94592442893%","","-$77.23","Short Term","$8,164.50","No","","12/18/2024","$40,361.56","$8,162.07","20.222384863221%","","","$8,162.07","20.222384863221336%"
"SNOW","SNOWFLAKE INC A","12/18/2024","03/20/2024","20","$161.75","$162.03","$3,234.91","$3,240.66","-$5.75","-0.177432992045%","","-$5.75","Short Term","$3,240.66","No","","12/18/2024","$40,361.56","$8,162.07","20.222384863221%","","","$8,162.07","20.222384863221336%"
"SNOW","SNOWFLAKE INC A","12/18/2024","01/21/2024","80","$161.75","$189.43","$12,939.63","$15,154.26","-$2,214.63","-14.613910543966%","","-$2,214.63","Short Term","$15,154.26","No","","12/18/2024","$40,361.56","$8,162.07","20.222384863221%","","","$8,162.07","20.222384863221336%"
"SOFI","SOFI TECHNOLOGIES IN","12/18/2024","10/14/2024","900","$15.22","$10.07","$13,697.47","$9,062.37","$4,635.10","51.14666472457%","","$4,635.10","Short Term","$9,062.37","No","","12/18/2024","","","","","","",""
"TSLA","TESLA INC","12/18/2024","12/11/2024","34","$431.01","$405.71","$14,654.51","$13,794.14","$860.37","6.237213773385%","","$860.37","Short Term","$13,794.14","No","","12/18/2024","","","","","","",""
"TSLA","TESLA INC","12/18/2024","03/20/2024","1","$431.02","$175.94","$431.02","$175.94","$255.08","144.981243605775%","","$255.08","Short Term","$175.94","No","","12/18/2024","","","","","","",""
"GBIL","GOLDMAN SACHS ACCES TREAS 01 YR ETF","11/29/2024","11/28/2023","200","$100.18","$100.14","$20,036.41","$20,027.98","$8.43","0.042091114531%","$8.43","","Long Term","$20,027.98","No","","11/29/2024","","","","","","",""
"EDU","NEW ORIENTAL ED & TE ADR","10/08/2024","01/23/2024","50","$73.73","$71.73","$3,686.60","$3,586.50","$100.10","2.791021887634%","","$100.10","Short Term","$3,586.50","No","","10/08/2024","$14,763.43","-$17.07","-0.115623537349%","","","-$17.07","-0.11562353734870551%"
"EDU","NEW ORIENTAL ED & TE ADR","10/08/2024","01/16/2024","19","$73.73","$72.30","$1,400.90","$1,373.62","$27.28","1.985993215009%","","$27.28","Short Term","$1,373.62","No","","10/08/2024","$14,763.43","-$17.07","-0.115623537349%","","","-$17.07","-0.11562353734870551%"
"EDU","NEW ORIENTAL ED & TE ADR","10/08/2024","12/28/2023","80","$73.73","$77.69","$5,898.54","$6,214.85","-$316.31","-5.0895838194%","","-$316.31","Short Term","$6,214.85","No","","10/08/2024","$14,763.43","-$17.07","-0.115623537349%","","","-$17.07","-0.11562353734870551%"
"EDU","NEW ORIENTAL ED & TE ADR","10/08/2024","12/26/2023","51","$73.73","$71.46","$3,760.32","$3,644.46","$115.86","3.179071796645%","","$115.86","Short Term","$3,644.46","No","","10/08/2024","$14,763.43","-$17.07","-0.115623537349%","","","-$17.07","-0.11562353734870551%"
"ROKU","ROKU INC A","09/30/2024","01/30/2021","50","$74.51","$391.22","$3,725.64","$19,561.14","$0.00","0%","$0.00","","Long Term","$19,561.14","Yes","$15,835.50","09/30/2024","$3,325.00","$400.64","12.049323308271%","$400.64","12.049323308270676%","",""
"COIN","COINBASE GLOBAL INC A","09/24/2024","09/09/2024","99","$170.39","$155.18","$16,868.12","$15,362.82","$1,505.30","9.798331295947%","","$1,505.30","Short Term","$15,362.82","No","","09/24/2024","$15,495.77","$1,542.74","9.955878281621%","","","$1,542.74","9.955878281621365%"
"COIN","COINBASE GLOBAL INC A","09/24/2024","01/23/2024","1","$170.39","$137.44","$170.39","$137.44","$32.95","23.974097788126%","","$32.95","Short Term","$137.44","No","","09/24/2024","$15,495.77","$1,542.74","9.955878281621%","","","$1,542.74","9.955878281621365%"
"SNOW","SNOWFLAKE INC A","08/22/2024","03/07/2024","70","$117.71","$168.45","$8,239.47","$11,791.49","-$2,537.16","-21.516873609696%","","-$2,537.16","Short Term","$11,791.49","Yes","$1,014.86","08/22/2024","","","","","","",""
"SNOW","SNOWFLAKE INC A","08/22/2024","01/08/2024","80","$117.71","$195.84","$9,416.54","$15,667.60","$0.00","0%","","$0.00","Short Term","$15,667.60","Yes","$6,251.06","08/22/2024","","","","","","",""
"TSM","TAIWAN SEMICONDUCTR ADR","08/19/2024","08/07/2024","50","$172.80","$161.33","$8,639.76","$8,066.46","$573.30","7.107206878854%","","$573.30","Short Term","$8,066.46","No","","08/19/2024","","","","","","",""
"KVYO","KLAVIYO INC","08/08/2024","05/17/2024","50","$30.57","$25.29","$1,528.45","$1,264.50","$263.95","20.87386318703%","","$263.95","Short Term","$1,264.50","No","","08/08/2024","","","","","","",""
"KVYO","KLAVIYO INC","08/08/2024","03/20/2024","200","$30.57","$26.37","$6,113.82","$5,273.50","$840.32","15.934768180525%","","$840.32","Short Term","$5,273.50","No","","08/08/2024","","","","","","",""
"KVYO","KLAVIYO INC","08/08/2024","03/01/2024","250","$30.57","$28.20","$7,642.28","$7,050.00","$592.28","8.401134751773%","","$592.28","Short Term","$7,050.00","No","","08/08/2024","","","","","","",""
"NFLX","NETFLIX INC","08/05/2024","08/31/2023","10","$592.00","$434.92","$5,920.03","$4,349.20","$1,570.83","36.117676814127%","","$1,570.83","Short Term","$4,349.20","No","","08/05/2024","","","","","","",""
"NFLX","NETFLIX INC","08/05/2024","07/20/2023","5","$592.00","$433.91","$2,960.02","$2,169.55","$790.47","36.434744532276%","$790.47","","Long Term","$2,169.55","No","","08/05/2024","","","","","","",""
"NFLX","NETFLIX INC","08/05/2024","08/31/2023","10","$584.08","$434.92","$5,840.84","$4,349.20","$1,491.64","34.296882185229%","","$1,491.64","Short Term","$4,349.20","No","","08/05/2024","","","","","","",""
"PDD","PDD HOLDINGS INC ADR","08/05/2024","07/13/2023","5","$122.60","$80.85","$612.98","$404.27","$208.71","51.626388304846%","$208.71","","Long Term","$404.27","No","","08/05/2024","","","","","","",""
"PDD","PDD HOLDINGS INC ADR","08/05/2024","06/08/2023","50","$122.60","$74.88","$6,129.83","$3,744.00","$2,385.83","63.724091880342%","$2,385.83","","Long Term","$3,744.00","No","","08/05/2024","","","","","","",""
"PDD","PDD HOLDINGS INC ADR","08/05/2024","08/03/2022","25","$122.60","$49.50","$3,064.91","$1,237.50","$1,827.41","147.669494949495%","$1,827.41","","Long Term","$1,237.50","No","","08/05/2024","","","","","","",""
"TSLA","TESLA INC","08/05/2024","03/20/2024","40","$192.94","$175.94","$7,717.78","$7,037.52","$680.26","9.66618922575%","","$680.26","Short Term","$7,037.52","No","","08/05/2024","","","","","","",""
"NFLX","NETFLIX INC","08/02/2024","07/20/2023","10","$611.14","$433.91","$6,111.39","$4,339.10","$1,772.29","40.844645202922%","$1,772.29","","Long Term","$4,339.10","No","","08/02/2024","","","","","","",""
"NFLX","NETFLIX INC","08/02/2024","06/09/2023","15","$611.14","$425.54","$9,167.09","$6,383.10","$2,783.99","43.615014648055%","$2,783.99","","Long Term","$6,383.10","No","","08/02/2024","","","","","","",""
"TSLA","TESLA INC","08/02/2024","03/20/2024","9","$208.33","$175.94","$1,875.01","$1,583.44","$291.57","18.413706866064%","","$291.57","Short Term","$1,583.44","No","","08/02/2024","$32,615.77","-$1,365.51","-4.186655718997%","-$1,567.96","-20.055717432291043%","$202.45","0.8164047141373757%"
"TSLA","TESLA INC","08/02/2024","01/29/2024","30","$208.34","$187.80","$6,250.05","$5,634.15","$615.90","10.931551343148%","","$615.90","Short Term","$5,634.15","No","","08/02/2024","$32,615.77","-$1,365.51","-4.186655718997%","-$1,567.96","-20.055717432291043%","$202.45","0.8164047141373757%"
"TSLA","TESLA INC","08/02/2024","01/24/2024","50","$208.34","$210.49","$10,416.75","$10,524.25","-$107.50","-1.021450459653%","","-$107.50","Short Term","$10,524.25","No","","08/02/2024","$32,615.77","-$1,365.51","-4.186655718997%","-$1,567.96","-20.055717432291043%","$202.45","0.8164047141373757%"
"TSLA","TESLA INC","08/02/2024","08/21/2023","30","$208.34","$226.52","$6,250.05","$6,795.60","-$545.55","-8.02798869857%","","-$545.55","Short Term","$6,795.60","No","","08/02/2024","$32,615.77","-$1,365.51","-4.186655718997%","-$1,567.96","-20.055717432291043%","$202.45","0.8164047141373757%"
"TSLA","TESLA INC","08/02/2024","08/04/2023","1","$208.34","$260.31","$208.34","$260.31","-$51.97","-19.964657523722%","","-$51.97","Short Term","$260.31","No","","08/02/2024","$32,615.77","-$1,365.51","-4.186655718997%","-$1,567.96","-20.055717432291043%","$202.45","0.8164047141373757%"
"TSLA","TESLA INC","08/02/2024","07/27/2023","29","$208.34","$268.11","$6,041.72","$7,775.23","-$1,733.51","-22.295289013958%","-$1,733.51","","Long Term","$7,775.23","No","","08/02/2024","$32,615.77","-$1,365.51","-4.186655718997%","-$1,567.96","-20.055717432291043%","$202.45","0.8164047141373757%"
"TSLA","TESLA INC","08/02/2024","07/24/2023","1","$208.34","$269.03","$208.34","$269.03","-$60.69","-22.55882243616%","-$60.69","","Long Term","$269.03","No","","08/02/2024","$32,615.77","-$1,365.51","-4.186655718997%","-$1,567.96","-20.055717432291043%","$202.45","0.8164047141373757%"
"AAPL","APPLE INC","07/24/2024","02/01/2024","1","$218.09","$184.95","$218.09","$184.95","$33.14","17.918356312517%","","$33.14","Short Term","$184.95","No","","07/24/2024","","","","","","",""
"DDOG","DATADOG INC A","05/24/2024","08/08/2023","60","$124.01","$88.30","$7,440.38","$5,297.70","$2,142.68","40.445476338789%","","$2,142.68","Short Term","$5,297.70","No","","05/24/2024","","","","","","",""
"DDOG","DATADOG INC A","05/24/2024","06/08/2023","30","$124.01","$95.37","$3,720.19","$2,861.10","$859.09","30.026563209954%","","$859.09","Short Term","$2,861.10","No","","05/24/2024","","","","","","",""
"DDOG","DATADOG INC A","05/24/2024","06/01/2023","10","$124.01","$94.90","$1,240.06","$949.00","$291.06","30.670179135933%","","$291.06","Short Term","$949.00","No","","05/24/2024","","","","","","",""
"U","UNITY SOFTWARE INC","05/24/2024","01/05/2024","299","$19.40","$37.75","$5,800.51","$11,285.76","-$5,485.25","-48.603284138596%","","-$5,485.25","Short Term","$11,285.76","No","","05/24/2024","","","","","","",""
"U","UNITY SOFTWARE INC","05/24/2024","12/13/2023","1","$19.40","$35.35","$19.40","$35.35","-$15.95","-45.120226308345%","","-$15.95","Short Term","$35.35","No","","05/24/2024","","","","","","",""
"XLV","SELECT SECTOR HEALTH CARE SPDR ETF","05/13/2024","02/06/2024","50","$143.46","$143.59","$7,173.20","$7,179.32","-$6.12","-0.08524484213%","","-$6.12","Short Term","$7,179.32","No","","05/13/2024","","","","","","",""
"NFLX","NETFLIX INC","05/03/2024","01/25/2021","10","$579.17","$554.00","$5,791.75","$5,540.00","$251.75","4.544223826715%","$251.75","","Long Term","$5,540.00","No","","05/03/2024","","","","","","",""
"NFLX","NETFLIX INC","05/03/2024","02/03/2021","20","$579.18","$543.00","$11,583.51","$10,860.00","$723.51","6.662154696133%","$723.51","","Long Term","$10,860.00","No","","05/03/2024","","","","","","",""
"TSM","TAIWAN SEMICONDUCTR ADR","05/03/2024","01/28/2021","65","$141.81","$127.50","$9,217.57","$8,287.18","$930.39","11.226858834972%","$930.39","","Long Term","$8,287.18","No","","05/03/2024","","","","","","",""
"NVDA","NVIDIA CORP","04/29/2024","12/18/2023","24","$871.64","$498.55","$20,919.40","$11,965.13","$8,954.27","74.83637871047%","","$8,954.27","Short Term","$11,965.13","No","","04/29/2024","$12,404.64","$9,386.40","75.668459544171%","","","$9,386.40","75.66845954417059%"
"NVDA","NVIDIA CORP","04/29/2024","06/17/2023","1","$871.64","$502.52","$871.64","$502.52","$369.12","73.453792883865%","","$369.12","Short Term","$502.52","No","","04/29/2024","$12,404.64","$9,386.40","75.668459544171%","","","$9,386.40","75.66845954417059%"
"COIN","COINBASE GLOBAL INC A","02/20/2024","01/23/2024","49","$170.66","$137.44","$8,362.51","$6,734.38","$1,628.13","24.17639040268%","","$1,628.13","Short Term","$6,734.38","No","","02/20/2024","$6,667.84","$1,865.33","27.975026395354%","","","$1,865.33","27.975026395354412%"
"COIN","COINBASE GLOBAL INC A","02/20/2024","01/03/2024","1","$170.66","$153.29","$170.66","$153.29","$17.37","11.331463239611%","","$17.37","Short Term","$153.29","No","","02/20/2024","$6,667.84","$1,865.33","27.975026395354%","","","$1,865.33","27.975026395354412%"
"BAND","BANDWIDTH INC A","02/13/2024","09/01/2023","199","$13.46","$17.17","$2,679.17","$3,417.10","-$737.93","-21.595212314536%","","-$737.93","Short Term","$3,417.10","No","","02/13/2024","$5,316.20","$69.05","1.298860088033%","$1.42","11.794019933554818%","$67.63","1.275036952128141%"
"BAND","BANDWIDTH INC A","02/13/2024","08/29/2023","100","$13.46","$14.32","$1,346.31","$1,431.99","-$85.68","-5.983282006159%","","-$85.68","Short Term","$1,431.99","No","","02/13/2024","$5,316.20","$69.05","1.298860088033%","$1.42","11.794019933554818%","$67.63","1.275036952128141%"
"BAND","BANDWIDTH INC A","02/13/2024","08/17/2023","100","$13.46","$15.86","$1,346.31","$1,586.00","-$239.69","-15.112862547289%","","-$239.69","Short Term","$1,586.00","No","","02/13/2024","$5,316.20","$69.05","1.298860088033%","$1.42","11.794019933554818%","$67.63","1.275036952128141%"
"BAND","BANDWIDTH INC A","02/13/2024","05/27/2022","1","$13.46","$19.97","$13.46","$19.97","-$6.51","-32.598898347521%","-$6.51","","Long Term","$19.97","No","","02/13/2024","$5,316.20","$69.05","1.298860088033%","$1.42","11.794019933554818%","$67.63","1.275036952128141%"
"NFLX","NETFLIX INC","02/12/2024","02/10/2021","15","$561.63","$564.22","$8,424.50","$8,463.25","-$38.75","-0.457861932473%","-$38.75","","Long Term","$8,463.25","No","","02/12/2024","","","","","","",""
"AAPL","APPLE INC","02/09/2024","02/01/2024","99","$188.82","$184.95","$18,693.61","$18,310.05","$383.56","2.094805857985%","","$383.56","Short Term","$18,310.05","No","","02/09/2024","","","","","","",""
"AAPL","APPLE INC","02/09/2024","08/29/2023","1","$188.82","$183.01","$188.82","$183.01","$5.81","3.174689907655%","","$5.81","Short Term","$183.01","No","","02/09/2024","","","","","","",""
"PDD","PDD HOLDINGS INC ADR","02/09/2024","08/03/2022","25","$127.60","$49.50","$3,189.98","$1,237.50","$1,952.48","157.776161616162%","$1,952.48","","Long Term","$1,237.50","No","","02/09/2024","$10,566.24","$2,193.68","20.761216856706%","$2,193.68","20.76121685670589%","",""
"PDD","PDD HOLDINGS INC ADR","02/09/2024","04/25/2021","25","$127.60","$147.30","$3,189.98","$3,682.59","-$492.61","-13.376726705933%","-$492.61","","Long Term","$3,682.59","No","","02/09/2024","$10,566.24","$2,193.68","20.761216856706%","$2,193.68","20.76121685670589%","",""
"PDD","PDD HOLDINGS INC ADR","02/09/2024","04/01/2021","45","$127.60","$143.43","$5,741.96","$6,454.47","-$712.51","-11.0390163716%","-$712.51","","Long Term","$6,454.47","No","","02/09/2024","$10,566.24","$2,193.68","20.761216856706%","$2,193.68","20.76121685670589%","",""
"PDD","PDD HOLDINGS INC ADR","02/09/2024","01/12/2021","5","$127.60","$161.59","$638.00","$807.95","-$169.95","-21.034717494894%","-$169.95","","Long Term","$807.95","No","","02/09/2024","$10,566.24","$2,193.68","20.761216856706%","$2,193.68","20.76121685670589%","",""
"BRZE","BRAZE INC A","01/17/2024","01/12/2024","200","$52.10","$51.67","$10,420.51","$10,334.54","$85.97","0.831870600917%","","$85.97","Short Term","$10,334.54","No","","01/17/2024","","","","","","",""
"BRZE","BRAZE INC A","01/17/2024","12/14/2023","100","$52.10","$55.42","$5,210.25","$5,541.99","-$331.74","-5.985936459647%","","-$331.74","Short Term","$5,541.99","No","","01/17/2024","","","","","","",""
"COIN","COINBASE GLOBAL INC A","01/09/2024","01/03/2024","69","$148.81","$153.30","$10,267.80","$10,577.36","-$85.24","-0.805872164699%","","-$85.24","Short Term","$10,577.36","Yes","$224.32","01/09/2024","","","","","","",""
"COIN","COINBASE GLOBAL INC A","01/09/2024","08/29/2023","1","$148.81","$85.21","$148.81","$85.21","$63.60","74.639126863044%","","$63.60","Short Term","$85.21","No","","01/09/2024","","","","","","",""
"DDOG","DATADOG INC A","01/03/2024","06/01/2023","40","$111.95","$94.90","$4,477.88","$3,796.00","$681.88","17.963119072708%","","$681.88","Short Term","$3,796.00","No","","01/03/2024","","","","","","",""
"DDOG","DATADOG INC A","01/03/2024","05/05/2022","25","$111.95","$108.47","$2,798.68","$2,711.75","$86.93","3.205678989582%","$86.93","","Long Term","$2,711.75","No","","01/03/2024","","","","","","",""
"DDOG","DATADOG INC A","01/03/2024","01/04/2022","10","$111.95","$158.82","$1,119.47","$1,588.20","-$468.73","-29.513285480418%","-$468.73","","Long Term","$1,588.20","No","","01/03/2024","","","","","","",""
"DDOG","DATADOG INC A","01/03/2024","02/16/2021","25","$111.95","$107.87","$2,798.68","$2,696.75","$101.93","3.779734866042%","$101.93","","Long Term","$2,696.75","No","","01/03/2024","","","","","","",""
"AFRM","AFFIRM HLDGS INC A","01/02/2024","12/20/2023","100","$46.20","$51.04","$4,620.03","$5,104.00","$0.00","0%","","$0.00","Short Term","$5,104.00","Yes","$483.97","01/02/2024","","","","","","",""
"AFRM","AFFIRM HLDGS INC A","01/02/2024","12/20/2023","100","$45.95","$51.04","$4,594.94","$5,104.00","$0.00","0%","","$0.00","Short Term","$5,104.00","Yes","$509.06","01/02/2024","","","","","","",""
"COIN","COINBASE GLOBAL INC A","01/02/2024","08/29/2023","49","$161.95","$85.21","$7,935.43","$4,175.29","$3,760.14","90.056978078169%","","$3,760.14","Short Term","$4,175.29","No","","01/02/2024","","","","","","",""
"COIN","COINBASE GLOBAL INC A","01/02/2024","08/08/2023","41","$161.95","$88.05","$6,639.85","$3,610.05","$3,029.80","83.926815418069%","","$3,029.80","Short Term","$3,610.05","No","","01/02/2024","","","","","","",""
"EDU","NEW ORIENTAL EDUCATI ADR","01/02/2024","12/26/2023","99","$70.89","$71.46","$7,018.53","$7,074.53","$0.00","0%","","$0.00","Short Term","$7,074.53","Yes","$56.00","01/02/2024","","","","","","",""
"EDU","NEW ORIENTAL EDUCATI ADR","01/02/2024","07/03/2023","1","$70.89","$40.70","$70.89","$40.70","$30.19","74.176904176904%","","$30.19","Short Term","$40.70","No","","01/02/2024","","","","","","",""
"U","UNITY SOFTWARE INC","01/02/2024","12/13/2023","9","$38.54","$35.35","$346.86","$318.11","$28.75","9.037754235956%","","$28.75","Short Term","$318.11","No","","01/02/2024","","","","","","",""
