"Date","Action","Symbol","Description","Quantity","Price","Fees & Comm","Amount"
"01/16/2026","Sell","ZETA","ZETA GLOBAL HLDGS CORP CLASS CLASS A","400","$20.865","$0.08","$8345.92"
"01/16/2026 as of 01/15/2026","Bank Interest","","BANK INT ...526 TD BANK USA NA","","","","$0.17"
"01/15/2026","Sell","COIN","COINBASE GLOBAL INC CLASS CLASS A","50","$246.63","$0.01","$12331.49"
"01/14/2026","Sell","OSCR","OSCAR HEALTH INC CLASS CLASS A","100","$16.8967","$0.02","$1689.65"
"01/14/2026","Sell","ZETA","ZETA GLOBAL HLDGS CORP CLASS CLASS A","400","$21.9442","$0.08","$8777.60"
"01/14/2026","Buy","DDOG","DATADOG INC CLASS A","50","$124.75","","-$6237.50"
"01/14/2026","Buy","KVYO","KLAVIYO INC","100","$26.82","","-$2682.00"
"01/14/2026","Buy","AFRM","AFFIRM HLDGS INC CLASS A","50","$71.795","","-$3589.75"
"01/14/2026","Sell","COIN","COINBASE GLOBAL INC CLASS CLASS A","50","$257.50","$0.01","$12874.99"
"01/14/2026","Sell","PLTR","PALANTIR TECHNOLOGIES INCLASS CLASS A","30","$175.34","$0.01","$5260.19"
"01/12/2026","Buy","SNOW","SNOWFLAKE INC CLASS CLASS A","20","$220.00","","-$4400.00"
"01/12/2026","Buy","AFRM","AFFIRM HLDGS INC CLASS A","20","$77.1068","","-$1542.14"
"01/12/2026","Buy","AFRM","AFFIRM HLDGS INC CLASS A","50","$76.2899","","-$3814.50"
"01/09/2026","Buy","CCCX","CHURCHILL CAPITAL FCLASS A","200","$18.825","","-$3765.00"
"01/09/2026","Sell","SNDK","SANDISK CORP","10","$379.55","","$3795.50"
"01/09/2026","Sell Short","CCCX","CHURCHILL CAPITAL FCLASS A","200","$19.2437","$0.03","$3848.71"
"01/08/2026","Foreign Tax Paid","TSM","TAIWAN SEMICONDUCTOR M FSPONSORED ADR 1 ADR REPS 5 ORD SHS","","","","-$45.10"
"01/08/2026","Qualified Dividend","TSM","TAIWAN SEMICONDUCTOR M FSPONSORED ADR 1 ADR REPS 5 ORD SHS","","","","$214.76"
"01/08/2026","Buy","SNDK","SANDISK CORP","5","$319.8637","","-$1599.32"
"01/08/2026","Buy","CHYM","CHIME FINL INC CLASS A","200","$26.99","","-$5398.00"
"01/08/2026","Buy","COIN","COINBASE GLOBAL INC CLASS CLASS A","100","$247.796","","-$24779.60"
"01/07/2026","Sell","PLTR","PALANTIR TECHNOLOGIES INCLASS CLASS A","30","$178.251","","$5347.53"
"01/07/2026","Buy","SNDK","SANDISK CORP","15","$358.30","","-$5374.50"
"01/06/2026","Sell","COIN","COINBASE GLOBAL INC CLASS CLASS A","25","$248.12","","$6203.00"
"01/06/2026","Sell","SOFI","SOFI TECHNOLOGIES INC","200","$26.735","$0.03","$5346.97"
"01/06/2026","Sell","COIN","COINBASE GLOBAL INC CLASS CLASS A","25","$254.725","","$6368.13"
"01/05/2026","Sell","SOFI","SOFI TECHNOLOGIES INC","300","$29.4735","$0.05","$8842.00"
"01/05/2026","Sell","AFRM","AFFIRM HLDGS INC CLASS A","20","$80.2856","","$1605.71"
"01/05/2026","Buy","PLTR","PALANTIR TECHNOLOGIES INCLASS CLASS A","60","$172.00","","-$10320.00"
"01/02/2026","Buy","KVYO","KLAVIYO INC","500","$29.50","","-$14750.00"
"01/02/2026","Sell","ROKU","ROKU INC CLASS A","65","$109.021","$0.01","$7086.36"
"01/02/2026","Sell","KVYO","KLAVIYO INC","1,000","$29.68","$0.17","$29679.83"
"12/31/2025","Qualified Dividend","AVGO","BROADCOM INC","","","","$0.65"
"12/31/2025","Sell","KLAR","KLARNA GROUP PLC F","225","$29.0102","$0.04","$6527.26"
"12/30/2025","Sell","KLAR","KLARNA GROUP PLC F","200","$29.3215","$0.03","$5864.27"
"12/22/2025","Buy","COIN","COINBASE GLOBAL INC CLASS A","50","$251.28","","-$12564.00"
"12/19/2025","Sell","COIN","COINBASE GLOBAL INC CLASS A","50","$240.8914","$0.01","$12044.56"
"12/18/2025","Buy","SOFI","SOFI TECHNOLOGIES INC","200","$25.5099","","-$5101.98"
"12/17/2025","Buy","NFLX","NETFLIX INC","50","$96.0798","","-$4803.99"
"12/16/2025","Sell","AFRM","AFFIRM HLDGS INC CLASS A","50","$72.4676","$0.01","$3623.37"
"12/16/2025","Sell","ROKU","ROKU INC CLASS A","35","$108.13","$0.01","$3784.54"
"12/16/2025 as of 12/15/2025","Bank Interest","","BANK INT ...525 TD BANK USA NA","","","","$0.63"
"12/16/2025","Buy","COIN","COINBASE GLOBAL INC CLASS A","50","$247.3164","","-$12365.82"
"12/15/2025","Qualified Dividend","GOOG","ALPHABET INC CLASS CLASS C","","","","$44.10"
"12/12/2025","Buy","NFLX","NETFLIX INC","100","$95.24","","-$9524.00"
"12/12/2025","Sell","AVGO","BROADCOM INC","15","$363.64","","$5454.60"
"12/11/2025","Buy","AVGO","BROADCOM INC","15","$418.00","","-$6270.00"
"12/11/2025","Buy","SNOW","SNOWFLAKE INC CLASS CLASS A","20","$220.409","","-$4408.18"
"12/10/2025","Buy","JMIA","JUMIA TECHNOLOGIES AG FUNSPONSORED ADR 1 ADR REPS 2 ORD SHS","1","$12.5999","","-$12.60"
"12/10/2025","Sell","COIN","COINBASE GLOBAL INC CLASS A","50","$272.9476","$0.01","$13647.37"
"12/05/2025","Long Term Cap Gain Reinvest","FCNTX","FIDELITY CONTRAFUND","","","","$1.02"
"12/05/2025","Reinvest Shares","FCNTX","FIDELITY CONTRAFUND","0.043","$23.97","","-$1.02"
"12/05/2025","Buy","BAND","BANDWIDTH INC CLASS A","100","$14.94","","-$1494.00"
"12/05/2025","Buy","AFRM","AFFIRM HLDGS INC CLASS A","50","$68.30","","-$3415.00"
"12/05/2025","Buy","COIN","COINBASE GLOBAL INC CLASS A","50","$271.95","","-$13597.50"
"12/04/2025","Sell","COIN","COINBASE GLOBAL INC CLASS A","50","$272.76","$0.01","$13637.99"
"12/04/2025","Buy","SNOW","SNOWFLAKE INC CLASS CLASS A","20","$234.7805","","-$4695.61"
"12/04/2025","Buy","SNOW","SNOWFLAKE INC CLASS CLASS A","20","$243.82","","-$4876.40"
"12/02/2025","Sell","AFRM","AFFIRM HLDGS INC CLASS A","50","$67.3332","$0.01","$3366.65"
"12/02/2025","Buy","COIN","COINBASE GLOBAL INC CLASS A","50","$268.00","","-$13400.00"
"12/02/2025","Sell","COIN","COINBASE GLOBAL INC CLASS A","50","$268.48","$0.01","$13423.99"
"12/01/2025","Buy","COIN","COINBASE GLOBAL INC CLASS A","25","$255.715","","-$6392.88"
"12/01/2025","Sell","AFRM","AFFIRM HLDGS INC CLASS A","100","$69.64","$0.02","$6963.98"
"12/01/2025","Sell","OSCR","OSCAR HEALTH INC CLASS CLASS A","300","$17.5425","$0.05","$5262.70"
"12/01/2025","Sell","COIN","COINBASE GLOBAL INC CLASS A","75","$261.8301","$0.01","$19637.25"
"11/24/2025","Sell","OSCR","OSCAR HEALTH INC CLASS CLASS A","400","$16.21","$0.07","$6483.93"
"11/19/2025","Buy","ZETA","ZETA GLOBAL HLDGS CORP CLASS A","100","$16.9352","","-$1693.52"
"11/19/2025","Buy","COIN","COINBASE GLOBAL INC CLASS A","100","$262.99","","-$26299.00"
"11/18/2025","Buy","KLAR","KLARNA GROUP PLC F","100","$31.9812","","-$3198.12"
"11/18/2025","Buy","ROKU","ROKU INC CLASS A","35","$93.7453","","-$3281.09"
"11/18/2025","Buy","UAL","UNITED AIRLINES HLDG","50","$89.8419","","-$4492.10"
"11/18/2025","Sell","AFRM","AFFIRM HLDGS INC CLASS A","300","$66.5312","$0.05","$19959.30"
"11/17/2025","Buy","OSCR","OSCAR HEALTH INC CLASS CLASS A","400","$14.2395","","-$5695.80"
"11/17/2025","Buy","AFRM","AFFIRM HLDGS INC CLASS A","500","$68.4341","","-$34217.05"
"11/17/2025","Sell","NVDA","NVIDIA CORP","100","$185.19","$0.02","$18518.98"
"11/17/2025","Sell","DDOG","DATADOG INC CLASS A","90","$184.2975","$0.01","$16586.77"
"11/17/2025","Sell","NVDA","NVIDIA CORP","100","$187.029","$0.02","$18702.88"
"11/17/2025 as of 11/15/2025","Bank Interest","","BANK INT ...525 TD BANK USA NA","","","","$2.85"
"11/17/2025 as of 11/14/2025","Stock Split","NFLX","NETFLIX INC","9","$111.217","",""
"11/14/2025","Buy","DDOG","DATADOG INC CLASS A","90","$183.8281","","-$16544.53"
"11/14/2025","Sell","AFRM","AFFIRM HLDGS INC CLASS A","100","$70.7951","$0.02","$7079.49"
"11/13/2025","Buy","SOFI","SOFI TECHNOLOGIES INC","100","$28.735","","-$2873.50"
"11/13/2025","Buy","NVDA","NVIDIA CORP","10","$186.31","","-$1863.10"
"11/13/2025","Buy","KLAR","KLARNA GROUP PLC F","75","$35.055","","-$2629.13"
"11/13/2025","Buy","AFRM","AFFIRM HLDGS INC CLASS A","100","$70.5699","","-$7056.99"
"11/13/2025","Buy","ZETA","ZETA GLOBAL HLDGS CORP CLASS A","200","$18.885","","-$3777.00"
"11/13/2025","Buy","NVDA","NVIDIA CORP","20","$188.305","","-$3766.10"
"11/13/2025","Sell","PLTR","PALANTIR TECHNOLOGIES INCLASS CLASS A","40","$179.3505","$0.01","$7174.01"
"11/11/2025","Buy","CRWV","COREWEAVE INC CLASS CLASS A","50","$91.45","","-$4572.50"
"11/11/2025","Sell Short","CRWV","COREWEAVE INC CLASS CLASS A","50","$94.1951","$0.01","$4709.75"
"11/10/2025","Buy","KLAR","KLARNA GROUP PLC F","100","$36.555","","-$3655.50"
"11/07/2025","Buy","PLTR","PALANTIR TECHNOLOGIES INCLASS CLASS A","20","$177.89","","-$3557.80"
"11/07/2025","Buy","KLAR","KLARNA GROUP PLC F","50","$35.39","","-$1769.50"
"11/07/2025","Buy","NVDA","NVIDIA CORP","10","$186.04","","-$1860.40"
"11/07/2025","Buy","PLTR","PALANTIR TECHNOLOGIES INCLASS CLASS A","10","$174.14","","-$1741.40"
"11/07/2025","Buy","UAL","UNITED AIRLINES HLDG","50","$95.78","","-$4789.00"
"11/07/2025","Buy","PLTR","PALANTIR TECHNOLOGIES INCLASS CLASS A","10","$173.29","","-$1732.90"
"11/07/2025","Buy","NVDA","NVIDIA CORP","20","$182.63","","-$3652.60"
"11/07/2025","Buy","OSCR","OSCAR HEALTH INC CLASS CLASS A","100","$17.105","","-$1710.50"
"11/07/2025","Sell","AFRM","AFFIRM HLDGS INC CLASS A","139","$69.8807","$0.02","$9713.40"
"11/07/2025","Sell","AFRM","AFFIRM HLDGS INC CLASS A","100","$69.5726","$0.02","$6957.24"
"11/06/2025","Buy","AFRM","AFFIRM HLDGS INC CLASS A","200","$73.9698","","-$14793.96"
"11/06/2025","Buy","NVDA","NVIDIA CORP","20","$188.84","","-$3776.80"
"11/06/2025","Sell","DDOG","DATADOG INC CLASS A","200","$191.00","$0.03","$38199.97"
"11/06/2025","Buy","DDOG","DATADOG INC CLASS A","200","$190.56","","-$38112.00"
"11/06/2025","Buy","NVDA","NVIDIA CORP","100","$197.6164","","-$19761.64"
"11/06/2025","Buy","OSCR","OSCAR HEALTH INC CLASS CLASS A","300","$18.01","","-$5403.00"
"11/05/2025","Buy","KVYO","KLAVIYO INC","200","$27.50","","-$5500.00"
"11/05/2025","Sell","AFRM","AFFIRM HLDGS INC CLASS A","200","$71.1501","$0.03","$14229.99"
"11/05/2025","Buy","SNOW","SNOWFLAKE INC","60","$267.42","","-$16045.20"
"11/05/2025","Buy","ZETA","ZETA GLOBAL HLDGS CORP CLASS A","100","$18.7976","","-$1879.76"
"11/05/2025","Buy","SOFI","SOFI TECHNOLOGIES INC","200","$28.6088","","-$5721.76"
"11/05/2025","Sell","COIN","COINBASE GLOBAL INC CLASS A","50","$301.32","$0.01","$15065.99"
"11/05/2025","Sell","SNOW","SNOWFLAKE INC","60","$260.94","$0.01","$15656.39"
"11/05/2025","Sell","COIN","COINBASE GLOBAL INC CLASS A","50","$304.6902","$0.01","$15234.50"
"11/04/2025","Buy","UAL","UNITED AIRLINES HLDG","50","$91.13","","-$4556.50"
"11/04/2025","Buy","COIN","COINBASE GLOBAL INC CLASS A","100","$315.00","","-$31500.00"
"11/04/2025","Sell","NVDA","NVIDIA CORP","50","$202.78","$0.01","$10138.99"
"11/04/2025","Sell","PLTR","PALANTIR TECHNOLOGIES INCLASS CLASS A","25","$197.2072","","$4930.18"
"11/04/2025","Sell","PLTR","PALANTIR TECHNOLOGIES INCLASS CLASS A","30","$198.81","","$5964.30"
"11/03/2025","Buy","PLTR","PALANTIR TECHNOLOGIES INCLASS CLASS A","30","$208.00","","-$6240.00"
"11/03/2025","Sell","COIN","COINBASE GLOBAL INC CLASS A","50","$330.31","$0.01","$16515.49"
"11/03/2025","Sell","COIN","COINBASE GLOBAL INC CLASS A","50","$340.37","$0.01","$17018.49"
"10/31/2025","Buy","AFRM","AFFIRM HLDGS INC CLASS A","200","$70.2369","","-$14047.38"
"10/30/2025","Buy","COIN","COINBASE GLOBAL INC CLASS A","100","$337.90","","-$33790.00"
"10/30/2025","Sell","NVDA","NVIDIA CORP","100","$202.84","$0.02","$20283.98"
"10/29/2025","Sell","AFRM","AFFIRM HLDGS INC CLASS A","100","$74.02","$0.02","$7401.98"
"10/28/2025","Buy","NVDA","NVIDIA CORP","50","$202.0899","","-$10104.50"
"10/28/2025","Buy","SNOW","SNOWFLAKE INC","50","$268.73","","-$13436.50"
"10/28/2025","Buy","UAL","UNITED AIRLINES HLDG","50","$97.665","","-$4883.25"
"10/27/2025","MoneyLink Transfer","","Tfr BANK OF AMERICA, N, JIA NI","","","","-$20000.00"
"10/27/2025","Buy","NVDA","NVIDIA CORP","100","$189.59","","-$18959.00"
"10/24/2025","Sell","AFRM","AFFIRM HLDGS INC CLASS A","100","$76.1706","$0.02","$7617.04"
"10/24/2025","Sell","TSLA","TESLA INC","1","$440.0251","","$440.03"
"10/24/2025","Buy","ZETA","ZETA GLOBAL HLDGS CORP CLASS A","100","$19.0863","","-$1908.63"
"10/23/2025","Buy","KLAR","KLARNA GROUP PLC F","100","$37.1505","","-$3715.05"
"10/23/2025","Sell","COIN","COINBASE GLOBAL INC CLASS A","50","$323.3001","$0.01","$16165.00"
"10/23/2025","Buy","SNOW","SNOWFLAKE INC","20","$252.7812","","-$5055.62"
"10/22/2025","Sell","TSM","TAIWAN SEMICONDUCTOR M FSPONSORED ADR 1 ADR REPS 5 ORD SHS","20","$288.6101","","$5772.20"
"10/22/2025","Buy","COIN","COINBASE GLOBAL INC CLASS A","50","$317.05","","-$15852.50"
"10/22/2025","Buy","SNOW","SNOWFLAKE INC","50","$241.36","","-$12068.00"
"10/22/2025","Buy","UAL","UNITED AIRLINES HLDG","50","$97.53","","-$4876.50"
"10/22/2025","Sell","NVDA","NVIDIA CORP","50","$177.14","$0.01","$8856.99"
"10/22/2025","Sell","SOFI","SOFI TECHNOLOGIES INC","200","$27.076","$0.03","$5415.17"
"10/22/2025","Sell","UAL","UNITED AIRLINES HLDG","50","$98.98","$0.01","$4948.99"
"10/22/2025","Sell","SNOW","SNOWFLAKE INC","50","$242.23","$0.01","$12111.49"
"10/21/2025","Sell","NFLX","NETFLIX INC","29","$1171.40","","$33970.60"
"10/21/2025","Buy","KVYO","KLAVIYO INC","200","$25.67","","-$5134.00"
"10/20/2025","Buy","BAND","BANDWIDTH INC CLASS A","200","$16.00","","-$3200.00"
"10/20/2025","Buy","KVYO","KLAVIYO INC","100","$24.20","","-$2420.00"
"10/20/2025","Buy","ZETA","ZETA GLOBAL HLDGS CORP CLASS A","100","$18.54","","-$1854.00"
"10/17/2025","Sell","PLTR","PALANTIR TECHNOLOGIES INCLASS A","50","$174.7696","$0.01","$8738.47"
"10/16/2025","Sell","QBTS","D-WAVE QUANTUM INC","1","$41.09","","$41.09"
"10/16/2025","Buy","UAL","UNITED AIRLINES HLDG","50","$97.41","","-$4870.50"
"10/16/2025","Buy","RGTI","RIGETTI COMPUTING INC","100","$48.50","","-$4850.00"
"10/16/2025","Buy","SNOW","SNOWFLAKE INC","30","$240.1506","","-$7204.52"
"10/16/2025","Sell","AFRM","AFFIRM HLDGS INC CLASS A","150","$69.75","$0.02","$10462.48"
"10/16/2025","Sell Short","RGTI","RIGETTI COMPUTING INC","100","$48.58","$0.02","$4857.98"
"10/16/2025 as of 10/15/2025","Bank Interest","","BANK INT ...525 TD BANK USA NA","","","","$1.61"
"10/15/2025","Sell","NVDA","NVIDIA CORP","100","$178.154","$0.02","$17815.38"
"10/15/2025","Sell","QBTS","D-WAVE QUANTUM INC","24","$41.69","","$1000.56"
"10/15/2025","Buy","OKLO","OKLO INC CLASS A","25","$164.50","","-$4112.50"
"10/15/2025","Sell Short","OKLO","OKLO INC CLASS A","25","$164.78","","$4119.50"
"10/13/2025","Buy","AFRM","AFFIRM HLDGS INC CLASS A","100","$73.2416","","-$7324.16"
"10/13/2025","Buy","PLTR","PALANTIR TECHNOLOGIES INCLASS A","75","$179.59","","-$13469.25"
"10/10/2025","Buy","TSM","TAIWAN SEMICONDUCTOR M FSPONSORED ADR 1 ADR REPS 5 ORD SHS","20","$280.49","","-$5609.80"
"10/10/2025","Buy","SOFI","SOFI TECHNOLOGIES INC","100","$27.025","","-$2702.50"
"10/10/2025","Buy","AFRM","AFFIRM HLDGS INC CLASS A","40","$72.33","","-$2893.20"
"10/10/2025","Sell","QBTS","D-WAVE QUANTUM INC","100","$33.73","$0.02","$3372.98"
"10/10/2025","Sell","PLTR","PALANTIR TECHNOLOGIES INCLASS A","25","$180.87","","$4521.75"
"10/10/2025","Sell","COIN","COINBASE GLOBAL INC CLASS A","10","$368.27","","$3682.70"
"10/10/2025","Sell","SNOW","SNOWFLAKE INC","20","$246.5381","","$4930.76"
"10/10/2025","Sell","PLTR","PALANTIR TECHNOLOGIES INCLASS A","25","$182.06","","$4551.50"
"10/10/2025","Sell","COIN","COINBASE GLOBAL INC CLASS A","25","$369.96","","$9249.00"
"10/10/2025","Sell","ROKU","ROKU INC CLASS A","100","$94.5231","$0.02","$9452.29"
"10/10/2025","Sell","AVGO","BROADCOM INC","10","$340.94","","$3409.40"
"10/10/2025","Sell","TWLO","TWILIO INC CLASS A","105","$111.9551","$0.02","$11755.27"
"10/09/2025","Foreign Tax Paid","TSM","TAIWAN SEMICONDUCTOR M FSPONSORED ADR 1 ADR REPS 5 ORD SHS","","","","-$46.61"
"10/09/2025","Qualified Dividend","TSM","TAIWAN SEMICONDUCTOR M FSPONSORED ADR 1 ADR REPS 5 ORD SHS","","","","$221.93"
"10/09/2025","Buy","ZETA","ZETA GLOBAL HLDGS CORP CLASS A","400","$21.00","","-$8400.00"
"10/08/2025","Sell","QBTS","D-WAVE QUANTUM INC","125","$33.63","$0.02","$4203.73"
"10/08/2025","Buy","KVYO","KLAVIYO INC","100","$26.2193","","-$2621.93"
"10/08/2025","Buy","SNOW","SNOWFLAKE INC","10","$245.17","","-$2451.70"
"10/07/2025","Buy","AVGO","BROADCOM INC","10","$331.00","","-$3310.00"
"10/07/2025","Sell","COIN","COINBASE GLOBAL INC CLASS A","35","$366.81","$0.01","$12838.34"
"10/07/2025","Sell","FUTU","FUTU HLDGS LTD FUNSPONSORED ADR 1 ADR REPS 8 ORD SHS","1","$173.05","","$173.05"
"10/07/2025","Sell","BABA","ALIBABA GROUP HLDG LTD FSPONSORED ADR 1 ADR REPS 8 ORD SHS","1","$184.025","","$184.03"
"10/07/2025","Sell","COIN","COINBASE GLOBAL INC CLASS A","35","$375.50","$0.01","$13142.49"
"10/07/2025","Sell","AVGO","BROADCOM INC","14","$335.385","","$4695.39"
"10/07/2025","Buy","TWLO","TWILIO INC CLASS A","25","$110.0987","","-$2752.47"
"10/06/2025","Buy","SOFI","SOFI TECHNOLOGIES INC","100","$26.20","","-$2620.00"
"10/03/2025","Buy","PLTR","PALANTIR TECHNOLOGIES INCLASS A","50","$180.58","","-$9029.00"
"10/03/2025","Buy","KVYO","KLAVIYO INC","200","$26.5573","","-$5311.46"
"10/02/2025","Buy","SNOW","SNOWFLAKE INC","30","$241.61","","-$7248.30"
"10/02/2025","Qualified Dividend","NVDA","NVIDIA CORP","","","","$1.70"
"10/01/2025","Buy","AVGO","BROADCOM INC","10","$332.2783","","-$3322.78"
"10/01/2025","Buy","AFRM","AFFIRM HLDGS INC CLASS A","100","$74.30","","-$7430.00"
"09/30/2025","Qualified Dividend","AVGO","BROADCOM INC","","","","$2.95"
"09/25/2025","Sell","ROKU","ROKU INC CLASS A","100","$96.40","$0.02","$9639.98"
"09/25/2025","Sell","QBTS","D-WAVE QUANTUM INC","250","$26.03","$0.04","$6507.46"
"09/24/2025","Buy","COIN","COINBASE GLOBAL INC CLASS A","10","$323.81","","-$3238.10"
"09/24/2025","Buy","AFRM","AFFIRM HLDGS INC CLASS A","100","$83.96","","-$8396.00"
"09/23/2025","Sell","SNOW","SNOWFLAKE INC","80","$224.325","$0.01","$17945.99"
"09/22/2025","Sell","DDOG","DATADOG INC CLASS A","104","$138.905","$0.02","$14446.10"
"09/22/2025","Sell","QBTS","D-WAVE QUANTUM INC","500","$24.5186","$0.08","$12259.22"
"09/19/2025","Sell","QBTS","D-WAVE QUANTUM INC","300","$23.1427","$0.05","$6942.76"
"09/18/2025","Sell","KKR","KKR & CO INC","1","$149.20","","$149.20"
"09/18/2025","MoneyLink Transfer","","Tfr Bank of America, N, JIA NI","","","","-$30000.00"
"09/18/2025","Buy","SNOW","SNOWFLAKE INC","80","$221.09","","-$17687.20"
"09/18/2025","Buy","TWLO","TWILIO INC CLASS A","30","$105.28","","-$3158.40"
"09/17/2025","Sell","AFRM","AFFIRM HLDGS INC CLASS A","100","$89.565","$0.02","$8956.48"
"09/17/2025","Buy","KVYO","KLAVIYO INC","200","$34.40","","-$6880.00"
"09/17/2025","Sell","PLTR","PALANTIR TECHNOLOGIES INCLASS A","130","$162.0715","$0.02","$21069.28"
"09/16/2025 as of 09/15/2025","Bank Interest","","BANK INT ...525 TD BANK USA NA","","","","$1.83"
"09/15/2025","Qualified Dividend","GOOG","ALPHABET INC CLASS C","","","","$44.10"
"09/11/2025","Sell","AFRM","AFFIRM HLDGS INC CLASS A","200","$82.495","$0.03","$16498.97"
"09/10/2025","Buy","COIN","COINBASE GLOBAL INC CLASS A","30","$319.7999","","-$9594.00"
"09/09/2025","Buy","AFRM","AFFIRM HLDGS INC CLASS A","100","$88.7285","","-$8872.85"
"09/09/2025","Buy","COIN","COINBASE GLOBAL INC CLASS A","30","$311.6059","","-$9348.18"
"09/09/2025","MoneyLink Transfer","","Tfr BANK OF AMERICA, N, JIA NI","","","","-$30000.00"
"09/05/2025","Buy","AMD","ADVANCED MICRO DEVIC","50","$151.08","","-$7554.00"
"09/05/2025","Sell Short","AMD","ADVANCED MICRO DEVIC","50","$150.70","$0.01","$7534.99"
"09/05/2025","Sell","AFRM","AFFIRM HLDGS INC CLASS A","100","$88.5588","$0.02","$8855.86"
"09/05/2025","Sell","AVGO","BROADCOM INC","30","$335.55","","$10066.50"
"09/05/2025","Sell","NVDA","NVIDIA CORP","200","$167.165","$0.03","$33432.97"
"09/05/2025","Buy","QBTS","D-WAVE QUANTUM INC","300","$15.3799","","-$4613.97"
"09/05/2025","Buy","AFRM","AFFIRM HLDGS INC CLASS A","200","$91.1999","","-$18239.98"
"09/05/2025","Buy","AVGO","BROADCOM INC","35","$324.65","","-$11362.75"
"09/04/2025","Buy","AMD","ADVANCED MICRO DEVIC","100","$161.76","","-$16176.00"
"09/04/2025","Sell Short","AMD","ADVANCED MICRO DEVIC","100","$161.48","$0.02","$16147.98"
"09/04/2025","Sell","SNOW","SNOWFLAKE INC","25","$217.00","","$5425.00"
"09/03/2025","Buy","AFRM","AFFIRM HLDGS INC CLASS A","120","$82.6743","","-$9920.92"
"09/02/2025","Sell","AFRM","AFFIRM HLDGS INC CLASS A","30","$85.4363","","$2563.09"
"09/02/2025","Sell","BABA","ALIBABA GROUP HLDG LTD FSPONSORED ADR 1 ADR REPS 8 ORD SHS","200","$135.0301","$0.03","$27005.99"
"09/02/2025","Sell","ZETA","ZETA GLOBAL HLDGS CORP CLASS A","100","$18.8901","$0.02","$1888.99"
"08/29/2025","Buy","PLTR","PALANTIR TECHNOLOGIES INCLASS A","30","$156.7197","","-$4701.59"
"08/29/2025","Sell","ROKU","ROKU INC CLASS A","100","$96.08","$0.02","$9607.98"
"08/29/2025","Sell","AFRM","AFFIRM HLDGS INC CLASS A","50","$88.0352","$0.01","$4401.75"
"08/29/2025","Sell","SNOW","SNOWFLAKE INC","25","$235.14","","$5878.50"
"08/29/2025","Buy","BABA","ALIBABA GROUP HLDG LTD FSPONSORED ADR 1 ADR REPS 8 ORD SHS","100","$119.65","","-$11965.00"
"08/28/2025","Sell","EDU","NEW ORIENTAL ED & TECH FSPONSORED ADR 1 ADR REPS 10 ORD SHS","131","$47.2897","$0.02","$6194.93"
"08/28/2025","Sell","SNOW","SNOWFLAKE INC","50","$235.6546","$0.01","$11782.72"
"08/27/2025","Buy","NVDA","NVIDIA CORP","100","$176.7599","","-$17675.99"
"08/27/2025","Buy","NVDA","NVIDIA CORP","100","$176.74","","-$17674.00"
"08/27/2025","Sell","BABA","ALIBABA GROUP HLDG LTD FSPONSORED ADR 1 ADR REPS 8 ORD SHS","100","$121.53","$0.02","$12152.98"
"08/26/2025","Qualified Dividend","KKR","KKR & CO INC","","","","$0.19"
"08/22/2025","Buy","NVDA","NVIDIA CORP","100","$176.61","","-$17661.00"
"08/22/2025","Buy","NFLX","NETFLIX INC","10","$1210.52","","-$12105.20"
"08/22/2025","Buy","PLTR","PALANTIR TECHNOLOGIES INCLASS A","100","$158.145","","-$15814.50"
"08/21/2025","Buy","ZETA","ZETA GLOBAL HLDGS CORP CLASS A","100","$18.1951","","-$1819.51"
"08/21/2025","Sell","FUTU","FUTU HLDGS LTD FUNSPONSORED ADR 1 ADR REPS 8 ORD SHS","100","$176.5025","$0.02","$17650.23"
"08/20/2025","Buy","AFRM","AFFIRM HLDGS INC CLASS A","100","$73.2836","","-$7328.36"
"08/20/2025","Buy","FUTU","FUTU HLDGS LTD FUNSPONSORED ADR 1 ADR REPS 8 ORD SHS","100","$174.0999","","-$17409.99"
"08/19/2025","Buy","ZETA","ZETA GLOBAL HLDGS CORP CLASS A","1","$18.979","","-$18.98"
"08/19/2025","Sell","AFRM","AFFIRM HLDGS INC CLASS A","110","$75.095","$0.02","$8260.43"
"08/19/2025","Sell","ROKU","ROKU INC CLASS A","100","$90.1566","$0.02","$9015.64"
"08/18/2025 as of 08/15/2025","Bank Interest","","BANK INT ...525 TD BANK USA NA","","","","$1.71"
"08/15/2025","Buy","TWLO","TWILIO INC CLASS A","50","$106.955","","-$5347.75"
"08/12/2025","Buy","DDOG","DATADOG INC CLASS A","50","$129.67","","-$6483.50"
"08/12/2025","Buy","FUTU","FUTU HLDGS LTD FUNSPONSORED ADR 1 ADR REPS 8 ORD SHS","1","$167.14","","-$167.14"
"08/12/2025","Sell","KVYO","KLAVIYO INC","299","$30.255","$0.05","$9046.20"
"08/11/2025","Buy","SNOW","SNOWFLAKE INC","100","$196.02","","-$19602.00"
"08/08/2025","Buy","NFLX","NETFLIX INC","10","$1212.9999","","-$12130.00"
"08/08/2025","Sell","KVYO","KLAVIYO INC","500","$33.543","$0.08","$16771.42"
"08/08/2025","Sell","AFRM","AFFIRM HLDGS INC CLASS A","200","$75.9001","$0.03","$15179.99"
"08/07/2025","Sell","KVYO","KLAVIYO INC","500","$35.09","$0.08","$17544.92"
"08/07/2025","Buy","NVDA","NVIDIA CORP","30","$181.50","","-$5445.00"
"08/04/2025","Buy","DDOG","DATADOG INC CLASS A","50","$137.0636","","-$6853.18"
"08/01/2025","Sell","SHOP","SHOPIFY INC FCLASS A","10","$117.03","","$1170.30"
"08/01/2025","Sell","SNOW","SNOWFLAKE INC","10","$209.0101","","$2090.10"
"08/01/2025","Sell","SNOW","SNOWFLAKE INC","100","$209.96","$0.02","$20995.98"
"07/31/2025","Sell","DDOG","DATADOG INC CLASS A","45","$139.51","$0.01","$6277.94"
"07/31/2025","Sell","COIN","COINBASE GLOBAL INC CLASS A","50","$352.6888","$0.01","$17634.43"
"07/30/2025","Buy","NVDA","NVIDIA CORP","30","$177.21","","-$5316.30"
"07/30/2025","Buy","COIN","COINBASE GLOBAL INC CLASS A","15","$372.954","","-$5594.31"
"07/29/2025","Sell","ROKU","ROKU INC CLASS A","100","$91.17","$0.02","$9116.98"
"07/29/2025","Sell","HUBS","HUBSPOT INC","20","$558.71","","$11174.20"
"07/28/2025","MoneyLink Transfer","","Tfr BANK OF AMERICA, N, JIA NI","","","","-$30000.00"
"07/24/2025","Sell","QBTS","D-WAVE QUANTUM INC","500","$20.015","$0.08","$10007.42"
"07/24/2025","Sell","TEAM","ATLASSIAN CORP CLASS A","60","$200.9677","$0.01","$12058.05"
"07/22/2025","Buy","COIN","COINBASE GLOBAL INC CLASS A","20","$405.3532","","-$8107.06"
"07/22/2025","Buy","QBTS","D-WAVE QUANTUM INC","200","$17.5182","","-$3503.64"
"07/18/2025","Sell","NFLX","NETFLIX INC","6","$1210.86","","$7265.16"
"07/17/2025","Buy","COIN","COINBASE GLOBAL INC CLASS A","50","$416.9093","","-$20845.47"
"07/17/2025","Sell","QBTS","D-WAVE QUANTUM INC","300","$19.3648","$0.05","$5809.39"
"07/17/2025","Buy","NFLX","NETFLIX INC","15","$1272.45","","-$19086.75"
"07/17/2025","Sell","QBTS","D-WAVE QUANTUM INC","800","$19.24","$0.13","$15391.87"
"07/17/2025","Buy","KKR","KKR & CO INC","1","$146.677","","-$146.68"
"07/16/2025","Buy","DDOG","DATADOG INC CLASS A","50","$139.3509","","-$6967.55"
"07/16/2025 as of 07/15/2025","Bank Interest","","BANK INT ...525 TD BANK USA NA","","","","$1.38"
"07/14/2025","Buy","TEAM","ATLASSIAN CORP CLASS A","60","$192.3428","","-$11540.57"
"07/14/2025","Sell","AFRM","AFFIRM HLDGS INC CLASS A","300","$62.8601","$0.05","$18857.98"
"07/10/2025","Qualified Dividend","BABA","ALIBABA GROUP HLDG LTD FSPONSORED ADR 1 ADR REPS 8 ORD SHS","","","","$211.05"
"07/10/2025","ADR Mgmt Fee","BABA","ALIBABA GROUP HLDG LTD FSPONSORED ADR 1 ADR REPS 8 ORD SHS","","","","-$4.02"
"07/10/2025","Foreign Tax Paid","TSM","TAIWAN SEMICONDUCTOR M FSPONSORED ADR 1 ADR REPS 5 ORD SHS","","","","-$44.24"
"07/10/2025","Qualified Dividend","TSM","TAIWAN SEMICONDUCTOR M FSPONSORED ADR 1 ADR REPS 5 ORD SHS","","","","$210.68"
"07/10/2025","Special Qual Div","BABA","ALIBABA GROUP HLDG LTD FSPONSORED ADR 1 ADR REPS 8 ORD SHS","","","","$190.95"
"07/03/2025","Qualified Dividend","NVDA","NVIDIA CORP","","","","$0.10"
"06/24/2025","Buy","HUBS","HUBSPOT INC","20","$552.71","","-$11054.20"
"06/23/2025","Sell","COIN","COINBASE GLOBAL INC CLASS A","100","$300.171","$0.02","$30017.08"
"06/18/2025","Buy","COIN","COINBASE GLOBAL INC CLASS A","100","$254.1246","","-$25412.46"
"06/16/2025","Qualified Dividend","GOOG","ALPHABET INC CLASS C","","","","$54.60"
"06/16/2025 as of 06/15/2025","Bank Interest","","BANK INT ...525 TD BANK USA NA","","","","$2.20"
"06/13/2025","Buy","QBTS","D-WAVE QUANTUM INC","300","$15.04","","-$4512.00"
"06/11/2025","Buy","SOFI","SOFI TECHNOLOGIES INC","400","$14.70","","-$5880.00"
"06/11/2025","Buy","SNOW","SNOWFLAKE INC CLASS A","50","$208.935","","-$10446.75"
"06/11/2025","Buy","QBTS","D-WAVE QUANTUM INC","300","$17.4993","","-$5249.79"
"06/09/2025","Sell","ROKU","ROKU INC CLASS A","140","$79.47","$0.02","$11125.78"
"06/09/2025","Sell","KVYO","KLAVIYO INC","150","$34.71","$0.02","$5206.48"
"06/09/2025","Sell","GOOG","ALPHABET INC CLASS C","50","$177.7109","$0.01","$8885.54"
"06/09/2025","Sell","QBTS","D-WAVE QUANTUM INC","300","$17.975","$0.05","$5392.45"
"06/06/2025","Sell","ZETA","ZETA GLOBAL HLDGS CORP CLASS A","10","$13.835","","$138.35"
"06/06/2025","Buy","QBTS","D-WAVE QUANTUM INC","200","$16.50","","-$3300.00"
"06/05/2025","Sell","TSLA","TESLA INC","34","$297.2947","$0.01","$10108.01"
"06/05/2025","Sell","TSLA","TESLA INC","35","$315.311","$0.01","$11035.88"
"05/30/2025","Buy","QBTS","D-WAVE QUANTUM INC","500","$16.085","","-$8042.50"
"05/30/2025","Buy","SNOW","SNOWFLAKE INC CLASS A","25","$203.8287","","-$5095.72"
"05/30/2025","Sell","NVDA","NVIDIA CORP","100","$137.27","$0.02","$13726.98"
"05/29/2025","Buy","SNOW","SNOWFLAKE INC CLASS A","35","$201.99","","-$7069.65"
"05/29/2025","Sell","FUTU","FUTU HLDGS LTD FUNSPONSORED ADR 1 ADR REPS 8 ORD SHS","25","$113.40","","$2835.00"
"05/29/2025","Sell","KKR","KKR & CO INC","50","$121.60","$0.01","$6079.99"
"05/29/2025","Buy","QBTS","D-WAVE QUANTUM INC","300","$17.80","","-$5340.00"
"05/28/2025","Buy","NVDA","NVIDIA CORP","100","$141.30","","-$14130.00"
"05/27/2025","Buy","BABA","ALIBABA GROUP HLDG LTD FSPONSORED ADR 1 ADR REPS 8 ORD SHS","200","$120.25","","-$24050.00"
"05/27/2025","Buy","QBTS","D-WAVE QUANTUM INC","1,000","$19.23","","-$19230.00"
"05/23/2025","Buy","SNOW","SNOWFLAKE INC CLASS A","1","$200.00","","-$200.00"
"05/23/2025","Sell","NVDA","NVIDIA CORP","100","$129.34","$0.02","$12933.98"
"05/22/2025","Buy","SOFI","SOFI TECHNOLOGIES INC","1,000","$13.085","","-$13085.00"
"05/22/2025","Buy","KKR","KKR & CO INC","40","$118.07","","-$4722.80"
"05/22/2025","Buy","AFRM","AFFIRM HLDGS INC CLASS A","200","$48.93","","-$9786.00"
"05/21/2025","Buy","AFRM","AFFIRM HLDGS INC CLASS A","150","$49.085","","-$7362.75"
"05/21/2025","Sell","QBTS","D-WAVE QUANTUM INC","1,000","$16.93","$0.17","$16929.83"
"05/21/2025","Sell","QBTS","D-WAVE QUANTUM INC","600","$17.21","$0.10","$10325.90"
"05/21/2025","Buy","QBTS","D-WAVE QUANTUM INC","500","$18.45","","-$9225.00"
"05/20/2025","Sell","SHOP","SHOPIFY INC FCLASS A","90","$104.99","$0.01","$9449.09"
"05/20/2025","Buy","QBTS","D-WAVE QUANTUM INC","600","$14.88","","-$8928.00"
"05/16/2025","Buy","QBTS","D-WAVE QUANTUM INC","600","$12.305","","-$7382.99"
"05/16/2025 as of 05/15/2025","Bank Interest","","BANK INT ...525 TD BANK USA NA","","","","$3.38"
"05/15/2025","Sell","AFRM","AFFIRM HLDGS INC CLASS A","300","$52.6209","$0.05","$15786.22"
"05/15/2025","Sell","BABA","ALIBABA GROUP HLDG LTD FSPONSORED ADR 1 ADR REPS 8 ORD SHS","200","$123.6067","$0.03","$24721.31"
"05/15/2025","Sell","COIN","COINBASE GLOBAL INC CLASS A","35","$248.79","$0.01","$8707.64"
"05/15/2025","Sell","NVDA","NVIDIA CORP","100","$133.95","$0.02","$13394.98"
"05/14/2025","Buy","KKR","KKR & CO INC","10","$129.87","","-$1298.70"
"05/14/2025","Buy","BABA","ALIBABA GROUP HLDG LTD FSPONSORED ADR 1 ADR REPS 8 ORD SHS","200","$131.68","","-$26336.00"
"05/14/2025","Buy","NVDA","NVIDIA CORP","100","$132.29","","-$13229.00"
"05/13/2025","Sell","FUTU","FUTU HLDGS LTD FUNSPONSORED ADR 1 ADR REPS 8 ORD SHS","50","$110.40","$0.16","$5519.84"
"05/12/2025","Sell","BABA","ALIBABA GROUP HLDG LTD FSPONSORED ADR 1 ADR REPS 8 ORD SHS","200","$132.88","$0.77","$26575.23"
"05/12/2025","Buy","SHOP","SHOPIFY INC FCLASS A","100","$102.8886","","-$10288.86"
"05/12/2025","Buy","GOOG","ALPHABET INC CLASS C","100","$156.76","","-$15676.00"
"05/12/2025","Buy","BABA","ALIBABA GROUP HLDG LTD FSPONSORED ADR 1 ADR REPS 8 ORD SHS","50","$129.96","","-$6498.00"
"05/12/2025","Buy","AFRM","AFFIRM HLDGS INC CLASS A","150","$47.65","","-$7147.50"
"05/09/2025","Buy","BABA","ALIBABA GROUP HLDG LTD FSPONSORED ADR 1 ADR REPS 8 ORD SHS","50","$125.5581","","-$6277.90"
"05/09/2025","Buy","COIN","COINBASE GLOBAL INC CLASS A","35","$213.3512","","-$7467.29"
"05/09/2025","Buy","GOOG","ALPHABET INC CLASS C","35","$155.78","","-$5452.30"
"05/09/2025","ADR Mgmt Fee","FUTU","FUTU HLDGS LTD FUNSPONSORED ADR 1 ADR REPS 8 ORD SHS","","","","-$1.45"
"05/09/2025","ADR Mgmt Fee","BABA","ALIBABA GROUP HLDG LTD FSPONSORED ADR 1 ADR REPS 8 ORD SHS","","","","-$0.10"
"05/08/2025","Buy","BABA","ALIBABA GROUP HLDG LTD FSPONSORED ADR 1 ADR REPS 8 ORD SHS","100","$124.6092","","-$12460.92"
"05/06/2025","Buy","MSFT","MICROSOFT CORP","30","$433.9802","","-$13019.41"
"05/06/2025","Sell","NVDA","NVIDIA CORP","50","$112.3201","$0.17","$5615.84"
"05/06/2025","Sell Short","MSFT","MICROSOFT CORP","30","$432.6513","$0.36","$12979.18"
"05/02/2025","Sell","UAL","UNITED AIRLINES HLDG","50","$73.49","$0.11","$3674.39"
"05/02/2025","Buy","ROKU","ROKU INC CLASS A","80","$59.6603","","-$4772.82"
"05/01/2025","Buy","AFRM","AFFIRM HLDGS INC CLASS A","150","$50.89","","-$7633.50"
"04/30/2025","Sell","UAL","UNITED AIRLINES HLDG","150","$66.645","$0.30","$9996.45"
"04/30/2025","Sell","COIN","COINBASE GLOBAL INC CLASS A","30","$197.935","$0.17","$5937.88"
"04/28/2025","Sell","TSLA","TESLA INC","50","$275.465","$0.39","$13772.86"
"04/28/2025","Sell","BABA","ALIBABA GROUP HLDG LTD FSPONSORED ADR 1 ADR REPS 8 ORD SHS","200","$117.5904","$0.68","$23517.40"
"04/24/2025","Buy","AFRM","AFFIRM HLDGS INC CLASS A","270","$48.20","","-$13014.00"
"04/24/2025","Buy","NVDA","NVIDIA CORP","50","$105.3687","","-$5268.44"
"04/16/2025","Buy","BABA","ALIBABA GROUP HLDG LTD FSPONSORED ADR 1 ADR REPS 8 ORD SHS","200","$109.9953","","-$21999.06"
"04/16/2025 as of 04/15/2025","Bank Interest","","BANK INT ...525 TD BANK USA NA","","","","$3.06"
"04/15/2025","Qualified Dividend","OXY","OCCIDENTAL PETE CORP","","","","$2.40"
"04/14/2025","Buy","UAL","UNITED AIRLINES HLDG","200","$65.00","","-$13000.00"
"04/14/2025","Buy","NVDA","NVIDIA CORP","100","$114.76","","-$11476.00"
"04/10/2025","Foreign Tax Paid","TSM","TAIWAN SEMICONDUCTOR M FSPONSORED ADR 1 ADR REPS 5 ORD SHS","","","","-$49.81"
"04/10/2025","Qualified Dividend","TSM","TAIWAN SEMICONDUCTOR M FSPONSORED ADR 1 ADR REPS 5 ORD SHS","","","","$237.19"
"04/10/2025","Sell","UAL","UNITED AIRLINES HLDG","200","$65.65","$0.40","$13129.60"
"04/10/2025","Sell","BABA","ALIBABA GROUP HLDG LTD FSPONSORED ADR 1 ADR REPS 8 ORD SHS","100","$106.1649","$0.32","$10616.17"
"04/09/2025","Buy","BABA","ALIBABA GROUP HLDG LTD FSPONSORED ADR 1 ADR REPS 8 ORD SHS","100","$104.5601","","-$10456.01"
"04/09/2025","Buy","KVYO","KLAVIYO INC","500","$29.155","","-$14577.50"
"04/09/2025","Buy","GOOG","ALPHABET INC CLASS C","75","$158.1942","","-$11864.57"
"04/09/2025","Sell","SHOP","SHOPIFY INC FCLASS A","200","$78.00","$0.46","$15599.54"
"04/08/2025","Buy","UAL","UNITED AIRLINES HLDG","200","$60.00","","-$12000.00"
"04/08/2025","Buy","KVYO","KLAVIYO INC","200","$27.8416","","-$5568.32"
"04/07/2025","Buy","SHOP","SHOPIFY INC FCLASS A","200","$80.5583","","-$16111.66"
"04/07/2025","Buy","ROKU","ROKU INC CLASS A","100","$56.00","","-$5600.00"
"04/07/2025","Sell","AMZN","AMAZON.COM INC","100","$162.8596","$0.47","$16285.49"
"04/07/2025","Sell","AMZN","AMAZON.COM INC","100","$162.69","$0.47","$16268.53"
"04/07/2025","Sell","TSM","TAIWAN SEMICONDUCTOR M FSPONSORED ADR 1 ADR REPS 5 ORD SHS","80","$137.1024","$0.31","$10967.88"
"04/07/2025","Sell","SOFI","SOFI TECHNOLOGIES INC","500","$8.47","$0.20","$4234.80"
"04/07/2025","Sell","META","META PLATFORMS INC CLASS A","25","$478.40","$0.33","$11959.67"
"04/07/2025","Sell","META","META PLATFORMS INC CLASS A","25","$478.00","$0.33","$11949.67"
"04/04/2025","Sell","FUTU","FUTU HLDGS LTD FUNSPONSORED ADR 1 ADR REPS 8 ORD SHS","75","$89.7467","$0.20","$6730.80"
"04/04/2025","Sell","PLTR","PALANTIR TECHNOLOGIES INCLASS A","9","$79.255","$0.02","$713.27"
"04/04/2025","Sell","SNOW","SNOWFLAKE INC CLASS A","10","$131.581","$0.04","$1315.77"
"04/04/2025","Sell","OXY","OCCIDENTAL PETE CORP","10","$41.6367","$0.01","$416.36"
"04/04/2025","Sell","COIN","COINBASE GLOBAL INC CLASS A","30","$162.0003","$0.14","$4859.87"
"04/04/2025","Sell","BABA","ALIBABA GROUP HLDG LTD FSPONSORED ADR 1 ADR REPS 8 ORD SHS","4","$116.75","$0.01","$466.99"
"04/02/2025","Sell","FUTU","FUTU HLDGS LTD FUNSPONSORED ADR 1 ADR REPS 8 ORD SHS","150","$97.5833","$0.43","$14637.07"
"04/02/2025","Sell","NVDA","NVIDIA CORP","100","$105.55","$0.31","$10554.69"
"04/02/2025","Qualified Dividend","NVDA","NVIDIA CORP","","","","$1.10"
"03/24/2025","Buy","KVYO","KLAVIYO INC","150","$33.7936","","-$5069.04"
"03/17/2025","Sell","AFRM","AFFIRM HLDGS INC CLASS A","500","$43.5368","$0.69","$21767.71"
"03/17/2025","Buy","META","META PLATFORMS INC CLASS A","50","$609.00","","-$30450.00"
"03/17/2025","Qualified Dividend","GOOG","ALPHABET INC CLASS C","","","","$10.00"
"03/17/2025 as of 03/15/2025","Bank Interest","","BANK INT ...525 TD BANK USA NA","","","","$2.13"
"03/14/2025","Buy","COIN","COINBASE GLOBAL INC CLASS A","60","$180.00","","-$10800.00"
"03/13/2025","Sell","TSLA","TESLA INC","50","$233.715","$0.33","$11685.42"
"03/12/2025","Buy","FUTU","FUTU HLDGS LTD FUNSPONSORED ADR 1 ADR REPS 8 ORD SHS","50","$111.00","","-$5550.00"
"03/10/2025","Buy","ROKU","ROKU INC CLASS A","50","$71.45","","-$3572.50"
"03/10/2025","Buy","KVYO","KLAVIYO INC","50","$31.6609","","-$1583.05"
"03/10/2025","Buy","FUTU","FUTU HLDGS LTD FUNSPONSORED ADR 1 ADR REPS 8 ORD SHS","50","$105.65","","-$5282.50"
"03/10/2025","Sell","NVDA","NVIDIA CORP","100","$106.6201","$0.32","$10661.69"
"03/10/2025","Sell","AMD","ADVANCED MICRO DEVICE IN","50","$97.87","$0.15","$4893.35"
"03/10/2025","Sell","BABA","ALIBABA GROUP HLDG LTD FSPONSORED ADR 1 ADR REPS 8 ORD SHS","110","$133.80","$0.43","$14717.57"
"03/07/2025","Buy","ROKU","ROKU INC CLASS A","75","$75.46","","-$5659.50"
"03/07/2025","Sell","UAL","UNITED AIRLINES HLDGS","100","$82.01","$0.25","$8200.75"
"03/07/2025","Journal","","JOURNAL TO ...819","","","","-$40000.00"
"03/07/2025","Sell","PLTR","PALANTIR TECHNOLOGIES INCLASS A","200","$80.00","$0.47","$15999.53"
"03/07/2025","Sell","SOFI","SOFI TECHNOLOGIES INC","500","$12.315","$0.25","$6157.25"
"03/05/2025","Buy","UAL","UNITED AIRLINES HLDGS","100","$91.365","","-$9136.50"
"03/05/2025","Buy","AMZN","AMAZON.COM INC","50","$208.63","","-$10431.50"
"03/05/2025","Buy","SOFI","SOFI TECHNOLOGIES INC","1,000","$13.3954","","-$13395.40"
"03/05/2025","Buy","GOOG","ALPHABET INC CLASS C","50","$174.75","","-$8737.50"
"03/05/2025","Buy","FUTU","FUTU HLDGS LTD FUNSPONSORED ADR 1 ADR REPS 8 ORD SHS","200","$117.77","","-$23554.00"
"03/04/2025","Buy","PLTR","PALANTIR TECHNOLOGIES INCLASS A","200","$84.4799","","-$16895.98"
"03/04/2025","Sell","AFRM","AFFIRM HLDGS INC CLASS A","150","$56.3595","$0.26","$8453.67"
"03/04/2025","Sell","OXY","OCCIDENTAL PETE CORP","190","$45.9506","$0.27","$8730.34"
"03/04/2025","Sell","BABA","ALIBABA GROUP HLDG LTD FSPONSORED ADR 1 ADR REPS 8 ORD SHS","150","$129.6701","$0.56","$19449.96"
"03/04/2025","Sell","NVDA","NVIDIA CORP","150","$111.8801","$0.49","$16781.53"
"02/28/2025","Sell","SNOW","SNOWFLAKE INC CLASS A","50","$171.933","$0.25","$8596.40"
"02/27/2025","Sell","SNOW","SNOWFLAKE INC CLASS A","100","$176.325","$0.51","$17631.99"
"02/26/2025","Buy","SNOW","SNOWFLAKE INC CLASS A","50","$183.9899","","-$9199.50"
"02/26/2025","Buy","TSLA","TESLA INC","20","$292.235","","-$5844.70"
"02/26/2025","Sell","ZETA","ZETA GLOBAL HLDGS CORP CLASS A","490","$18.00","$0.33","$8819.67"
"02/25/2025","Sell","AMD","ADVANCED MICRO DEVICE IN","100","$104.1025","$0.31","$10409.94"
"02/24/2025","Buy","ROKU","ROKU INC CLASS A","100","$89.5984","","-$8959.84"
"02/24/2025","Buy","NVDA","NVIDIA CORP","50","$134.57","","-$6728.50"
"02/24/2025","Buy","TSM","TAIWAN SEMICONDUCTOR M FSPONSORED ADR 1 ADR REPS 5 ORD SHS","50","$194.02","","-$9701.00"
"02/24/2025","Sell","BABA","ALIBABA GROUP HLDG LTD FSPONSORED ADR 1 ADR REPS 8 ORD SHS","200","$129.52","$0.75","$25903.25"
"02/24/2025","Sell","BABA","ALIBABA GROUP HLDG LTD FSPONSORED ADR 1 ADR REPS 8 ORD SHS","100","$133.00","$0.39","$13299.61"
"02/24/2025","Sell","BABA","ALIBABA GROUP HLDG LTD FSPONSORED ADR 1 ADR REPS 8 ORD SHS","100","$134.2238","$0.39","$13421.99"
"02/24/2025","Sell","PLTR","PALANTIR TECHNOLOGIES INCLASS A","200","$96.8975","$0.57","$19378.94"
"02/21/2025","Buy","KVYO","KLAVIYO INC","100","$41.44","","-$4144.00"
"02/20/2025","Buy","PLTR","PALANTIR TECHNOLOGIES INCLASS A","200","$106.7549","","-$21350.98"
"02/20/2025","Sell","SOFI","SOFI TECHNOLOGIES INC","590","$15.4251","$0.35","$9100.46"
"02/19/2025","Sell","PLTR","PALANTIR TECHNOLOGIES INCLASS A","240","$113.75","$0.80","$27299.20"
"02/19/2025","Sell","PLTR","PALANTIR TECHNOLOGIES INCLASS A","50","$123.74","$0.18","$6186.82"
"02/19/2025","Sell","META","META PLATFORMS INC CLASS A","50","$705.70","$0.99","$35284.01"
"02/19/2025","Buy","META","META PLATFORMS INC CLASS A","50","$705.61","","-$35280.50"
"02/19/2025","Buy","OXY","OCCIDENTAL PETE CORP","200","$51.895","","-$10379.00"
"02/19/2025","Journal","UAL","UNITED AIRLINES HLDGS","-1","","",""
"02/19/2025","Journal","UAL","UNITED AIRLINES HLDGS","1","","",""
"02/19/2025","Journal","TSLA","TESLA INC","-151","","",""
"02/19/2025","Journal","TSLA","TESLA INC","151","","",""
"02/19/2025","Journal","TSM","TAIWAN SEMICONDUCTOR M FSPONSORED ADR 1 ADR REPS 5 ORD SHS","-300","","",""
"02/19/2025","Journal","TSM","TAIWAN SEMICONDUCTOR M FSPONSORED ADR 1 ADR REPS 5 ORD SHS","300","","",""
"02/19/2025","Journal","SOFI","SOFI TECHNOLOGIES INC","-600","","",""
"02/19/2025","Journal","SOFI","SOFI TECHNOLOGIES INC","600","","",""
"02/19/2025","Journal","SNOW","SNOWFLAKE INC CLASS A","-10","","",""
"02/19/2025","Journal","SNOW","SNOWFLAKE INC CLASS A","10","","",""
"02/19/2025","Journal","PLTR","PALANTIR TECHNOLOGIES INCLASS A","-300","","",""
"02/19/2025","Journal","PLTR","PALANTIR TECHNOLOGIES INCLASS A","300","","",""
"02/19/2025","Journal","NVDA","NVIDIA CORP","-310","","",""
"02/19/2025","Journal","NVDA","NVIDIA CORP","310","","",""
"02/19/2025","Journal","EDU","NEW ORIENTAL ED & TECH FSPONSORED ADR 1 ADR REPS 10 ORD SHS","-131","","",""
"02/19/2025","Journal","EDU","NEW ORIENTAL ED & TECH FSPONSORED ADR 1 ADR REPS 10 ORD SHS","131","","",""
"02/19/2025","Journal","NFLX","NETFLIX INC","-1","","",""
"02/19/2025","Journal","NFLX","NETFLIX INC","1","","",""
"02/19/2025","Journal","U","UNITY SOFTWARE INC","-1","","",""
"02/19/2025","Journal","U","UNITY SOFTWARE INC","1","","",""
"02/19/2025","Journal","KVYO","KLAVIYO INC","-450","","",""
"02/19/2025","Journal","KVYO","KLAVIYO INC","450","","",""
"02/19/2025","Journal","ROKU","ROKU INC CLASS A","-700","","",""
"02/19/2025","Journal","ROKU","ROKU INC CLASS A","700","","",""
"02/19/2025","Journal","COIN","COINBASE GLOBAL INC CLASS A","-1","","",""
"02/19/2025","Journal","COIN","COINBASE GLOBAL INC CLASS A","1","","",""
"02/19/2025","Journal","BAND","BANDWIDTH INC CLASS A","-1","","",""
"02/19/2025","Journal","BAND","BANDWIDTH INC CLASS A","1","","",""
"02/19/2025","Journal","AMZN","AMAZON.COM INC","-420","","",""
"02/19/2025","Journal","AMZN","AMAZON.COM INC","420","","",""
"02/19/2025","Journal","BABA","ALIBABA GROUP HLDG LTD FSPONSORED ADR 1 ADR REPS 8 ORD SHS","-665","","",""
"02/19/2025","Journal","BABA","ALIBABA GROUP HLDG LTD FSPONSORED ADR 1 ADR REPS 8 ORD SHS","665","","",""
"02/19/2025","Journal","AMD","ADVANCED MICRO DEVICE IN","-150","","",""
"02/19/2025","Journal","AMD","ADVANCED MICRO DEVICE IN","150","","",""
"02/19/2025","Journal","AFRM","AFFIRM HLDGS INC CLASS A","-650","","",""
"02/19/2025","Journal","AFRM","AFFIRM HLDGS INC CLASS A","650","","",""
"02/18/2025","Buy","ZETA","ZETA GLOBAL HLDGS CORP CLASS A","500","$24.50","","-$12250.00"
"02/18/2025","Buy","SNOW","SNOWFLAKE INC CLASS A","100","$191.00","","-$19100.00"
"02/18/2025 as of 02/15/2025","Bank Interest","","BANK INT ...525 TD BANK USA NA","","","","$1.82"
"02/14/2025","Buy","TSLA","TESLA INC","150","$361.496","","-$54224.40"
"02/13/2025","Buy","BABA","ALIBABA GROUP HLDG LTD FSPONSORED ADR 1 ADR REPS 8 ORD SHS","100","$119.0475","","-$11904.75"
"02/12/2025","Sell","AFRM","AFFIRM HLDGS INC CLASS A","200","$75.60","$0.45","$15119.55"
"02/11/2025","Buy","EDU","NEW ORIENTAL ED & TECH FSPONSORED ADR 1 ADR REPS 10 ORD SHS","100","$54.51","","-$5451.00"
"02/11/2025","Sell","SOFI","SOFI TECHNOLOGIES INC","500","$14.8239","$0.29","$7411.66"
"02/11/2025","Sell","NFLX","NETFLIX INC","29","$1011.6022","$0.82","$29335.64"
"02/11/2025","Sell","SNOW","SNOWFLAKE INC CLASS A","100","$184.7911","$0.53","$18478.58"
"02/11/2025","ADR Mgmt Fee","EDU","NEW ORIENTAL ED & TECH FSPONSORED ADR 1 ADR REPS 10 ORD SHS","","","","-$0.62"
"02/10/2025","Sell","GBIL","GOLDMAN SACHS ACCES TREAS 0 1 YR ETF","200","$99.922","$0.59","$19983.81"
"02/07/2025","Reinvest Shares","FCNTX","FIDELITY CONTRAFUND","0.007","$22.24","","-$0.16"
"02/07/2025","Long Term Cap Gain Reinvest","FCNTX","FIDELITY CONTRAFUND","","","","$0.16"
"02/07/2025","Cash Dividend","GBIL","GOLDMAN SACHS ACCES TREAS 0 1 YR ETF","","","","$68.99"
"02/04/2025","Sell","PLTR","PALANTIR TECHNOLOGIES INCLASS A","150","$102.3304","$0.45","$15349.11"
"02/04/2025","Buy","TSM","TAIWAN SEMICONDUCTOR M FSPONSORED ADR 1 ADR REPS 5 ORD SHS","45","$203.2685","","-$9147.08"
"02/04/2025","Buy","ROKU","ROKU INC CLASS A","100","$81.99","","-$8199.00"
"02/03/2025","Sell","TTD","THE TRADE DESK INC CLASS A","100","$115.2118","$0.34","$11520.84"
"01/28/2025","Buy","NVDA","NVIDIA CORP","100","$123.238","","-$12323.80"
"01/22/2025","Buy","PLTR","PALANTIR TECHNOLOGIES INCLASS A","150","$76.1699","","-$11425.49"
"01/22/2025","Buy","NFLX","NETFLIX INC","30","$999.105","","-$29973.15"
"01/21/2025","Buy","AMD","ADVANCED MICRO DEVICE IN","150","$122.08","","-$18312.00"
"01/17/2025","Buy","PLTR","PALANTIR TECHNOLOGIES INCLASS A","300","$71.0871","","-$21326.13"
"01/16/2025","Sell","COIN","COINBASE GLOBAL INC CLASS A","200","$271.5257","$1.54","$54303.60"
"01/16/2025 as of 01/15/2025","Bank Interest","","BANK INT ...525 TD BANK USA NA","","","","$2.45"
"01/15/2025","Buy","SOFI","SOFI TECHNOLOGIES INC","1,000","$15.00","","-$15000.00"
"01/14/2025","Sell","TSLA","TESLA INC","100","$396.1827","$1.12","$39617.15"
"01/13/2025","Buy","COIN","COINBASE GLOBAL INC CLASS A","200","$252.74","","-$50548.00"
"01/10/2025","Sell","AFRM","AFFIRM HLDGS INC CLASS A","500","$56.995","$0.87","$28496.63"
"01/09/2025","Foreign Tax Paid","TSM","TAIWAN SEMICONDUCTOR M FSPONSORED ADR 1 ADR REPS 5 ORD SHS","","","","-$32.56"
"01/09/2025","Qualified Dividend","TSM","TAIWAN SEMICONDUCTOR M FSPONSORED ADR 1 ADR REPS 5 ORD SHS","","","","$155.07"
"01/08/2025","Buy","TSLA","TESLA INC","100","$395.78","","-$39578.00"
"01/08/2025","Buy","AFRM","AFFIRM HLDGS INC CLASS A","200","$58.92","","-$11784.00"
"01/07/2025","Sell","TSLA","TESLA INC","100","$405.02","$1.15","$40500.85"
"01/07/2025","Sell","COIN","COINBASE GLOBAL INC CLASS A","100","$281.28","$0.80","$28127.20"
"01/07/2025","Pr Yr Cash Div","GBIL","GOLDMAN SACHS ACCES TREAS 0 1 YR ETF","","","","$79.85"
"01/03/2025","Buy","COIN","COINBASE GLOBAL INC CLASS A","100","$270.615","","-$27061.50"
"01/03/2025","Buy","TSLA","TESLA INC","100","$394.00","","-$39400.00"
"12/30/2024","Sell","BABA","ALIBABA GROUP HLDG LTD FSPONSORED ADR 1 ADR REPS 8 ORD SHS","200","$83.75","$0.50","$16749.50"
"12/30/2024","Sell","ROKU","ROKU INC CLASS A","150","$73.73","$0.33","$11059.17"
"12/27/2024","Sell","TSLA","TESLA INC","50","$431.31","$0.61","$21564.89"
"12/27/2024","Qualified Dividend","NVDA","NVIDIA CORP","","","","$2.10"
"12/24/2024","Buy","TTD","THE TRADE DESK INC CLASS A","100","$123.15","","-$12315.00"
"12/20/2024","Sell","COIN","COINBASE GLOBAL INC CLASS A","100","$277.71","$0.79","$27770.21"
"12/20/2024","Buy","TSLA","TESLA INC","50","$427.50","","-$21375.00"
"12/20/2024","Buy","COIN","COINBASE GLOBAL INC CLASS A","100","$267.06","","-$26706.00"
"12/18/2024","Sell","TSLA","TESLA INC","35","$431.0274","$0.43","$15085.53"
"12/18/2024","Sell","SNOW","SNOWFLAKE INC CLASS A","300","$161.7501","$1.40","$48523.63"
"12/18/2024","Sell","SOFI","SOFI TECHNOLOGIES INC","900","$15.22","$0.53","$13697.47"
"12/16/2024 as of 12/15/2024","Bank Interest","","BANK INT ...524 TD BANK USA NA","","","","$0.71"
"12/11/2024","Buy","TSLA","TESLA INC","35","$405.71","","-$14199.85"
"12/06/2024","Long Term Cap Gain Reinvest","FCNTX","FIDELITY CONTRAFUND","","","","$0.76"
"12/06/2024","Cash Dividend","FCNTX","FIDELITY CONTRAFUND","","","","$0.01"
"12/06/2024","Reinvest Shares","FCNTX","FIDELITY CONTRAFUND","0.035","$21.94","","-$0.76"
"12/06/2024","Buy","BABA","ALIBABA GROUP HLDG LTD FSPONSORED ADR 1 ADR REPS 8 ORD SHS","100","$86.10","","-$8610.00"
"12/06/2024","Cash Dividend","GBIL","GOLDMAN SACHS ACCES TREAS 0 1 YR ETF","","","","$71.77"
"11/29/2024","Sell","GBIL","GOLDMAN SACHS ACCES TREAS 0 1 YR ETF","200","$100.185","$0.59","$20036.41"
"11/18/2024 as of 11/15/2024","Bank Interest","","BANK INT ...524 TD BANK USA NA","","","","$0.95"
"11/07/2024","Cash Dividend","GBIL","GOLDMAN SACHS ACCES TREAS 0 1 YR ETF","","","","$157.34"
"10/23/2024","Buy","SNOW","SNOWFLAKE INC CLASS A","100","$114.2499","","-$11424.99"
"10/16/2024 as of 10/15/2024","Bank Interest","","BANK INT ...524 TD BANK USA NA","","","","$11.08"
"10/14/2024","Buy","SOFI","SOFI TECHNOLOGIES INC","1,000","$10.0693","","-$10069.30"
"10/11/2024","MoneyLink Transfer","","Tfr BANK OF AMERICA, N, JIA NI","","","","-$35000.00"
"10/11/2024","Buy","SNOW","SNOWFLAKE INC CLASS A","100","$125.4295","","-$12542.95"
"10/11/2024","Buy","NVDA","NVIDIA CORP","100","$135.4192","","-$13541.92"
"10/09/2024","Foreign Tax Paid","TSM","TAIWAN SEMICONDUCTOR M FSPONSORED ADR 1 ADR REPS 5 ORD SHS","","","","-$33.46"
"10/09/2024","Qualified Dividend","TSM","TAIWAN SEMICONDUCTOR M FSPONSORED ADR 1 ADR REPS 5 ORD SHS","","","","$159.33"
"10/08/2024","Sell","EDU","NEW ORIENTAL ED & TECH FSPONSORED ADR 1 ADR REPS 10 ORD SHS","200","$73.734","$0.44","$14746.36"
"10/07/2024","Cash Dividend","GBIL","GOLDMAN SACHS ACCES TREAS 0 1 YR ETF","","","","$163.74"
"10/03/2024","Qualified Dividend","NVDA","NVIDIA CORP","","","","$1.10"
"09/30/2024","Sell","ROKU","ROKU INC CLASS A","50","$74.515","$0.11","$3725.64"
"09/26/2024","ADR Mgmt Fee","EDU","NEW ORIENTAL ED & TECH FSPONSORED ADR 1 ADR REPS 10 ORD SHS","","","","-$4.62"
"09/26/2024","Special Qual Div","EDU","NEW ORIENTAL ED & TECH FSPONSORED ADR 1 ADR REPS 10 ORD SHS","","","","$138.60"
"09/24/2024","Sell","COIN","COINBASE GLOBAL INC CLASS A","100","$170.39","$0.49","$17038.51"
"09/18/2024","Buy","ROKU","ROKU INC CLASS A","85","$77.4399","","-$6582.39"
"09/16/2024 as of 09/15/2024","Bank Interest","","BANK INT ...524 TD BANK USA NA","","","","$29.73"
"09/12/2024","Buy","ROKU","ROKU INC CLASS A","50","$74.3899","","-$3719.50"
"09/10/2024","Buy","AFRM","AFFIRM HLDGS INC CLASS A","100","$36.5366","","-$3653.66"
"09/09/2024","Buy","COIN","COINBASE GLOBAL INC CLASS A","100","$155.18","","-$15518.00"
"09/09/2024","Cash Dividend","GBIL","GOLDMAN SACHS ACCES TREAS 0 1 YR ETF","","","","$165.20"
"09/04/2024","Buy","SNOW","SNOWFLAKE INC CLASS A","100","$111.29","","-$11129.00"
"08/22/2024","Sell","SNOW","SNOWFLAKE INC CLASS A","150","$117.7101","$0.51","$17656.01"
"08/19/2024","Buy","BABA","ALIBABA GROUP HLDG LTD FSPONSORED ADR 1 ADR REPS 8 ORD SHS","100","$84.2248","","-$8422.48"
"08/19/2024","Sell","TSM","TAIWAN SEMICONDUCTR FSPONSORED ADR 1 ADR REPS 5 ORD SHS","50","$172.8001","$0.25","$8639.76"
"08/16/2024 as of 08/15/2024","Bank Interest","","BANK INT ...524 TD BANK USA NA","","","","$12.51"
"08/15/2024","Buy","AMZN","AMAZON.COM INC","50","$177.41","","-$8870.50"
"08/08/2024","Buy","AMZN","AMAZON.COM INC","50","$165.3599","","-$8268.00"
"08/08/2024","Sell","KVYO","KLAVIYO INC","500","$30.5701","$0.50","$15284.55"
"08/07/2024","Buy","TSM","TAIWAN SEMICONDUCTR FSPONSORED ADR 1 ADR REPS 5 ORD SHS","50","$161.3292","","-$8066.46"
"08/07/2024","Cash Dividend","GBIL","GOLDMAN SACHS ACCES TREAS 0 1 YR ETF","","","","$185.19"
"08/05/2024","Sell","NFLX","NETFLIX INC","10","$584.10","$0.16","$5840.84"
"08/05/2024","Sell","NFLX","NETFLIX INC","15","$592.02","$0.25","$8880.05"
"08/05/2024","Sell","PDD","PDD HOLDINGS INC FUNSPONSORED ADR 1 ADR REPS 4 ORD SHS","80","$122.60","$0.28","$9807.72"
"08/05/2024","Sell","TSLA","TESLA INC","40","$192.95","$0.22","$7717.78"
"08/02/2024","Sell","NFLX","NETFLIX INC","25","$611.156","$0.42","$15278.48"
"08/02/2024","Sell","TSLA","TESLA INC","150","$208.341","$0.89","$31250.26"
"08/01/2024","Buy","AMZN","AMAZON.COM INC","30","$174.50","","-$5235.00"
"07/24/2024","Sell","AAPL","APPLE INC","1","$218.095","$0.01","$218.09"
"07/17/2024","Buy","KVYO","KLAVIYO INC","300","$25.585","","-$7675.50"
"07/16/2024 as of 07/15/2024","Bank Interest","","BANK INT ...524 TD BANK USA NA","","","","$5.56"
"07/12/2024","Qualified Dividend","BABA","ALIBABA GROUP HLDG LTD FSPONSORED ADR 1 ADR REPS 8 ORD SHS","","","","$565.00"
"07/12/2024","Special Qual Div","BABA","ALIBABA GROUP HLDG LTD FSPONSORED ADR 1 ADR REPS 8 ORD SHS","","","","$372.90"
"07/12/2024","ADR Mgmt Fee","BABA","ALIBABA GROUP HLDG LTD FSPONSORED ADR 1 ADR REPS 8 ORD SHS","","","","-$11.30"
"07/11/2024","Foreign Tax Paid","TSM","TAIWAN SEMICONDUCTR FSPONSORED ADR 1 ADR REPS 5 ORD SHS","","","","-$28.91"
"07/11/2024","Qualified Dividend","TSM","TAIWAN SEMICONDUCTR FSPONSORED ADR 1 ADR REPS 5 ORD SHS","","","","$137.68"
"07/08/2024","Cash Dividend","GBIL","GOLDMAN SACHS ACCES TREAS 0 1 YR ETF","","","","$156.46"
"06/28/2024","Qualified Dividend","NVDA","NVIDIA CORP","","","","$1.10"
"06/17/2024","Buy","AFRM","AFFIRM HLDGS INC CLASS A","200","$30.9693","","-$6193.86"
"06/17/2024 as of 06/15/2024","Bank Interest","","BANK INT ...524 TD BANK USA NA","","","","$6.33"
"06/10/2024 as of 06/07/2024","Stock Split","NVDA","NVIDIA CORP","99","$120.888","",""
"06/07/2024","Cash Dividend","GBIL","GOLDMAN SACHS ACCES TREAS 0 1 YR ETF","","","","$175.35"
"05/24/2024","Sell","U","UNITY SOFTWARE INC","300","$19.4004","$0.21","$5819.91"
"05/24/2024","Sell","DDOG","DATADOG INC CLASS A","100","$124.0099","$0.36","$12400.63"
"05/17/2024","Buy","KVYO","KLAVIYO INC","200","$25.29","","-$5058.00"
"05/16/2024","Buy","BABA","ALIBABA GROUP HLDG LTD FSPONSORED ADR 1 ADR REPS 8 ORD SHS","150","$86.754","","-$13013.10"
"05/16/2024","Qualified Dividend","AAPL","APPLE INC","","","","$0.25"
"05/16/2024 as of 05/15/2024","Bank Interest","","BANK INT ...524 TD BANK USA NA","","","","$8.16"
"05/15/2024","Buy","ROKU","ROKU I N C CLASS A","150","$63.8667","","-$9580.01"
"05/15/2024","Buy","SNOW","SNOWFLAKE INC CLASS A","60","$162.99","","-$9779.40"
"05/15/2024","Buy","BABA","ALIBABA GROUP HLDG LTD FSPONSORED ADR 1 ADR REPS 8 ORD SHS","100","$80.07","","-$8007.00"
"05/15/2024","Buy","AFRM","AFFIRM HLDGS INC CLASS A","200","$34.5825","","-$6916.50"
"05/13/2024","Sell","XLV","SELECT SECTOR HEALTH CARE SPDR ETF","50","$143.4654","$0.07","$7173.20"
"05/09/2024","ADR Mgmt Fee","BABA","ALIBABA GROUP HLDG LTD FSPONSORED ADR 1 ADR REPS 8 ORD SHS","","","","-$4.90"
"05/07/2024","Cash Dividend","GBIL","GOLDMAN SACHS ACCES TREAS 0 1 YR ETF","","","","$183.02"
"05/03/2024","Buy","BABA","ALIBABA GROUP HLDG LTD FSPONSORED ADR 1 ADR REPS 8 ORD SHS","70","$81.255","","-$5687.85"
"05/03/2024","Sell","NFLX","NETFLIX INC","30","$579.1801","$0.14","$17375.26"
"05/03/2024","Sell","TSM","TAIWAN SEMICONDUCTR FSPONSORED ADR 1 ADR REPS 5 ORD SHS","65","$141.81","$0.08","$9217.57"
"04/29/2024","Sell","NVDA","NVIDIA CORP","25","$871.6483","$0.17","$21791.04"
"04/16/2024 as of 04/15/2024","Bank Interest","","BANK INT ...524 TD BANK USA NA","","","","$3.33"
"04/11/2024","Foreign Tax Paid","TSM","TAIWAN SEMICONDUCTR FSPONSORED ADR 1 ADR REPS 5 ORD SHS","","","","-$36.66"
"04/11/2024","Qualified Dividend","TSM","TAIWAN SEMICONDUCTR FSPONSORED ADR 1 ADR REPS 5 ORD SHS","","","","$174.59"
"04/05/2024","Cash Dividend","GBIL","GOLDMAN SACHS ACCES TREAS 0 1 YR ETF","","","","$158.34"
"03/27/2024","Qualified Dividend","NVDA","NVIDIA CORP","","","","$1.44"
"03/21/2024","Cash Dividend","XLV","SELECT SECTOR HEALTH CARE SPDR ETF","","","","$26.15"
"03/20/2024","Buy","KVYO","KLAVIYO INC","200","$26.3675","","-$5273.50"
"03/20/2024","Buy","SNOW","SNOWFLAKE INC CLASS A","50","$163.29","","-$8164.50"
"03/20/2024","Buy","TSLA","TESLA INC","50","$175.938","","-$8796.90"
"03/18/2024 as of 03/15/2024","Bank Interest","","BANK INT ...524 TD BANK USA NA","","","","$15.50"
"03/07/2024","Cash Dividend","GBIL","GOLDMAN SACHS ACCES TREAS 0 1 YR ETF","","","","$160.72"
"03/07/2024","Buy","SNOW","SNOWFLAKE INC CLASS A","70","$168.4499","","-$11791.49"
"03/01/2024","Buy","KVYO","KLAVIYO INC","250","$28.20","","-$7050.00"
"02/26/2024","Buy","BABA","ALIBABA GROUP HLDG LTD FSPONSORED ADR 1 ADR REPS 8 ORD SHS","100","$76.395","","-$7639.50"
"02/21/2024","Buy","ROKU","ROKU I N C CLASS A","100","$64.4478","","-$6444.78"
"02/20/2024","Sell","COIN","COINBASE GLOBAL INC CLASS A","50","$170.665","$0.08","$8533.17"
"02/16/2024","Reinvest Shares","FCNTX","FIDELITY CONTRAFUND","0.001","$18.03","","-$0.01"
"02/16/2024","Long Term Cap Gain Reinvest","FCNTX","FIDELITY CONTRAFUND","","","","$0.01"
"02/16/2024 as of 02/15/2024","Bank Interest","","BANK INT ...524 TD BANK USA NA","","","","$24.15"
"02/15/2024","Qualified Dividend","AAPL","APPLE INC","","","","$24.24"
"02/13/2024","Sell","BAND","BANDWIDTH INC CLASS A","400","$13.4634","$0.11","$5385.25"
"02/12/2024","Sell","NFLX","NETFLIX INC","15","$561.6375","$0.07","$8424.49"
"02/12/2024","Buy","NVDA","NVIDIA CORP","10","$724.20","","-$7242.00"
"02/09/2024","Sell","PDD","PDD HOLDINGS INC FUNSPONSORED ADR 1 ADR REPS 4 ORD SHS","100","$127.6004","$0.12","$12759.92"
"02/09/2024","Buy","AFRM","AFFIRM HLDGS INC CLASS A","100","$43.4886","","-$4348.86"
"02/09/2024","Sell","AAPL","APPLE INC","100","$188.826","$0.17","$18882.43"
"02/09/2024","ADR Mgmt Fee","PDD","PDD HOLDINGS INC FUNSPONSORED ADR 1 ADR REPS 4 ORD SHS","","","","-$3.60"
"02/09/2024","ADR Mgmt Fee","EDU","NEW ORIENTAL EDUCATION FSPONSORED ADR 1 ADR REPS 10 ORD SHS","","","","-$1.02"
"02/07/2024","Cash Dividend","GBIL","GOLDMAN SACHS ACCES TREAS 0 1 YR ETF","","","","$80.87"
"02/06/2024","Buy","XLV","SELECT SECTOR HEALTH CARE SPDR ETF","50","$143.5864","","-$7179.32"
"02/05/2024","Buy","GBIL","GOLDMAN SACHS ACCES TREAS 0 1 YR ETF","200","$99.794","","-$19958.80"
"02/01/2024","Buy","AAPL","APPLE INC","100","$184.95","","-$18495.00"
"01/29/2024","Buy","TSLA","TESLA INC","30","$187.805","","-$5634.15"
"01/29/2024","Buy","COIN","COINBASE GLOBAL INC CLASS A","50","$132.95","","-$6647.50"
"01/24/2024","Buy","TSLA","TESLA INC","50","$210.485","","-$10524.25"
"01/23/2024","Buy","EDU","NEW ORIENTAL EDUCATION FSPONSORED ADR 1 ADR REPS 10 ORD SHS","100","$71.73","","-$7173.00"
"01/23/2024","Buy","ROKU","ROKU I N C CLASS A","80","$89.7677","","-$7181.42"
"01/18/2024","ADR Mgmt Fee","BABA","ALIBABA GROUP HLDG LTD FSPONSORED ADR 1 ADR REPS 8 ORD SHS","","","","-$2.90"
"01/18/2024","Qualified Dividend","BABA","ALIBABA GROUP HLDG LTD FSPONSORED ADR 1 ADR REPS 8 ORD SHS","","","","$145.00"
"01/17/2024","Sell","BRZE","BRAZE INC CLASS A","300","$52.1031","$0.18","$15630.76"
"01/16/2024 as of 01/15/2024","Bank Interest","","BANK INT ...524 TD BANK USA NA","","","","$38.82"
"01/12/2024","Buy","BRZE","BRAZE INC CLASS A","200","$51.6727","","-$10334.54"
"01/11/2024","Foreign Tax Paid","TSM","TAIWAN SEMICONDUCTR FSPONSORED ADR 1 ADR REPS 5 ORD SHS","","","","-$32.47"
"01/11/2024","Qualified Dividend","TSM","TAIWAN SEMICONDUCTR FSPONSORED ADR 1 ADR REPS 5 ORD SHS","","","","$154.64"
"01/09/2024","Sell","COIN","COINBASE GLOBAL INC CLASS A","70","$148.81","$0.09","$10416.61"
"01/08/2024","Buy","AFRM","AFFIRM HLDGS INC CLASS A","100","$45.2972","","-$4529.72"
"01/08/2024","Buy","SNOW","SNOWFLAKE INC CLASS A","80","$195.845","","-$15667.60"
"01/05/2024","Buy","AFRM","AFFIRM HLDGS INC CLASS A","300","$42.765","","-$12829.50"
"01/05/2024","Buy","U","UNITY SOFTWARE INC","300","$37.745","","-$11323.50"
"01/04/2024","Buy","EDU","NEW ORIENTAL EDUCATION FSPONSORED ADR 1 ADR REPS 10 ORD SHS","80","$77.12","","-$6169.60"
"01/03/2024","Pr Yr Cash Div","GBIL","GOLDMAN SACHS ACCES TREAS 0 1 YR ETF","","","","$93.70"
"01/03/2024","Sell","DDOG","DATADOG INC CLASS A","100","$111.9482","$0.11","$11194.71"
"01/03/2024","Buy","COIN","COINBASE GLOBAL INC CLASS A","70","$153.295","","-$10730.65"
"01/02/2024","Sell","U","UNITY SOFTWARE INC","9","$38.54","","$346.86"
"01/02/2024","Sell","COIN","COINBASE GLOBAL INC CLASS A","90","$161.949","$0.13","$14575.28"
"01/02/2024","Sell","AFRM","AFFIRM HLDGS INC CLASS A","100","$45.95","$0.06","$4594.94"
"01/02/2024","Sell","AFRM","AFFIRM HLDGS INC CLASS A","100","$46.2009","$0.06","$4620.03"
"01/02/2024","Sell","EDU","NEW ORIENTAL EDUCATION FSPONSORED ADR 1 ADR REPS 10 ORD SHS","100","$70.895","$0.08","$7089.42"
"12/28/2023","Qualified Dividend","NVDA","NVIDIA CORP","","","","$0.04"
"12/26/2023","Buy","EDU","NEW ORIENTAL EDUCATION FSPONSORED ADR 1 ADR REPS 10 ORD SHS","150","$71.4599","","-$10718.99"
"12/26/2023","Sell","PDD","PDD HOLDINGS INC FUNSPONSORED ADR 1 ADR REPS 4 ORD SHS","50","$145.035","$0.07","$7251.68"
"12/21/2023","Buy","AFRM","AFFIRM HLDGS INC CLASS A","150","$47.2333","","-$7085.00"
"12/20/2023","Sell","ARKG","ARK GENOMIC REVOLUTION ETF","245","$31.0699","$0.10","$7612.03"
"12/20/2023","Sell","UBER","UBER TECHNOLOGIES INC","225","$60.885","$0.14","$13698.99"
"12/20/2023","Sell","U","UNITY SOFTWARE INC","90","$38.8115","$0.04","$3493.00"
"12/20/2023","Sell","FUTU","FUTU HOLDINGS LIMITED FUNSPONSORED ADR 1 ADR REPS 8 ORD SHS","10","$51.1902","","$511.90"
"12/20/2023","Sell","AAPL","APPLE INC","4","$195.4601","$0.01","$781.83"
"12/20/2023","Sell","MSFT","MICROSOFT CORP","1","$372.33","","$372.33"
"12/20/2023","Sell","U","UNITY SOFTWARE INC","500","$39.3601","$0.23","$19679.82"
"12/20/2023","Sell","AFRM","AFFIRM HLDGS INC CLASS A","200","$47.485","$0.11","$9496.89"
"12/20/2023","Buy","AFRM","AFFIRM HLDGS INC CLASS A","400","$51.04","","-$20416.00"
"12/18/2023","Buy","NVDA","NVIDIA CORP","25","$498.5473","","-$12463.68"
"12/18/2023 as of 12/15/2023","Bank Interest","","BANK INT ...523 TD BANK USA NA","","","","$20.53"
"12/14/2023","Qualified Dividend","MSFT","MICROSOFT CORP","","","","$0.75"
"12/14/2023","Buy","BRZE","BRAZE INC CLASS A","100","$55.4199","","-$5541.99"
"12/14/2023","Sell","SNOW","SNOWFLAKE INC CLASS A","50","$197.3901","$0.09","$9869.42"
"12/14/2023","Sell","UBER","UBER TECHNOLOGIES INC","400","$61.73","$0.26","$24691.74"
"12/13/2023","Buy","U","UNITY SOFTWARE INC","300","$35.3464","","-$10603.92"
"12/13/2023","Buy","BAND","BANDWIDTH INC CLASS A","200","$12.0361","","-$2407.22"
"12/08/2023","Reinvest Dividend","FCNTX","FIDELITY CONTRAFUND","","","","$0.07"
"12/08/2023","Long Term Cap Gain Reinvest","FCNTX","FIDELITY CONTRAFUND","","","","$0.36"
"12/08/2023","Reinvest Shares","FCNTX","FIDELITY CONTRAFUND","0.023","$15.57","","-$0.36"
"12/08/2023","Reinvest Shares","FCNTX","FIDELITY CONTRAFUND","0.004","$15.57","","-$0.07"
"12/08/2023","Sell","U","UNITY SOFTWARE INC","300","$33.22","$0.12","$9965.88"
"12/07/2023","Cash Dividend","GBIL","GOLDMAN SACHS ACCES TREAS 0 1 YR ETF","","","","$91.07"
"11/29/2023","Sell","COIN","COINBASE GLOBAL INC CLASS A","100","$127.295","$0.11","$12729.39"
"11/29/2023","Sell","AAPL","APPLE INC","55","$189.256","$0.09","$10408.99"
"11/28/2023","Sell","ARKG","ARK GENOMIC REVOLUTION ETF","150","$28.0001","$0.05","$4199.96"
"11/28/2023","Buy","GBIL","GOLDMAN SACHS ACCES TREAS 0 1 YR ETF","200","$100.1399","","-$20027.98"
"11/28/2023","Sell","BAND","BANDWIDTH INC CLASS A","200","$10.725","$0.05","$2144.95"
"11/20/2023","Sell","UBER","UBER TECHNOLOGIES INC","200","$55.1925","$0.12","$11038.38"
"11/17/2023","Sell","BABA","ALIBABA GROUP HLDG LTD FSPONSORED ADR 1 ADR REPS 8 ORD SHS","150","$78.125","$0.11","$11718.64"
"11/16/2023","Qualified Dividend","AAPL","APPLE INC","","","","$14.40"
"11/16/2023 as of 11/15/2023","Bank Interest","","BANK INT ...523 TD BANK USA NA","","","","$5.05"
"11/14/2023","Buy","U","UNITY SOFTWARE INC","200","$28.6497","","-$5729.94"
"11/10/2023","Sell","WISH","CONTEXTLOGIC INC CLASS A","197","$4.955","$0.04","$976.10"
"11/10/2023","Buy","ROKU","ROKU I N C CLASS A","40","$82.3432","","-$3293.73"
"11/07/2023","Buy","U","UNITY SOFTWARE INC","200","$26.805","","-$5361.00"
"11/06/2023","Journaled Shares","","TDA TRAN - CASH MOVEMENT OF OUTGOING ACCOUNT TRANSFER","","","","-$45229.10"
"11/06/2023","Journaled Shares","U","TDA TRAN - TRANSFER OF SECURITY OR OPTION OUT (U)","-200","","",""
"11/06/2023","Journaled Shares","AMZN","TDA TRAN - TRANSFER OF SECURITY OR OPTION OUT (AMZN)","-290","","",""
"11/06/2023","Journaled Shares","MSFT","TDA TRAN - TRANSFER OF SECURITY OR OPTION OUT (MSFT)","-1","","",""
"11/06/2023","Journaled Shares","BAND","TDA TRAN - TRANSFER OF SECURITY OR OPTION OUT (BAND)","-401","","",""
"11/06/2023","Journaled Shares","FUTU","TDA TRAN - TRANSFER OF SECURITY OR OPTION OUT (FUTU)","-10","","",""
"11/06/2023","Journaled Shares","WISH","TDA TRAN - TRANSFER OF SECURITY OR OPTION OUT (WISH)","-197","","",""
"11/06/2023","Journaled Shares","NVDA","TDA TRAN - TRANSFER OF SECURITY OR OPTION OUT (NVDA)","-1","","",""
"11/06/2023","Journaled Shares","SNOW","TDA TRAN - TRANSFER OF SECURITY OR OPTION OUT (SNOW)","-50","","",""
"11/06/2023","Journaled Shares","ARKG","TDA TRAN - TRANSFER OF SECURITY OR OPTION OUT (ARKG)","-395","","",""
"11/06/2023","Journaled Shares","TSLA","TDA TRAN - TRANSFER OF SECURITY OR OPTION OUT (TSLA)","-61","","",""
"11/06/2023","Journaled Shares","PDD","TDA TRAN - TRANSFER OF SECURITY OR OPTION OUT (PDD)","-230","","",""
"11/06/2023","Journaled Shares","NFLX","TDA TRAN - TRANSFER OF SECURITY OR OPTION OUT (NFLX)","-95","","",""
"11/06/2023","Journaled Shares","UAL","TDA TRAN - TRANSFER OF SECURITY OR OPTION OUT (UAL)","-1","","",""
"11/06/2023","Journaled Shares","DDOG","TDA TRAN - TRANSFER OF SECURITY OR OPTION OUT (DDOG)","-200","","",""
"11/06/2023","Journaled Shares","COIN","TDA TRAN - TRANSFER OF SECURITY OR OPTION OUT (COIN)","-191","","",""
"11/06/2023","Journaled Shares","BABA","TDA TRAN - TRANSFER OF SECURITY OR OPTION OUT (BABA)","-295","","",""
"11/06/2023","Journaled Shares","TSM","TDA TRAN - TRANSFER OF SECURITY OR OPTION OUT (TSM)","-320","","",""
"11/06/2023","Journaled Shares","EDU","TDA TRAN - TRANSFER OF SECURITY OR OPTION OUT (EDU)","-1","","",""
"11/06/2023","Journaled Shares","FCNTX","TDA TRAN - TRANSFER OF SECURITY OR OPTION OUT (FCNTX)","-0.862","","",""
"11/06/2023","Journaled Shares","AAPL","TDA TRAN - TRANSFER OF SECURITY OR OPTION OUT (AAPL)","-60","","",""
"11/06/2023","Journaled Shares","UBER","TDA TRAN - TRANSFER OF SECURITY OR OPTION OUT (UBER)","-825","","",""
"11/06/2023","Journaled Shares","ROKU","TDA TRAN - TRANSFER OF SECURITY OR OPTION OUT (ROKU)","-295","","",""
"11/06/2023","Internal Transfer","BABA","ALIBABA GROUP HLDG LTD FSPONSORED ADR 1 ADR REPS 8 ORD SHS","295","","",""
"11/06/2023","Internal Transfer","ROKU","ROKU I N C CLASS A","295","","",""
"11/06/2023","Internal Transfer","AAPL","APPLE INC","60","","",""
"11/06/2023","Internal Transfer","UAL","UNITED AIRLINES HLDGS","1","","",""
"11/06/2023","Internal Transfer","MSFT","MICROSOFT CORP","1","","",""
"11/06/2023","Internal Transfer","NVDA","NVIDIA CORP","1","","",""
"11/06/2023","Internal Transfer","WISH","CONTEXTLOGIC INC CLASS A","197","","",""
"11/06/2023","Internal Transfer","FUTU","FUTU HOLDINGS LIMITED FUNSPONSORED ADR 1 ADR REPS 8 ORD SHS","10","","",""
"11/06/2023","Internal Transfer","PDD","PDD HOLDINGS INC FUNSPONSORED ADR 1 ADR REPS 4 ORD SHS","230","","",""
"11/06/2023","Internal Transfer","BAND","BANDWIDTH INC CLASS A","401","","",""
"11/06/2023","Internal Transfer","U","UNITY SOFTWARE INC","200","","",""
"11/06/2023","Internal Transfer","ARKG","ARK GENOMIC REVOLUTION ETF","395","","",""
"11/06/2023","Internal Transfer","NFLX","NETFLIX INC","95","","",""
"11/06/2023","Internal Transfer","AMZN","AMAZON.COM INC","290","","",""
"11/06/2023","Internal Transfer","DDOG","DATADOG INC CLASS A","200","","",""
"11/06/2023","Internal Transfer","TSM","TAIWAN SEMICONDUCTR FSPONSORED ADR 1 ADR REPS 5 ORD SHS","320","","",""
"11/06/2023","Internal Transfer","TSLA","TESLA INC","61","","",""
"11/06/2023","Internal Transfer","EDU","NEW ORIENTAL EDUCATION FSPONSORED ADR 1 ADR REPS 10 ORD SHS","1","","",""
"11/06/2023","Internal Transfer","SNOW","SNOWFLAKE INC CLASS A","50","","",""
"11/06/2023","Internal Transfer","UBER","UBER TECHNOLOGIES INC","825","","",""
"11/06/2023","Internal Transfer","COIN","COINBASE GLOBAL INC CLASS A","191","","",""
"11/06/2023","Internal Transfer","FCNTX","FIDELITY CONTRAFUND","0.862","","",""
"11/06/2023","Internal Transfer","","TDA TO CS&CO TRANSFER","","","","$45229.10"
"11/06/2023","Journaled Shares","","TDA TRAN - CASH ALTERNATIVES REDEMPTION (MMDA1) BANK SWEEP WITHDRAWAL","","","","-$45226.93"
"11/03/2023","Bond Interest","","TDA TRAN - OFF-CYCLE INTEREST (MMDA1)","","","","$2.17"
"10/31/2023","Journaled Shares","MMDA1","TDA TRAN - CASH ALTERNATIVES INTEREST (MMDA1)","8.72","","",""
"10/30/2023","Journaled Shares","","TDA TRAN - CASH ALTERNATIVES PURCHASE (MMDA1) BANK SWEEP DEPOSIT","","","","$13226.57"
"10/26/2023","Sell","NVDA","TDA TRAN - Sold 20 (NVDA) @411.9900","20","$411.99","$0.07","$8239.73"
"10/26/2023","Sell","DASH","TDA TRAN - Sold 70 (DASH) @71.2413","70","$71.2413","$0.05","$4986.84"
"10/13/2023","Journaled Shares","","TDA TRAN - CASH ALTERNATIVES PURCHASE (MMDA1) BANK SWEEP DEPOSIT","","","","$117.58"
"10/12/2023","Foreign Tax Reclaim","","TDA TRAN - FOREIGN TAX WITHHELD (TSM)","","","","-$31.26"
"10/12/2023","Qual Div Reinvest","","TDA TRAN - QUALIFIED DIVIDEND (TSM)","","","","$148.84"
"10/11/2023","Journaled Shares","","TDA TRAN - CASH ALTERNATIVES PURCHASE (MMDA1) BANK SWEEP DEPOSIT","","","","$13101.46"
"10/06/2023","Sell","MSFT","TDA TRAN - Sold 40 (MSFT) @327.5393","40","$327.5393","$0.11","$13101.46"
"10/03/2023","Journaled Shares","","TDA TRAN - CASH ALTERNATIVES REDEMPTION (MMDA1) BANK SWEEP WITHDRAWAL","","","","-$12642.16"
"09/29/2023","Journaled Shares","MMDA1","TDA TRAN - CASH ALTERNATIVES INTEREST (MMDA1)","7.41","","",""
"09/29/2023","Buy","AMZN","TDA TRAN - Bought 30 (AMZN) @128.3999","30","$128.3999","","-$3852.00"
"09/29/2023","Buy","NVDA","TDA TRAN - Bought 20 (NVDA) @439.5080","20","$439.508","","-$8790.16"
"09/28/2023","Journaled Shares","","TDA TRAN - CASH ALTERNATIVES PURCHASE (MMDA1) BANK SWEEP DEPOSIT","","","","$0.04"
"09/28/2023","Qual Div Reinvest","","TDA TRAN - QUALIFIED DIVIDEND (NVDA)","","","","$0.04"
"09/15/2023","Journaled Shares","","TDA TRAN - CASH ALTERNATIVES PURCHASE (MMDA1) BANK SWEEP DEPOSIT","","","","$3968.93"
"09/14/2023","Journaled Shares","","TDA TRAN - CASH ALTERNATIVES PURCHASE (MMDA1) BANK SWEEP DEPOSIT","","","","$0.68"
"09/14/2023","Qual Div Reinvest","","TDA TRAN - QUALIFIED DIVIDEND (MSFT)","","","","$0.68"
"09/13/2023","Sell","BAND","TDA TRAN - Sold ...300 (BAND) @13.2300","300","$13.23","$0.07","$3968.93"
"09/12/2023","Journaled Shares","","TDA TRAN - CASH ALTERNATIVES PURCHASE (MMDA1) BANK SWEEP DEPOSIT","","","","$11017.98"
"09/08/2023","Sell","FUTU","TDA TRAN - Sold ...190 (FUTU) @57.9900","190","$57.99","$0.12","$11017.98"
"09/06/2023","Journaled Shares","","TDA TRAN - CASH ALTERNATIVES REDEMPTION (MMDA1) BANK SWEEP WITHDRAWAL","","","","-$4430.97"
"09/05/2023","Journaled Shares","","TDA TRAN - CASH ALTERNATIVES PURCHASE (MMDA1) BANK SWEEP DEPOSIT","","","","$3372.83"
"09/01/2023","Buy","BAND","TDA TRAN - Bought ...300 (BAND) @14.7699","300","$14.7699","","-$4430.97"
"08/31/2023","Journaled Shares","MMDA1","TDA TRAN - CASH ALTERNATIVES INTEREST (MMDA1)","20.21","","",""
"08/31/2023","Buy","NFLX","TDA TRAN - Bought 20 (NFLX) @434.9200","20","$434.92","","-$8698.40"
"08/31/2023","Sell","FUTU","TDA TRAN - Sold ...200 (FUTU) @60.3568","200","$60.3568","$0.13","$12071.23"
"08/31/2023","Journaled Shares","","TDA TRAN - CASH ALTERNATIVES REDEMPTION (MMDA1) BANK SWEEP WITHDRAWAL","","","","-$32175.81"
"08/29/2023","Buy","BAND","TDA TRAN - Bought ...400 (BAND) @14.3199","400","$14.3199","","-$5727.96"
"08/29/2023","Buy","AAPL","TDA TRAN - Bought 30 (AAPL) @183.0150","30","$183.015","","-$5490.45"
"08/29/2023","Buy","MSFT","TDA TRAN - Bought 40 (MSFT) @327.6100","40","$327.61","","-$13104.40"
"08/29/2023","Buy","COIN","TDA TRAN - Bought 50 (COIN) @85.2100","50","$85.21","","-$4260.50"
"08/29/2023","Buy","U","TDA TRAN - Bought ...100 (U) @35.9250","100","$35.925","","-$3592.50"
"08/29/2023","Journaled Shares","","TDA TRAN - CASH ALTERNATIVES REDEMPTION (MMDA1) BANK SWEEP WITHDRAWAL","","","","-$19167.40"
"08/25/2023","Buy","FUTU","TDA TRAN - Bought ...200 (FUTU) @50.3635","200","$50.3635","","-$10072.70"
"08/25/2023","Buy","DASH","TDA TRAN - Bought 60 (DASH) @77.6488","60","$77.6488","","-$4658.93"
"08/25/2023","Buy","BABA","TDA TRAN - Bought 50 (BABA) @88.7154","50","$88.7154","","-$4435.77"
"08/23/2023","Journaled Shares","","TDA TRAN - CASH ALTERNATIVES REDEMPTION (MMDA1) BANK SWEEP WITHDRAWAL","","","","-$10205.59"
"08/21/2023","Buy","U","TDA TRAN - Bought ...100 (U) @34.0999","100","$34.0999","","-$3409.99"
"08/21/2023","Buy","TSLA","TDA TRAN - Bought 30 (TSLA) @226.5200","30","$226.52","","-$6795.60"
"08/17/2023","Journaled Shares","","TDA TRAN - CASH ALTERNATIVES PURCHASE (MMDA1) BANK SWEEP DEPOSIT","","","","$7.20"
"08/17/2023","Qual Div Reinvest","","TDA TRAN - QUALIFIED DIVIDEND (AAPL)","","","","$7.20"
"08/15/2023","Journaled Shares","","TDA TRAN - CASH ALTERNATIVES PURCHASE (MMDA1) BANK SWEEP DEPOSIT","","","","$19637.19"
"08/11/2023","Sell","DASH","TDA TRAN - Sold ...120 (DASH) @79.1950","120","$79.195","$0.10","$9503.30"
"08/11/2023","Sell","FUTU","TDA TRAN - Sold ...200 (FUTU) @50.6700","200","$50.67","$0.11","$10133.89"
"08/10/2023","Journaled Shares","","TDA TRAN - CASH ALTERNATIVES REDEMPTION (MMDA1) BANK SWEEP WITHDRAWAL","","","","-$10580.70"
"08/08/2023","Buy","DDOG","TDA TRAN - Bought 60 (DDOG) @88.2950","60","$88.295","","-$5297.70"
"08/08/2023","Buy","COIN","TDA TRAN - Bought 60 (COIN) @88.0500","60","$88.05","","-$5283.00"
"08/08/2023","Journaled Shares","","TDA TRAN - CASH ALTERNATIVES REDEMPTION (MMDA1) BANK SWEEP WITHDRAWAL","","","","-$14869.01"
"08/04/2023","Buy","TSLA","TDA TRAN - Bought 30 (TSLA) @260.3100","30","$260.31","","-$7809.30"
"08/04/2023","Buy","SNOW","TDA TRAN - Bought 50 (SNOW) @168.4435","50","$168.4435","","-$8422.18"
"08/04/2023","Buy","DASH","TDA TRAN - Bought 60 (DASH) @85.4500","60","$85.45","","-$5127.00"
"08/04/2023","Sell","AAPL","TDA TRAN - Sold 35 (AAPL) @185.4150","35","$185.415","$0.06","$6489.47"
"08/03/2023","Journaled Shares","","TDA TRAN - CASH ALTERNATIVES PURCHASE (MMDA1) BANK SWEEP DEPOSIT","","","","$40306.01"
"08/01/2023","Sell","FUTU","TDA TRAN - Sold ...200 (FUTU) @59.9409","200","$59.9409","$0.13","$11988.05"
"08/01/2023","Sell","TSLA","TDA TRAN - Sold 30 (TSLA) @261.2305","30","$261.2305","$0.06","$7836.86"
"08/01/2023","Sell","DASH","TDA TRAN - Sold ...100 (DASH) @86.5433","100","$86.5433","$0.08","$8654.25"
"08/01/2023","Sell","COIN","TDA TRAN - Sold 80 (COIN) @92.1125","80","$92.1125","$0.07","$7368.93"
"08/01/2023","Sell","BAND","TDA TRAN - Sold ...300 (BAND) @14.8600","300","$14.86","$0.08","$4457.92"
"08/01/2023","Journaled Shares","","TDA TRAN - CASH ALTERNATIVES PURCHASE (MMDA1) BANK SWEEP DEPOSIT","","","","$21901.70"
"07/31/2023","Journaled Shares","MMDA1","TDA TRAN - CASH ALTERNATIVES INTEREST (MMDA1)","12.47","","",""
"07/28/2023","Sell","PDD","TDA TRAN - Sold 55 (PDD) @89.2650","55","$89.265","$0.05","$4909.53"
"07/28/2023","Sell","ROKU","TDA TRAN - Sold 65 (ROKU) @89.2781","65","$89.2781","$0.06","$5803.02"
"07/28/2023","Sell","DDOG","TDA TRAN - Sold ...100 (DDOG) @111.8925","100","$111.8925","$0.10","$11189.15"
"07/27/2023","Journaled Shares","","TDA TRAN - CASH ALTERNATIVES REDEMPTION (MMDA1) BANK SWEEP WITHDRAWAL","","","","-$8166.40"
"07/26/2023","Journaled Shares","","TDA TRAN - CASH ALTERNATIVES REDEMPTION (MMDA1) BANK SWEEP WITHDRAWAL","","","","-$8070.90"
"07/25/2023","Buy","COIN","TDA TRAN - Bought 80 (COIN) @102.0800","80","$102.08","","-$8166.40"
"07/24/2023","Buy","TSLA","TDA TRAN - Bought 30 (TSLA) @269.0300","30","$269.03","","-$8070.90"
"07/24/2023","Journaled Shares","","TDA TRAN - CASH ALTERNATIVES REDEMPTION (MMDA1) BANK SWEEP WITHDRAWAL","","","","-$2275.69"
"07/21/2023","Journaled Shares","","TDA TRAN - CASH ALTERNATIVES PURCHASE (MMDA1) BANK SWEEP DEPOSIT","","","","$753.35"
"07/20/2023","Buy","NFLX","TDA TRAN - Bought 15 (NFLX) @433.9100","15","$433.91","","-$6508.65"
"07/20/2023","Sell","TTD","TDA TRAN - Sold 50 (TTD) @84.6600","50","$84.66","$0.04","$4232.96"
"07/20/2023","Journaled Shares","","TDA TRAN - CASH ALTERNATIVES REDEMPTION (MMDA1) BANK SWEEP WITHDRAWAL","","","","-$7581.00"
"07/19/2023","Buy","COIN","TDA TRAN - Bought 80 (COIN) @108.4496","80","$108.4496","","-$8675.97"
"07/19/2023","Sell","NVDA","TDA TRAN - Sold 20 (NVDA) @471.4700","20","$471.47","$0.08","$9429.32"
"07/18/2023","Buy","ROKU","TDA TRAN - Bought ...100 (ROKU) @75.8100","100","$75.81","","-$7581.00"
"07/18/2023","Journaled Shares","","TDA TRAN - CASH ALTERNATIVES REDEMPTION (MMDA1) BANK SWEEP WITHDRAWAL","","","","-$9500.00"
"07/17/2023","Journaled Shares","","TDA TRAN - CASH ALTERNATIVES PURCHASE (MMDA1) BANK SWEEP DEPOSIT","","","","$2215.09"
"07/14/2023","Buy","NVDA","TDA TRAN - Bought 20 (NVDA) @475.0000","20","$475.00","","-$9500.00"
"07/14/2023","Journaled Shares","","TDA TRAN - CASH ALTERNATIVES PURCHASE (MMDA1) BANK SWEEP DEPOSIT","","","","$83.24"
"07/13/2023","Foreign Tax Reclaim","","TDA TRAN - FOREIGN TAX WITHHELD (TSM)","","","","-$22.12"
"07/13/2023","Qual Div Reinvest","","TDA TRAN - QUALIFIED DIVIDEND (TSM)","","","","$105.36"
"07/13/2023","Sell","COIN","TDA TRAN - Sold ...100 (COIN) @100.5450","100","$100.545","$0.09","$10054.41"
"07/13/2023","Buy","PDD","TDA TRAN - Bought 60 (PDD) @80.8533","60","$80.8533","","-$4851.20"
"07/13/2023","Buy","DASH","TDA TRAN - Bought 60 (DASH) @82.9000","60","$82.90","","-$4974.00"
"07/13/2023","Buy","ROKU","TDA TRAN - Bought 40 (ROKU) @76.6800","40","$76.68","","-$3067.20"
"07/13/2023","Buy","TSM","TDA TRAN - Bought 40 (TSM) @104.7974","40","$104.7974","","-$4191.90"
"07/13/2023","Buy","WISH","TDA TRAN - Bought ...100 (WISH) @9.2790","100","$9.279","","-$927.90"
"07/13/2023","Sell","GS","TDA TRAN - Sold 31 (GS) @328.1601","31","$328.1601","$0.08","$10172.88"
"07/13/2023","Journaled Shares","","TDA TRAN - CASH ALTERNATIVES REDEMPTION (MMDA1) BANK SWEEP WITHDRAWAL","","","","-$13409.10"
"07/12/2023","Journaled Shares","","TDA TRAN - CASH ALTERNATIVES PURCHASE (MMDA1) BANK SWEEP DEPOSIT","","","","$9880.35"
"07/11/2023","Buy","COIN","TDA TRAN - Bought ...100 (COIN) @88.8050","100","$88.805","","-$8880.50"
"07/11/2023","Buy","ARKG","TDA TRAN - Bought ...100 (ARKG) @35.0701","100","$35.0701","","-$3507.01"
"07/11/2023","Buy","AAPL","TDA TRAN - Bought 20 (AAPL) @186.9199","20","$186.9199","","-$3738.40"
"07/11/2023","Sell","EDU","TDA TRAN - Sold ...100 (EDU) @45.0200","100","$45.02","$0.05","$4501.95"
"07/11/2023","Buy","DASH","TDA TRAN - Bought 60 (DASH) @79.0413","60","$79.0413","","-$4742.48"
"07/11/2023","Sell","MSFT","TDA TRAN - Sold 9 (MSFT) @328.5951","9","$328.5951","$0.02","$2957.34"
"07/11/2023","Journaled Shares","","TDA TRAN - CASH ALTERNATIVES REDEMPTION (MMDA1) BANK SWEEP WITHDRAWAL","","","","-$3809.75"
"07/10/2023","Sell","MSFT","TDA TRAN - Sold 30 (MSFT) @329.3478","30","$329.3478","$0.08","$9880.35"
"07/10/2023","Journaled Shares","","TDA TRAN - CASH ALTERNATIVES PURCHASE (MMDA1) BANK SWEEP DEPOSIT","","","","$27365.13"
"07/07/2023","Buy","TTD","TDA TRAN - Bought 50 (TTD) @76.1950","50","$76.195","","-$3809.75"
"07/06/2023","Sell","BAND","TDA TRAN - Sold ...500 (BAND) @12.9500","500","$12.95","$0.12","$6474.88"
"07/06/2023","Sell","NVDA","TDA TRAN - Sold 9 (NVDA) @415.2201","9","$415.2201","$0.03","$3736.95"
"07/06/2023","Sell","EDU","TDA TRAN - Sold ...150 (EDU) @39.6268","150","$39.6268","$0.07","$5943.95"
"07/06/2023","Sell","COIN","TDA TRAN - Sold ...200 (COIN) @75.2950","200","$75.295","$0.15","$15058.85"
"07/06/2023","Buy","DASH","TDA TRAN - Bought 50 (DASH) @76.9900","50","$76.99","","-$3849.50"
"07/06/2023","Journaled Shares","","TDA TRAN - CASH ALTERNATIVES REDEMPTION (MMDA1) BANK SWEEP WITHDRAWAL","","","","-$10866.64"
"07/05/2023","Journaled Shares","","TDA TRAN - CASH ALTERNATIVES PURCHASE (MMDA1) BANK SWEEP DEPOSIT","","","","$4239.45"
"07/03/2023","Buy","ROKU","TDA TRAN - Bought 70 (ROKU) @66.5000","70","$66.50","","-$4655.00"
"07/03/2023","Buy","EDU","TDA TRAN - Bought ...100 (EDU) @40.7000","100","$40.70","","-$4070.00"
"07/03/2023","Buy","AMZN","TDA TRAN - Bought 20 (AMZN) @131.6200","20","$131.62","","-$2632.40"
"07/03/2023","Sell","UAL","TDA TRAN - Sold 9 (UAL) @54.5291","9","$54.5291","","$490.76"
"06/30/2023","Journaled Shares","MMDA1","TDA TRAN - CASH ALTERNATIVES INTEREST (MMDA1)","13.81","","",""
"06/30/2023","Buy","GS","TDA TRAN - Bought 30 (GS) @324.8817","30","$324.8817","","-$9746.45"
"06/30/2023","Sell","COIN","TDA TRAN - Sold ...200 (COIN) @69.9302","200","$69.9302","$0.14","$13985.90"
"06/30/2023","Journaled Shares","","TDA TRAN - CASH ALTERNATIVES PURCHASE (MMDA1) BANK SWEEP DEPOSIT","","","","$12463.30"
"06/30/2023","Qual Div Reinvest","","TDA TRAN - QUALIFIED DIVIDEND (NVDA)","","","","$3.20"
"06/29/2023","Journaled Shares","","TDA TRAN - CASH ALTERNATIVES PURCHASE (MMDA1) BANK SWEEP DEPOSIT","","","","$7375.67"
"06/29/2023","Qual Div Reinvest","","TDA TRAN - QUALIFIED DIVIDEND (GS)","","","","$77.50"
"06/28/2023","Sell","NVDA","TDA TRAN - Sold 30 (NVDA) @415.3400","30","$415.34","$0.10","$12460.10"
"06/28/2023","Journaled Shares","","TDA TRAN - CASH ALTERNATIVES REDEMPTION (MMDA1) BANK SWEEP WITHDRAWAL","","","","-$5610.00"
"06/27/2023","Sell","UAL","TDA TRAN - Sold ...130 (UAL) @56.1404","130","$56.1404","$0.08","$7298.17"
"06/26/2023","Buy","EDU","TDA TRAN - Bought ...150 (EDU) @37.4000","150","$37.40","","-$5610.00"
"06/26/2023","Journaled Shares","","TDA TRAN - CASH ALTERNATIVES REDEMPTION (MMDA1) BANK SWEEP WITHDRAWAL","","","","-$12507.38"
"06/23/2023","Journaled Shares","","TDA TRAN - CASH ALTERNATIVES PURCHASE (MMDA1) BANK SWEEP DEPOSIT","","","","$11681.66"
"06/22/2023","Buy","TSM","TDA TRAN - Bought 40 (TSM) @102.8000","40","$102.80","","-$4112.00"
"06/22/2023","Buy","AAPL","TDA TRAN - Bought 45 (AAPL) @186.5641","45","$186.5641","","-$8395.38"
"06/22/2023","Journaled Shares","","TDA TRAN - CASH ALTERNATIVES PURCHASE (MMDA1) BANK SWEEP DEPOSIT","","","","$7895.52"
"06/21/2023","Sell","MSFT","TDA TRAN - Sold 35 (MSFT) @333.7645","35","$333.7645","$0.10","$11681.66"
"06/21/2023","Journaled Shares","","TDA TRAN - CASH ALTERNATIVES REDEMPTION (MMDA1) BANK SWEEP WITHDRAWAL","","","","-$5600.00"
"06/20/2023","Sell","UAL","TDA TRAN - Sold ...150 (UAL) @52.6373","150","$52.6373","$0.08","$7895.52"
"06/20/2023","Journaled Shares","","TDA TRAN - CASH ALTERNATIVES REDEMPTION (MMDA1) BANK SWEEP WITHDRAWAL","","","","-$5060.36"
"06/16/2023","Buy","BAND","TDA TRAN - Bought ...400 (BAND) @14.0000","400","$14.00","","-$5600.00"
"06/15/2023","Buy","AMZN","TDA TRAN - Bought 40 (AMZN) @126.5089","40","$126.5089","","-$5060.36"
"06/14/2023","Journaled Shares","","TDA TRAN - CASH ALTERNATIVES PURCHASE (MMDA1) BANK SWEEP DEPOSIT","","","","$20778.70"
"06/13/2023","Journaled Shares","","TDA TRAN - CASH ALTERNATIVES REDEMPTION (MMDA1) BANK SWEEP WITHDRAWAL","","","","-$41237.39"
"06/12/2023","Sell","NVDA","TDA TRAN - Sold 40 (NVDA) @388.3600","40","$388.36","$0.13","$15534.27"
"06/12/2023","Sell","ARKW","TDA TRAN - Sold 95 (ARKW) @55.2050","95","$55.205","$0.05","$5244.43"
"06/12/2023","MoneyLink Transfer","","TDA TRAN - CLIENT REQUESTED ELECTRONIC FUNDING DISBURSEMENT (FUNDS NOW)","","","","-$40000.00"
"06/12/2023","Journaled Shares","","TDA TRAN - CASH ALTERNATIVES REDEMPTION (MMDA1) BANK SWEEP WITHDRAWAL","","","","-$18824.69"
"06/09/2023","Sell","SNOW","TDA TRAN - Sold 30 (SNOW) @171.5250","30","$171.525","$0.04","$5145.71"
"06/09/2023","Buy","NFLX","TDA TRAN - Bought 15 (NFLX) @425.5399","15","$425.5399","","-$6383.10"
"06/09/2023","Journaled Shares","","TDA TRAN - CASH ALTERNATIVES REDEMPTION (MMDA1) BANK SWEEP WITHDRAWAL","","","","-$15848.99"
"06/08/2023","Buy","PDD","TDA TRAN - Bought 50 (PDD) @74.8799","50","$74.8799","","-$3744.00"
"06/08/2023","Buy","FUTU","TDA TRAN - Bought ...200 (FUTU) @40.1299","200","$40.1299","","-$8025.98"
"06/08/2023","Sell","PYPL","TDA TRAN - Sold 90 (PYPL) @64.2250","90","$64.225","$0.06","$5780.19"
"06/08/2023","Buy","DDOG","TDA TRAN - Bought 30 (DDOG) @95.3699","30","$95.3699","","-$2861.10"
"06/08/2023","ADR Mgmt Fee","","TDA TRAN - ADR FEE (EDU)","","","","-$0.02"
"06/08/2023","Buy","MSFT","TDA TRAN - Bought 15 (MSFT) @325.9000","15","$325.90","","-$4888.50"
"06/08/2023","Buy","SNOW","TDA TRAN - Bought 30 (SNOW) @169.5099","30","$169.5099","","-$5085.30"
"06/08/2023","Journaled Shares","","TDA TRAN - CASH ALTERNATIVES PURCHASE (MMDA1) BANK SWEEP DEPOSIT","","","","$40.74"
"06/08/2023","Qual Div Reinvest","","TDA TRAN - QUALIFIED DIVIDEND (MSFT)","","","","$20.40"
"06/07/2023","Buy","COIN","TDA TRAN - Bought ...300 (COIN) @52.8299","300","$52.8299","","-$15848.97"
"06/07/2023","Journaled Shares","","TDA TRAN - CASH ALTERNATIVES PURCHASE (MMDA1) BANK SWEEP DEPOSIT","","","","$4871.97"
"06/06/2023","Sell","SDIV","TDA TRAN - Sold ...100 (SDIV) @21.8519","100","$21.8519","$0.03","$2185.16"
"06/06/2023","Buy","SDIV","TDA TRAN - Bought ...100 (SDIV) @21.6482","100","$21.6482","","-$2164.82"
"06/06/2023","Journaled Shares","","TDA TRAN - CASH ALTERNATIVES PURCHASE (MMDA1) BANK SWEEP DEPOSIT","","","","$10811.85"
"06/05/2023","Sell","TSLA","TDA TRAN - Sold 50 (TSLA) @217.0001","50","$217.0001","$0.10","$10849.91"
"06/05/2023","Buy","NVDA","TDA TRAN - Bought 30 (NVDA) @391.4297","30","$391.4297","","-$11742.89"
"06/05/2023","Sell","COIN","TDA TRAN - Sold ...100 (COIN) @57.6501","100","$57.6501","$0.06","$5764.95"
"06/05/2023","Journaled Shares","","TDA TRAN - CASH ALTERNATIVES REDEMPTION (MMDA1) BANK SWEEP WITHDRAWAL","","","","-$8585.00"
"06/02/2023","Sell","AMZN","TDA TRAN - Sold 40 (AMZN) @124.6020","40","$124.602","$0.05","$4984.03"
"06/02/2023","Buy","FUTU","TDA TRAN - Bought ...100 (FUTU) @38.9450","100","$38.945","","-$3894.50"
"06/02/2023","Sell","GS","TDA TRAN - Sold 30 (GS) @324.0800","30","$324.08","$0.08","$9722.32"
"06/01/2023","Buy","FUTU","TDA TRAN - Bought ...100 (FUTU) @38.4000","100","$38.40","","-$3840.00"
"06/01/2023","Buy","DDOG","TDA TRAN - Bought 50 (DDOG) @94.9000","50","$94.90","","-$4745.00"
"06/01/2023","Journaled Shares","","TDA TRAN - CASH ALTERNATIVES PURCHASE (MMDA1) BANK SWEEP DEPOSIT","","","","$45827.94"
"05/31/2023","Journaled Shares","MMDA1","TDA TRAN - CASH ALTERNATIVES INTEREST (MMDA1)","11.65","","",""
"05/31/2023","Journaled Shares","","TDA TRAN - CASH ALTERNATIVES REDEMPTION (MMDA1) BANK SWEEP WITHDRAWAL","","","","-$4753.08"
"05/30/2023","Sell","ARKG","TDA TRAN - Sold ...100 (ARKG) @32.0000","100","$32.00","$0.04","$3199.96"
"05/30/2023","Sell","TTD","TDA TRAN - Sold 5 (TTD) @68.8600","5","$68.86","","$344.30"
"05/30/2023","Sell","NVDA","TDA TRAN - Sold 50 (NVDA) @413.1600","50","$413.16","$0.18","$20657.82"
"05/30/2023","Sell","NVDA","TDA TRAN - Sold 25 (NVDA) @416.3901","25","$416.3901","$0.08","$10409.67"
"05/30/2023","Sell","DDOG","TDA TRAN - Sold ...100 (DDOG) @95.1837","100","$95.1837","$0.09","$9518.28"
"05/30/2023","Sell","UAL","TDA TRAN - Sold 35 (UAL) @48.5124","35","$48.5124","$0.02","$1697.91"
"05/30/2023","Journaled Shares","","TDA TRAN - CASH ALTERNATIVES PURCHASE (MMDA1) BANK SWEEP DEPOSIT","","","","$847.84"
"05/26/2023","Buy","BAND","TDA TRAN - Bought ...400 (BAND) @11.8827","400","$11.8827","","-$4753.08"
"05/25/2023","Sell","SNOW","TDA TRAN - Sold 15 (SNOW) @149.2100","15","$149.21","$0.02","$2238.13"
"05/25/2023","Buy","MSFT","TDA TRAN - Bought 30 (MSFT) @321.0000","30","$321.00","","-$9630.00"
"05/25/2023","Buy","COIN","TDA TRAN - Bought ...100 (COIN) @58.2200","100","$58.22","","-$5822.00"
"05/25/2023","Sell","UAL","TDA TRAN - Sold ...100 (UAL) @46.8684","100","$46.8684","$0.05","$4686.79"
"05/25/2023","Sell","NVDA","TDA TRAN - Sold 25 (NVDA) @375.0000","25","$375.00","$0.08","$9374.92"
"05/12/2023","Journaled Shares","","TDA TRAN - CASH ALTERNATIVES REDEMPTION (MMDA1) BANK SWEEP WITHDRAWAL","","","","-$6258.00"
"05/10/2023","Buy","COIN","TDA TRAN - Bought ...100 (COIN) @62.5800","100","$62.58","","-$6258.00"
"05/09/2023","Journaled Shares","","TDA TRAN - CASH ALTERNATIVES REDEMPTION (MMDA1) BANK SWEEP WITHDRAWAL","","","","-$4.90"
"05/08/2023","ADR Mgmt Fee","","TDA TRAN - ADR FEE (BABA)","","","","-$4.90"
"04/28/2023","Journaled Shares","MMDA1","TDA TRAN - CASH ALTERNATIVES INTEREST (MMDA1)","12.46","","",""
"04/24/2023","Journaled Shares","WISH","TDA TRAN - MANDATORY - ROUNDING (WISH)","1","","",""
"04/14/2023","Journaled Shares","","TDA TRAN - CASH ALTERNATIVES PURCHASE (MMDA1) BANK SWEEP DEPOSIT","","","","$85.53"
"04/13/2023","Foreign Tax Reclaim","","TDA TRAN - FOREIGN TAX WITHHELD (TSM)","","","","-$22.73"
"04/13/2023","Qual Div Reinvest","","TDA TRAN - QUALIFIED DIVIDEND (TSM)","","","","$108.26"
"04/13/2023","Journaled Shares","","TDA TRAN - CASH ALTERNATIVES REDEMPTION (MMDA1) BANK SWEEP WITHDRAWAL","","","","-$42.00"
"04/12/2023","ADR Mgmt Fee","","TDA TRAN - ADR FEE (FUTU)","","","","-$4.00"
"04/12/2023","Journaled Shares","WISH","TDA TRAN - MANDATORY REVERSE SPLIT (WISH)","96","","",""
"04/12/2023","Journaled Shares","21077C107","TDA TRAN - MANDATORY REVERSE SPLIT (21077C107)","-2,900","","",""
"04/12/2023","Journaled Shares","","TDA TRAN - MANDATORY REORGANIZATION FEE (21077C107)","","","","-$38.00"
"03/31/2023","Journaled Shares","MMDA1","TDA TRAN - CASH ALTERNATIVES INTEREST (MMDA1)","14.87","","",""
"03/30/2023","Journaled Shares","","TDA TRAN - CASH ALTERNATIVES PURCHASE (MMDA1) BANK SWEEP DEPOSIT","","","","$2.50"
"03/30/2023","Qual Div Reinvest","","TDA TRAN - QUALIFIED DIVIDEND (GS)","","","","$2.50"
"03/29/2023","Journaled Shares","","TDA TRAN - CASH ALTERNATIVES PURCHASE (MMDA1) BANK SWEEP DEPOSIT","","","","$6.00"
"03/29/2023","Qual Div Reinvest","","TDA TRAN - QUALIFIED DIVIDEND (NVDA)","","","","$6.00"
"03/23/2023","Journaled Shares","","TDA TRAN - CASH ALTERNATIVES REDEMPTION (MMDA1) BANK SWEEP WITHDRAWAL","","","","-$9561.30"
"03/21/2023","Buy","GS","TDA TRAN - Bought 30 (GS) @318.7099","30","$318.7099","","-$9561.30"
"03/09/2023","Journaled Shares","","TDA TRAN - CASH ALTERNATIVES PURCHASE (MMDA1) BANK SWEEP DEPOSIT","","","","$20.40"
"03/09/2023","Qual Div Reinvest","","TDA TRAN - QUALIFIED DIVIDEND (MSFT)","","","","$20.40"
"02/28/2023","Journaled Shares","MMDA1","TDA TRAN - CASH ALTERNATIVES INTEREST (MMDA1)","8.81","","",""
"02/28/2023","Journaled Shares","MMDA1","TDA TRAN - CASH ALTERNATIVES INTEREST (MMDA1)","7.84","","",""
"02/27/2023","Journaled Shares","","TDA TRAN - CASH ALTERNATIVES REDEMPTION (MMDA1) BANK SWEEP WITHDRAWAL","","","","-$10112.50"
"02/23/2023","Buy","TSLA","TDA TRAN - Bought 50 (TSLA) @202.2500","50","$202.25","","-$10112.50"
"02/17/2023","Journaled Shares","","TDA TRAN - CASH ALTERNATIVES PURCHASE (MMDA1) BANK SWEEP DEPOSIT","","","","$5322.08"
"02/16/2023","Journaled Shares","","TDA TRAN - CASH ALTERNATIVES REDEMPTION (MMDA1) BANK SWEEP WITHDRAWAL","","","","-$5787.45"
"02/15/2023","Sell","COIN","TDA TRAN - Sold ...100 (COIN) @67.7470","100","$67.747","$0.17","$6774.53"
"02/15/2023","Buy","ROKU","TDA TRAN - Bought 23 (ROKU) @63.1500","23","$63.15","","-$1452.45"
"02/14/2023","Buy","COIN","TDA TRAN - Bought ...100 (COIN) @57.8745","100","$57.8745","","-$5787.45"
"02/13/2023","Journaled Shares","","TDA TRAN - CASH ALTERNATIVES PURCHASE (MMDA1) BANK SWEEP DEPOSIT","","","","$13636.58"
"02/10/2023","Long Term Cap Gain","","TDA TRAN - LONG TERM GAIN DISTRIBUTION (FCNTX)","","","","$0.16"
"02/10/2023","Reinvest Shares","FCNTX","TDA TRAN - Bought 0.012 (FCNTX) @12.8900","0.012","$12.89","","-$0.16"
"02/09/2023","Sell","GS","TDA TRAN - Sold 9 (GS) @368.8301","9","$368.8301","$0.08","$3319.39"
"02/09/2023","Sell","TSLA","TDA TRAN - Sold 49 (TSLA) @210.5600","49","$210.56","$0.25","$10317.19"
"02/07/2023","Journaled Shares","","TDA TRAN - CASH ALTERNATIVES REDEMPTION (MMDA1) BANK SWEEP WITHDRAWAL","","","","-$9795.00"
"02/06/2023","Journaled Shares","","TDA TRAN - CASH ALTERNATIVES REDEMPTION (MMDA1) BANK SWEEP WITHDRAWAL","","","","-$19793.67"
"02/03/2023","Buy","TSLA","TDA TRAN - Bought 50 (TSLA) @195.9000","50","$195.90","","-$9795.00"
"02/02/2023","Buy","ARKG","TDA TRAN - Bought ...100 (ARKG) @36.5050","100","$36.505","","-$3650.50"
"02/02/2023","Buy","FUTU","TDA TRAN - Bought ...100 (FUTU) @53.5800","100","$53.58","","-$5358.00"
"02/02/2023","Sell","COIN","TDA TRAN - Sold ...100 (COIN) @78.6901","100","$78.6901","$0.19","$7868.82"
"02/02/2023","Buy","MSFT","TDA TRAN - Bought 30 (MSFT) @261.7996","30","$261.7996","","-$7853.99"
"02/02/2023","Buy","BABA","TDA TRAN - Bought ...100 (BABA) @108.0000","100","$108.00","","-$10800.00"
"01/31/2023","Journaled Shares","MMDA1","TDA TRAN - CASH ALTERNATIVES INTEREST (MMDA1)","20.95","","",""
"01/30/2023","Journaled Shares","","TDA TRAN - CASH ALTERNATIVES REDEMPTION (MMDA1) BANK SWEEP WITHDRAWAL","","","","-$5296.50"
"01/26/2023","Buy","COIN","TDA TRAN - Bought ...100 (COIN) @52.9650","100","$52.965","","-$5296.50"
"01/26/2023","Journaled Shares","","TDA TRAN - CASH ALTERNATIVES PURCHASE (MMDA1) BANK SWEEP DEPOSIT","","","","$5370.62"
"01/25/2023","Journaled Shares","","TDA TRAN - CASH ALTERNATIVES PURCHASE (MMDA1) BANK SWEEP DEPOSIT","","","","$7173.53"
"01/24/2023","Sell","COIN","TDA TRAN - Sold 99 (COIN) @54.2500","99","$54.25","$0.13","$5370.62"
"01/23/2023","Buy","GS","TDA TRAN - Bought 10 (GS) @345.4000","10","$345.40","","-$3454.00"
"01/23/2023","Sell","UAL","TDA TRAN - Sold 60 (UAL) @49.3800","60","$49.38","$0.08","$2962.72"
"01/23/2023","Sell","BABA","TDA TRAN - Sold 50 (BABA) @119.0400","50","$119.04","$0.15","$5951.85"
"01/23/2023","Sell","HUBS","TDA TRAN - Sold 5 (HUBS) @342.6001","5","$342.6001","$0.04","$1712.96"
"01/19/2023","Journaled Shares","","TDA TRAN - CASH ALTERNATIVES PURCHASE (MMDA1) BANK SWEEP DEPOSIT","","","","$10168.74"
"01/18/2023","Journaled Shares","","TDA TRAN - CASH ALTERNATIVES REDEMPTION (MMDA1) BANK SWEEP WITHDRAWAL","","","","-$4840.00"
"01/17/2023","Sell","UAL","TDA TRAN - Sold ...200 (UAL) @50.8450","200","$50.845","$0.26","$10168.74"
"01/13/2023","Buy","COIN","TDA TRAN - Bought ...100 (COIN) @48.4000","100","$48.40","","-$4840.00"
"01/13/2023","Journaled Shares","","TDA TRAN - CASH ALTERNATIVES PURCHASE (MMDA1) BANK SWEEP DEPOSIT","","","","$84.81"
"01/12/2023","Foreign Tax Reclaim","","TDA TRAN - FOREIGN TAX WITHHELD (TSM)","","","","-$22.54"
"01/12/2023","Qual Div Reinvest","","TDA TRAN - QUALIFIED DIVIDEND (TSM)","","","","$107.35"
"01/12/2023","Journaled Shares","","TDA TRAN - CASH ALTERNATIVES REDEMPTION (MMDA1) BANK SWEEP WITHDRAWAL","","","","-$3.50"
"01/11/2023","ADR Mgmt Fee","","TDA TRAN - ADR FEE (PDD)","","","","-$3.50"
"01/04/2023","Journaled Shares","","TDA TRAN - CASH ALTERNATIVES PURCHASE (MMDA1) BANK SWEEP DEPOSIT","","","","$5749.99"
"12/30/2022","Journaled Shares","MMDA1","TDA TRAN - CASH ALTERNATIVES INTEREST (MMDA1)","14.75","","",""
"12/30/2022","Buy","BABA","TDA TRAN - Bought 50 (BABA) @88.1000","50","$88.10","","-$4405.00"
"12/30/2022","Sell","FUTU","TDA TRAN - Sold ...245 (FUTU) @41.4500","245","$41.45","$0.26","$10154.99"
"12/27/2022","Journaled Shares","","TDA TRAN - CASH ALTERNATIVES REDEMPTION (MMDA1) BANK SWEEP WITHDRAWAL","","","","-$3095.72"
"12/22/2022","Buy","FUTU","TDA TRAN - Bought 50 (FUTU) @61.9144","50","$61.9144","","-$3095.72"
"12/22/2022","Journaled Shares","","TDA TRAN - CASH ALTERNATIVES PURCHASE (MMDA1) BANK SWEEP DEPOSIT","","","","$6.00"
"12/22/2022","Qual Div Reinvest","","TDA TRAN - QUALIFIED DIVIDEND (NVDA)","","","","$6.00"
"12/16/2022","Journaled Shares","","TDA TRAN - CASH ALTERNATIVES PURCHASE (MMDA1) BANK SWEEP DEPOSIT","","","","$8481.99"
"12/14/2022","Sell","FUTU","TDA TRAN - Sold ...120 (FUTU) @70.6850","120","$70.685","$0.21","$8481.99"
"12/09/2022","Long Term Cap Gain","","TDA TRAN - LONG TERM GAIN DISTRIBUTION (FCNTX)","","","","$0.88"
"12/09/2022","Reinvest Shares","FCNTX","TDA TRAN - Bought 0.005 (FCNTX) @12.3200","0.005","$12.32","","-$0.06"
"12/09/2022","Reinvest Shares","FCNTX","TDA TRAN - Bought 0.071 (FCNTX) @12.3200","0.071","$12.32","","-$0.88"
"12/09/2022","Cash Dividend","","TDA TRAN - ORDINARY DIVIDEND (FCNTX)","","","","$0.06"
"12/07/2022","Journaled Shares","","TDA TRAN - CASH ALTERNATIVES PURCHASE (MMDA1) BANK SWEEP DEPOSIT","","","","$3690.34"
"12/06/2022","Journaled Shares","","TDA TRAN - CASH ALTERNATIVES PURCHASE (MMDA1) BANK SWEEP DEPOSIT","","","","$6498.19"
"12/05/2022","Sell","TSLA","TDA TRAN - Sold 20 (TSLA) @184.5209","20","$184.5209","$0.08","$3690.34"
"12/05/2022","Journaled Shares","","TDA TRAN - CASH ALTERNATIVES REDEMPTION (MMDA1) BANK SWEEP WITHDRAWAL","","","","-$2359.84"
"12/02/2022","Sell","FUTU","TDA TRAN - Sold 30 (FUTU) @66.4700","30","$66.47","$0.05","$1994.05"
"12/02/2022","Sell","BABA","TDA TRAN - Sold 50 (BABA) @90.0850","50","$90.085","$0.11","$4504.14"
"12/01/2022","Buy","TSLA","TDA TRAN - Bought 20 (TSLA) @194.7050","20","$194.705","","-$3894.10"
"12/01/2022","Sell","HUBS","TDA TRAN - Sold 5 (HUBS) @306.8601","5","$306.8601","$0.04","$1534.26"
"11/30/2022","Journaled Shares","MMDA1","TDA TRAN - CASH ALTERNATIVES INTEREST (MMDA1)","11.91","","",""
"11/28/2022","Journaled Shares","","TDA TRAN - CASH ALTERNATIVES REDEMPTION (MMDA1) BANK SWEEP WITHDRAWAL","","","","-$5293.39"
"11/23/2022","Buy","DDOG","TDA TRAN - Bought 70 (DDOG) @75.6199","70","$75.6199","","-$5293.39"
"11/15/2022","Journaled Shares","","TDA TRAN - CASH ALTERNATIVES PURCHASE (MMDA1) BANK SWEEP DEPOSIT","","","","$8805.93"
"11/11/2022","Sell","BAND","TDA TRAN - Sold ...399 (BAND) @23.4059","399","$23.4059","$0.26","$9338.69"
"11/11/2022","Buy","WISH","TDA TRAN - Bought 1000 (WISH) @0.7744","1,000","$0.7744","","-$774.40"
"11/11/2022","Sell","EDU","TDA TRAN - Sold 9 (EDU) @26.8500","9","$26.85","$0.01","$241.64"
"10/31/2022","Journaled Shares","MMDA1","TDA TRAN - CASH ALTERNATIVES INTEREST (MMDA1)","11.23","","",""
"10/14/2022","Journaled Shares","","TDA TRAN - CASH ALTERNATIVES PURCHASE (MMDA1) BANK SWEEP DEPOSIT","","","","$82.45"
"10/13/2022","Foreign Tax Reclaim","","TDA TRAN - FOREIGN TAX WITHHELD (TSM)","","","","-$21.92"
"10/13/2022","Qual Div Reinvest","","TDA TRAN - QUALIFIED DIVIDEND (TSM)","","","","$104.37"
"09/30/2022","Journaled Shares","MMDA1","TDA TRAN - CASH ALTERNATIVES INTEREST (MMDA1)","5.05","","",""
"09/29/2022","Journaled Shares","","TDA TRAN - CASH ALTERNATIVES PURCHASE (MMDA1) BANK SWEEP DEPOSIT","","","","$7.00"
"09/29/2022","Qual Div Reinvest","","TDA TRAN - QUALIFIED DIVIDEND (NVDA)","","","","$7.00"
"09/16/2022","Journaled Shares","","TDA TRAN - CASH ALTERNATIVES PURCHASE (MMDA1) BANK SWEEP DEPOSIT","","","","$4118.95"
"09/14/2022","Sell","TTD","TDA TRAN - Sold 65 (TTD) @63.3700","65","$63.37","$0.10","$4118.95"
"09/14/2022","Journaled Shares","","TDA TRAN - CASH ALTERNATIVES PURCHASE (MMDA1) BANK SWEEP DEPOSIT","","","","$3580.05"
"09/12/2022","Sell","NVDA","TDA TRAN - Sold 25 (NVDA) @143.2050","25","$143.205","$0.08","$3580.05"
"09/07/2022","Journaled Shares","","TDA TRAN - CASH ALTERNATIVES REDEMPTION (MMDA1) BANK SWEEP WITHDRAWAL","","","","-$2049.00"
"09/02/2022","Buy","NVDA","TDA TRAN - Bought 15 (NVDA) @136.6000","15","$136.60","","-$2049.00"
"09/02/2022","Journaled Shares","","TDA TRAN - CASH ALTERNATIVES REDEMPTION (MMDA1) BANK SWEEP WITHDRAWAL","","","","-$3394.00"
"08/31/2022","Journaled Shares","MMDA1","TDA TRAN - CASH ALTERNATIVES INTEREST (MMDA1)","3.43","","",""
"08/31/2022","Buy","HUBS","TDA TRAN - Bought 10 (HUBS) @339.4000","10","$339.40","","-$3394.00"
"08/30/2022","Journaled Shares","","TDA TRAN - CASH ALTERNATIVES PURCHASE (MMDA1) BANK SWEEP DEPOSIT","","","","$4938.92"
"08/29/2022","Journaled Shares","","TDA TRAN - CASH ALTERNATIVES PURCHASE (MMDA1) BANK SWEEP DEPOSIT","","","","$4882.64"
"08/26/2022","Sell","SNOW","TDA TRAN - Sold 25 (SNOW) @197.5611","25","$197.5611","$0.11","$4938.92"
"08/25/2022","Sell","SNOW","TDA TRAN - Sold 25 (SNOW) @195.3100","25","$195.31","$0.11","$4882.64"
"08/25/2022","Journaled Shares","","TDA TRAN - CASH ALTERNATIVES REDEMPTION (MMDA1) BANK SWEEP WITHDRAWAL","","","","-$4501.00"
"08/23/2022","Buy","BABA","TDA TRAN - Bought 50 (BABA) @90.0200","50","$90.02","","-$4501.00"
"08/16/2022","Journaled Shares","","TDA TRAN - CASH ALTERNATIVES PURCHASE (MMDA1) BANK SWEEP DEPOSIT","","","","$3680.01"
"08/12/2022","Sell","AFRM","TDA TRAN - Sold ...100 (AFRM) @36.8010","100","$36.801","$0.09","$3680.01"
"08/12/2022","Journaled Shares","","TDA TRAN - CASH ALTERNATIVES PURCHASE (MMDA1) BANK SWEEP DEPOSIT","","","","$5261.88"
"08/10/2022","Sell","TSLA","TDA TRAN - Sold 6 (TSLA) @877.0000","6","$877.00","$0.12","$5261.88"
"08/09/2022","Journaled Shares","","TDA TRAN - CASH ALTERNATIVES PURCHASE (MMDA1) BANK SWEEP DEPOSIT","","","","$2449.73"
"08/08/2022","Journaled Shares","","TDA TRAN - CASH ALTERNATIVES PURCHASE (MMDA1) BANK SWEEP DEPOSIT","","","","$5548.25"
"08/05/2022","Sell","EDU","TDA TRAN - Sold 90 (EDU) @27.2200","90","$27.22","$0.07","$2449.73"
"08/05/2022","Journaled Shares","","TDA TRAN - CASH ALTERNATIVES REDEMPTION (MMDA1) BANK SWEEP WITHDRAWAL","","","","-$2475.00"
"08/04/2022","Sell","TSLA","TDA TRAN - Sold 6 (TSLA) @924.7301","6","$924.7301","$0.13","$5548.25"
"08/03/2022","Buy","PDD","TDA TRAN - Bought 50 (PDD) @49.5000","50","$49.50","","-$2475.00"
"07/29/2022","Journaled Shares","MMDA1","TDA TRAN - CASH ALTERNATIVES INTEREST (MMDA1)","1.87","","",""
"07/15/2022","Journaled Shares","","TDA TRAN - CASH ALTERNATIVES PURCHASE (MMDA1) BANK SWEEP DEPOSIT","","","","$87.52"
"07/14/2022","Foreign Tax Reclaim","","TDA TRAN - FOREIGN TAX WITHHELD (TSM)","","","","-$23.26"
"07/14/2022","Qual Div Reinvest","","TDA TRAN - QUALIFIED DIVIDEND (TSM)","","","","$110.78"
"07/01/2022","Journaled Shares","","TDA TRAN - CASH ALTERNATIVES REDEMPTION (MMDA1) BANK SWEEP WITHDRAWAL","","","","-$4275.60"
"07/01/2022","Qual Div Reinvest","","TDA TRAN - QUALIFIED DIVIDEND (NVDA)","","","","$6.40"
"06/30/2022","Journaled Shares","MMDA1","TDA TRAN - CASH ALTERNATIVES INTEREST (MMDA1)","0.68","","",""
"06/29/2022","Buy","EDU","TDA TRAN - Bought ...100 (EDU) @19.7000","100","$19.70","","-$1970.00"
"06/29/2022","Buy","BABA","TDA TRAN - Bought 20 (BABA) @115.6000","20","$115.60","","-$2312.00"
"06/21/2022","Journaled Shares","","TDA TRAN - CASH ALTERNATIVES REDEMPTION (MMDA1) BANK SWEEP WITHDRAWAL","","","","-$1651.12"
"06/16/2022","Buy","BAND","TDA TRAN - Bought ...100 (BAND) @16.5112","100","$16.5112","","-$1651.12"
"06/06/2022","Journaled Shares","AMZN","TDA TRAN - STOCK SPLIT (AMZN)","228","","",""
"06/06/2022","Journaled Shares","","TDA TRAN - CASH ALTERNATIVES REDEMPTION (MMDA1) BANK SWEEP WITHDRAWAL","","","","-$3530.00"
"06/02/2022","Buy","AFRM","TDA TRAN - Bought 50 (AFRM) @25.9000","50","$25.90","","-$1295.00"
"06/02/2022","Buy","BAND","TDA TRAN - Bought ...100 (BAND) @22.3500","100","$22.35","","-$2235.00"
"06/01/2022","Journaled Shares","","TDA TRAN - CASH ALTERNATIVES REDEMPTION (MMDA1) BANK SWEEP WITHDRAWAL","","","","-$1111.20"
"05/31/2022","Journaled Shares","MMDA1","TDA TRAN - CASH ALTERNATIVES INTEREST (MMDA1)","0.17","","",""
"05/31/2022","Journaled Shares","MMDA1","TDA TRAN - CASH ALTERNATIVES INTEREST (MMDA1)","0.29","","",""
"05/27/2022","Buy","ROKU","TDA TRAN - Bought 12 (ROKU) @92.6000","12","$92.60","","-$1111.20"
"05/26/2022","Journaled Shares","","TDA TRAN - CASH ALTERNATIVES REDEMPTION (MMDA1) BANK SWEEP WITHDRAWAL","","","","-$6587.76"
"05/24/2022","Buy","TSLA","TDA TRAN - Bought 3 (TSLA) @626.5500","3","$626.55","","-$1879.65"
"05/24/2022","Buy","AFRM","TDA TRAN - Bought 50 (AFRM) @20.7231","50","$20.7231","","-$1036.16"
"05/24/2022","Buy","SNOW","TDA TRAN - Bought 15 (SNOW) @130.0500","15","$130.05","","-$1950.75"
"05/24/2022","Buy","DDOG","TDA TRAN - Bought 20 (DDOG) @86.0600","20","$86.06","","-$1721.20"
"05/24/2022","Journaled Shares","","TDA TRAN - CASH ALTERNATIVES REDEMPTION (MMDA1) BANK SWEEP WITHDRAWAL","","","","-$3980.25"
"05/23/2022","Journaled Shares","","TDA TRAN - CASH ALTERNATIVES REDEMPTION (MMDA1) BANK SWEEP WITHDRAWAL","","","","-$5999.95"
"05/20/2022","Buy","SNOW","TDA TRAN - Bought 10 (SNOW) @140.2300","10","$140.23","","-$1402.30"
"05/20/2022","Buy","NVDA","TDA TRAN - Bought 10 (NVDA) @163.7700","10","$163.77","","-$1637.70"
"05/20/2022","Buy","DDOG","TDA TRAN - Bought 10 (DDOG) @94.0250","10","$94.025","","-$940.25"
"05/19/2022","Buy","UAL","TDA TRAN - Bought 40 (UAL) @44.5000","40","$44.50","","-$1780.00"
"05/19/2022","Buy","WISH","TDA TRAN - Bought ...500 (WISH) @1.6399","500","$1.6399","","-$819.95"
"05/19/2022","Buy","NVDA","TDA TRAN - Bought 20 (NVDA) @170.0000","20","$170.00","","-$3400.00"
"05/19/2022","Journaled Shares","","TDA TRAN - CASH ALTERNATIVES REDEMPTION (MMDA1) BANK SWEEP WITHDRAWAL","","","","-$4597.39"
"05/18/2022","Journaled Shares","","TDA TRAN - CASH ALTERNATIVES PURCHASE (MMDA1) BANK SWEEP DEPOSIT","","","","$3610.42"
"05/17/2022","Buy","AMZN","TDA TRAN - Bought 2 (AMZN) @2,298.6971","2","$2298.6971","","-$4597.39"
"05/17/2022","Journaled Shares","","TDA TRAN - CASH ALTERNATIVES REDEMPTION (MMDA1) BANK SWEEP WITHDRAWAL","","","","-$10085.00"
"05/16/2022","Sell","AAPL","TDA TRAN - Sold 25 (AAPL) @144.4200","25","$144.42","$0.08","$3610.42"
"05/16/2022","Journaled Shares","","TDA TRAN - CASH ALTERNATIVES REDEMPTION (MMDA1) BANK SWEEP WITHDRAWAL","","","","-$1408.85"
"05/13/2022","Buy","SNOW","TDA TRAN - Bought 15 (SNOW) @153.0000","15","$153.00","","-$2295.00"
"05/13/2022","Buy","AAPL","TDA TRAN - Bought 25 (AAPL) @146.0000","25","$146.00","","-$3650.00"
"05/13/2022","Buy","UAL","TDA TRAN - Bought 50 (UAL) @43.0000","50","$43.00","","-$2150.00"
"05/13/2022","Buy","BAND","TDA TRAN - Bought ...100 (BAND) @19.9000","100","$19.90","","-$1990.00"
"05/13/2022","Journaled Shares","","TDA TRAN - CASH ALTERNATIVES REDEMPTION (MMDA1) BANK SWEEP WITHDRAWAL","","","","-$2924.90"
"05/12/2022","Buy","SNOW","TDA TRAN - Bought 10 (SNOW) @140.8850","10","$140.885","","-$1408.85"
"05/12/2022","Journaled Shares","","TDA TRAN - CASH ALTERNATIVES REDEMPTION (MMDA1) BANK SWEEP WITHDRAWAL","","","","-$2187.25"
"05/11/2022","Buy","TSLA","TDA TRAN - Bought 4 (TSLA) @731.2250","4","$731.225","","-$2924.90"
"05/10/2022","Buy","TTD","TDA TRAN - Bought 50 (TTD) @43.7450","50","$43.745","","-$2187.25"
"05/10/2022","Journaled Shares","","TDA TRAN - CASH ALTERNATIVES REDEMPTION (MMDA1) BANK SWEEP WITHDRAWAL","","","","-$3.50"
"05/09/2022","ADR Mgmt Fee","","TDA TRAN - ADR FEE (BABA)","","","","-$3.50"
"05/09/2022","Journaled Shares","","TDA TRAN - CASH ALTERNATIVES REDEMPTION (MMDA1) BANK SWEEP WITHDRAWAL","","","","-$2711.75"
"05/05/2022","Buy","DDOG","TDA TRAN - Bought 25 (DDOG) @108.4700","25","$108.47","","-$2711.75"
"05/02/2022","Journaled Shares","","TDA TRAN - CASH ALTERNATIVES REDEMPTION (MMDA1) BANK SWEEP WITHDRAWAL","","","","-$1970.00"
"04/29/2022","Journaled Shares","MMDA1","TDA TRAN - CASH ALTERNATIVES INTEREST (MMDA1)","0.47","","",""
"04/28/2022","Buy","NVDA","TDA TRAN - Bought 10 (NVDA) @197.0000","10","$197.00","","-$1970.00"
"04/27/2022","Journaled Shares","","TDA TRAN - CASH ALTERNATIVES PURCHASE (MMDA1) BANK SWEEP DEPOSIT","","","","$23612.30"
"04/25/2022","Buy","PYPL","TDA TRAN - Bought 20 (PYPL) @87.7500","20","$87.75","","-$1755.00"
"04/25/2022","Sell","GS","TDA TRAN - Sold 55 (GS) @316.2200","55","$316.22","$0.10","$17392.00"
"04/25/2022","Sell","AAPL","TDA TRAN - Sold 50 (AAPL) @159.5070","50","$159.507","$0.05","$7975.30"
"04/25/2022","Journaled Shares","","TDA TRAN - CASH ALTERNATIVES REDEMPTION (MMDA1) BANK SWEEP WITHDRAWAL","","","","-$5056.70"
"04/21/2022","Buy","TSLA","TDA TRAN - Bought 5 (TSLA) @1,011.3400","5","$1011.34","","-$5056.70"
"04/21/2022","Journaled Shares","","TDA TRAN - CASH ALTERNATIVES REDEMPTION (MMDA1) BANK SWEEP WITHDRAWAL","","","","-$3505.65"
"04/19/2022","Buy","ROKU","TDA TRAN - Bought 30 (ROKU) @116.8550","30","$116.855","","-$3505.65"
"04/19/2022","Journaled Shares","","TDA TRAN - CASH ALTERNATIVES REDEMPTION (MMDA1) BANK SWEEP WITHDRAWAL","","","","-$2960.80"
"04/18/2022","Journaled Shares","","TDA TRAN - CASH ALTERNATIVES PURCHASE (MMDA1) BANK SWEEP DEPOSIT","","","","$90.18"
"04/14/2022","Foreign Tax Reclaim","","TDA TRAN - FOREIGN TAX WITHHELD (TSM)","","","","-$23.97"
"04/14/2022","Qual Div Reinvest","","TDA TRAN - QUALIFIED DIVIDEND (TSM)","","","","$114.15"
"04/14/2022","Buy","BAND","TDA TRAN - Bought ...100 (BAND) @29.6080","100","$29.608","","-$2960.80"
"04/13/2022","Journaled Shares","","TDA TRAN - CASH ALTERNATIVES PURCHASE (MMDA1) BANK SWEEP DEPOSIT","","","","$4999.96"
"04/11/2022","Sell","BABA","TDA TRAN - Sold 50 (BABA) @100.0000","50","$100.00","$0.04","$4999.96"
"03/31/2022","Journaled Shares","MMDA1","TDA TRAN - CASH ALTERNATIVES INTEREST (MMDA1)","0.3","","",""
"03/31/2022","Journaled Shares","","TDA TRAN - CASH ALTERNATIVES PURCHASE (MMDA1) BANK SWEEP DEPOSIT","","","","$11016.89"
"03/30/2022","Journaled Shares","","TDA TRAN - CASH ALTERNATIVES PURCHASE (MMDA1) BANK SWEEP DEPOSIT","","","","$110.00"
"03/30/2022","Qual Div Reinvest","","TDA TRAN - QUALIFIED DIVIDEND (GS)","","","","$110.00"
"03/29/2022","Sell","TSLA","TDA TRAN - Sold 10 (TSLA) @1,101.6950","10","$1101.695","$0.06","$11016.89"
"03/29/2022","Journaled Shares","","TDA TRAN - CASH ALTERNATIVES PURCHASE (MMDA1) BANK SWEEP DEPOSIT","","","","$10467.24"
"03/25/2022","Sell","AAPL","TDA TRAN - Sold 60 (AAPL) @174.4550","60","$174.455","$0.06","$10467.24"
"03/24/2022","Journaled Shares","","TDA TRAN - CASH ALTERNATIVES PURCHASE (MMDA1) BANK SWEEP DEPOSIT","","","","$4.80"
"03/24/2022","Qual Div Reinvest","","TDA TRAN - QUALIFIED DIVIDEND (NVDA)","","","","$4.80"
"03/18/2022","Journaled Shares","","TDA TRAN - CASH ALTERNATIVES REDEMPTION (MMDA1) BANK SWEEP WITHDRAWAL","","","","-$2979.00"
"03/16/2022","Buy","FUTU","TDA TRAN - Bought 90 (FUTU) @33.1000","90","$33.10","","-$2979.00"
"03/09/2022","Journaled Shares","","TDA TRAN - CASH ALTERNATIVES REDEMPTION (MMDA1) BANK SWEEP WITHDRAWAL","","","","-$6.10"
"03/08/2022","ADR Mgmt Fee","","TDA TRAN - ADR FEE (FUTU)","","","","-$6.10"
"02/28/2022","Journaled Shares","MMDA1","TDA TRAN - CASH ALTERNATIVES INTEREST (MMDA1)","0.41","","",""
"02/28/2022","Journaled Shares","","TDA TRAN - CASH ALTERNATIVES REDEMPTION (MMDA1) BANK SWEEP WITHDRAWAL","","","","-$15764.34"
"02/24/2022","Buy","ROKU","TDA TRAN - Bought 20 (ROKU) @135.5700","20","$135.57","","-$2711.40"
"02/24/2022","Buy","PYPL","TDA TRAN - Bought 40 (PYPL) @104.7547","40","$104.7547","","-$4190.19"
"02/24/2022","Buy","FUTU","TDA TRAN - Bought 50 (FUTU) @40.7312","50","$40.7312","","-$2036.56"
"02/24/2022","Buy","UBER","TDA TRAN - Bought 25 (UBER) @34.8400","25","$34.84","","-$871.00"
"02/24/2022","Buy","TSM","TDA TRAN - Bought 10 (TSM) @111.3400","10","$111.34","","-$1113.40"
"02/24/2022","Buy","AAPL","TDA TRAN - Bought 30 (AAPL) @161.3931","30","$161.3931","","-$4841.79"
"02/16/2022","Journaled Shares","","TDA TRAN - CASH ALTERNATIVES REDEMPTION (MMDA1) BANK SWEEP WITHDRAWAL","","","","-$2415.00"
"02/14/2022","Buy","ROKU","TDA TRAN - Bought 15 (ROKU) @161.0000","15","$161.00","","-$2415.00"
"02/11/2022","Journaled Shares","","TDA TRAN - CASH ALTERNATIVES REDEMPTION (MMDA1) BANK SWEEP WITHDRAWAL","","","","-$1560.00"
"02/10/2022","Journaled Shares","","TDA TRAN - CASH ALTERNATIVES PURCHASE (MMDA1) BANK SWEEP DEPOSIT","","","","$17.60"
"02/10/2022","Qual Div Reinvest","","TDA TRAN - QUALIFIED DIVIDEND (AAPL)","","","","$17.60"
"02/09/2022","Buy","TTD","TDA TRAN - Bought 20 (TTD) @78.0000","20","$78.00","","-$1560.00"
"02/09/2022","Journaled Shares","","TDA TRAN - CASH ALTERNATIVES REDEMPTION (MMDA1) BANK SWEEP WITHDRAWAL","","","","-$3231.78"
"02/08/2022","Long Term Cap Gain","","TDA TRAN - LONG TERM GAIN DISTRIBUTION (FCNTX)","","","","$0.16"
"02/08/2022 as of 02/07/2022","Reinvest Shares","FCNTX","TDA TRAN - Bought 0.01 (FCNTX) @16.7100","0.01","$16.71","","-$0.16"
"02/07/2022","Buy","TSM","TDA TRAN - Bought 10 (TSM) @122.7700","10","$122.77","","-$1227.70"
"02/07/2022","Buy","UAL","TDA TRAN - Bought 45 (UAL) @44.5350","45","$44.535","","-$2004.08"
"02/02/2022","Journaled Shares","","TDA TRAN - CASH ALTERNATIVES REDEMPTION (MMDA1) BANK SWEEP WITHDRAWAL","","","","-$1774.44"
"01/31/2022","Journaled Shares","MMDA1","TDA TRAN - CASH ALTERNATIVES INTEREST (MMDA1)","0.37","","",""
"01/31/2022","Buy","GS","TDA TRAN - Bought 5 (GS) @354.8888","5","$354.8888","","-$1774.44"
"01/26/2022","Journaled Shares","","TDA TRAN - CASH ALTERNATIVES PURCHASE (MMDA1) BANK SWEEP DEPOSIT","","","","$22076.82"
"01/24/2022","Sell","XLE","TDA TRAN - Sold ...260 (XLE) @61.0450","260","$61.045","$0.11","$15871.59"
"01/24/2022","Sell","XLRE","TDA TRAN - Sold ...135 (XLRE) @45.9650","135","$45.965","$0.05","$6205.23"
